articleID,domain,date,category,source,relation,F-type,label
1,bd-pratidin.com,2018-09-20 08:16:43,Sports,আফগান ক্রিকেট বোর্ড (এসিবি) প্রধান,Related,,1.0
2,jugantor.com,2018-09-20 20:20:20,Sports,Reporter,Related,,1.0
3,bd24live.com,2018-09-20 16:39:40,National,Reporter,Related,,1.0
4,bd24live.com,2018-09-19 18:27:56,National,জননিরাপত্তা বিভাগের সচিব,Related,,1.0
5,somoynews.tv,2018-09-20 10:15:28,Finance,পেট্রোল পাম্প মালিক সমিতি সভাপতি,Related,,1.0
6,samakal.com,2018-09-22 18:01:42,National,প্রধান নির্বাচন কমিশনার (সিইসি),Related,,1.0
7,channelionline.com,2018-09-20 15:40:46,Sports,Not Found,Related,,1.0
8,ittefaq.com.bd,2018-09-20 16:50:33,National,শিক্ষামন্ত্রী,Related,,1.0
9,rtnn.net,2018-09-22 07:08:40,National,প্রধানমন্ত্রী,Related,,1.0
10,dhakatimes24.com,2018-09-21 22:11:33,Sports,reporter,Related,,1.0
11,bd24live.com,2018-09-20 14:51:53,National,স্বাস্থ্যমন্ত্রী,Related,,1.0
12,dhakatimes24.com,2018-09-20 20:11:35,Miscellaneous,সোনালী ব্যাংক লিমিটেড ওয়েবসাই,Related,,1.0
13,rtnn.net,2018-09-21 08:21:25,International,তুরস্কের প্রেসিডেন্ট,Related,,1.0
14,channelionline.com,2018-09-20 12:39:09,Sports,"মাশরাফী,  বিসিবি",Related,,1.0
15,jagonews24.com,2018-09-20 14:12:33,International,বিবিসি ওয়ার্ল্ড,Related,,1.0
16,jagonews24.com,2018-09-20 18:24:22,Entertainment,অভিনেত্রী,Related,,1.0
17,channelionline.com,2018-09-20 17:26:06,Sports,reporter,Related,,1.0
18,ittefaq.com.bd,2018-09-21 16:49:24,Sports,Reporter,Related,,1.0
19,rtnn.net,2018-09-23 17:22:30,International,reporter,Related,,1.0
20,risingbd.com,2018-09-20 11:16:20,Sports,Reporter,Related,,1.0
21,bd-pratidin.com,2018-09-22 08:16:47,International,রাশিয়ার পররাষ্ট্রমন্ত্রী,Related,,1.0
22,dhakatimes24.com,2018-09-22 14:23:12,International,বিবিসি,Related,,1.0
23,dailyjanakantha.com,2018-09-19 19:36:53,National,জেলা পুলিশ সুপার,Related,,1.0
24,rtnn.net,2018-09-21 12:34:59,National,প্রধানমন্ত্রীর কার্যালয়,Related,,1.0
25,kalerkantho.com,2018-09-22 02:13:40,International,reporter,Related,,1.0
26,banglanews24.com,2018-09-21 14:37:29,Finance,Reporter,Related,,1.0
27,kalerkantho.com,2018-09-21 02:13:52,Miscellaneous,Reporter,Related,,1.0
28,banglanews24.com,2018-09-22 19:53:46,Editorial,reporter,Related,,1.0
29,samakal.com,2018-09-22 17:26:13,Miscellaneous,সংবাদ বিজ্ঞপ্তি,Related,,1.0
30,banglatribune.com,2018-09-20 18:07:46,Education,হলের প্রাধ্যক্ষ,Related,,1.0
31,banglanews24.com,2018-09-20 16:20:47,National,"ভান্ডারবাড়ী ইউনিয়নের চেয়ারম্যান ,",Related,,1.0
32,banglanews24.com,2018-09-22 23:01:39,National,উত্তর জেলা আওয়ামীলীগের সাধারণ সম্পাদক,Related,,1.0
33,bd-pratidin.com,2018-09-20 08:16:45,Sports,reporter,Related,,1.0
34,mzamin.com,2018-09-22 23:53:07,Miscellaneous,Journalist,Related,,1.0
35,prothomalo.com,2018-09-21 13:37:33,Editorial,"গওহার নঈম ওয়ারা, লেখক ও গবেষক",Related,,1.0
36,dhakatimes24.com,2018-09-20 08:59:59,National,সিলেট কাস্টমস এক্সাইস ও ভ্যাট কমিশনারেটের অতিরিক্ত কমিশনার,Related,,1.0
37,jagonews24.com,2018-09-20 17:48:34,National,reporter,Related,,1.0
38,bd24live.com,2018-09-22 16:04:05,National,reporter,Related,,1.0
39,bangla.bdnews24.com,2018-09-22 17:13:46,Technology,টুইটার,Related,,1.0
40,kalerkantho.com,2018-09-19 23:50:08,National,মানবাধিকার পরিষদে ইউরোপীয় ইউনিয়ন (ইইউ),Related,,1.0
41,somoynews.tv,2018-09-19 18:18:44,National,সুখী পরিবার সংস্থার চেয়ারম্যান,Related,,1.0
42,kalerkantho.com,2018-09-20 11:14:01,National,আবহাওয়া অধিদপ্তর,Related,,1.0
43,kalerkantho.com,2018-09-20 10:01:45,National,ঢাকা মেট্রোপলিটন পুলিশের (ডিএমপি) উত্তরা জোনের সহকারী কমিশনার (এসি),Related,,1.0
44,mzamin.com,2018-09-25 21:17:08,National,দুর্নীতি দমন কমিশনে (দুদক),Related,,1.0
45,kalerkantho.com,2018-09-22 12:25:56,Politics,reporter,Related,,1.0
46,kalerkantho.com,2018-09-20 13:37:55,International,হাতিয়া থানার ওসি,Related,,1.0
48,ittefaq.com.bd,2018-09-20 03:01:19,Crime,আদালত,Related,,1.0
49,prothomalo.com,2018-09-20 12:25:57,Editorial,প্রথম আলোর যুগ্ম সম্পাদক,Related,,1.0
50,dhakatimes24.com,2018-09-20 21:36:14,National,Reporter,Related,,1.0
51,prothomalo.com,2018-09-20 11:13:47,Entertainment,Reporter,Related,,1.0
52,ittefaq.com.bd,2018-09-20 15:41:41,Entertainment,Reporter,Related,,1.0
53,risingbd.com,2018-09-20 20:53:07,National,স্বাস্থ্যমন্ত্রী,Related,,1.0
54,dhakatimes24.com,2018-09-22 10:10:21,Sports,reporter,Related,,1.0
55,ittefaq.com.bd,2018-09-21 09:02:43,International,reporter,Related,,1.0
56,bd24live.com,2018-09-21 09:27:51,National,Reporter,Related,,1.0
57,independent24.com,2018-09-25 07:50:55,Sports,reporter,Related,,1.0
58,ittefaq.com.bd,2018-09-22 12:39:40,International,নিউ ইয়র্ক টাইমস,Related,,1.0
59,prothomalo.com,2018-09-22 13:37:41,National,দলীয় সূত্র,Related,,1.0
60,prothomalo.com,2018-09-21 13:02:03,Editorial,writer,Related,,1.0
61,risingbd.com,2018-09-20 12:28:39,National,প্রধান বিচারপতি,Related,,1.0
62,ittefaq.com.bd,2018-09-20 16:15:48,International,"জাপান টাইমস, এএফপি, বাসস",Related,,1.0
63,banglatribune.com,2018-09-21 09:03:16,Lifestyle,Reporter,Related,,1.0
64,ittefaq.com.bd,2018-09-21 13:14:29,International,পুলিশ,Related,,1.0
65,dailyjanakantha.com,2018-09-22 11:48:57,Finance,রাজধানীর কারওয়ান বাজার,Related,,1.0
66,dhakatimes24.com,2018-09-22 17:23:42,National,অতিরিক্ত পুলিশ সুপার,Related,,1.0
67,risingbd.com,2018-09-19 21:28:51,National,স্বরাষ্ট্রমন্ত্রী,Related,,1.0
68,independent24.com,2018-09-19 21:02:59,International,Not Found,Related,,1.0
69,banglatribune.com,2018-09-20 15:07:50,National,জাপার কো-চেয়ারম্যান জিএম কাদের,Related,,1.0
70,independent24.com,2018-09-23 11:27:47,National,reporter,Related,,1.0
71,kalerkantho.com,2018-09-21 14:14:03,Miscellaneous,BBC,Related,,1.0
72,bd24live.com,2018-09-20 11:15:57,National,ডিপিই’র মহাপরিচালক,Related,,1.0
74,banglanews24.com,2018-09-20 00:42:27,Finance,পরিকল্পনামন্ত্রী,Related,,1.0
75,bd24live.com,2018-09-19 18:27:56,National,জননিরাপত্তা বিভাগের সচিব,Related,,1.0
76,ittefaq.com.bd,2018-09-19 19:51:06,International,নাইজেরিয়ার কৃষি ও পল্লী উন্নয়ন প্রতিমন্ত্রী,Related,,1.0
77,bangla.bdnews24.com,2018-09-20 12:25:45,Sports,Reporter,Related,,1.0
78,banglatribune.com,2018-09-20 20:40:48,Education,"ব্যাংক কর্মকর্তা, ভর্তি পরীক্ষা কমিটির সভাপতি ও স্থাপত্য ও পরিকল্পনা অনুষদের ডিন",Related,,1.0
80,ittefaq.com.bd,2018-09-20 10:15:53,Sports,reporter,Related,,1.0
81,kalerkantho.com,2018-09-21 02:13:51,National,বাংলাদেশ বনসাই সোসাইটি,Related,,1.0
82,ittefaq.com.bd,2018-09-20 03:01:30,National,বিএসটিআই,Related,,1.0
83,prothomalo.com,2018-09-20 16:02:02,Entertainment,Not Found,Related,,1.0
84,bd24live.com,2018-09-20 08:51:21,International,তুরস্কের পররাষ্ট্রমন্ত্রী,Related,,1.0
85,independent24.com,2018-09-25 07:50:45,Sports,reporter,Related,,1.0
86,kalerkantho.com,2018-09-20 02:13:53,National,সংগঠনের সভাপতি মহিউদ্দীন আহমেদ,Related,,1.0
87,rtnn.net,2018-09-24 15:45:04,Politics,জামায়াতে ইসলামীর সেক্রেটারী জেনারেল ডা. শফিকুর রহমান,Related,,1.0
88,dailynayadiganta.com,2018-09-19 19:02:45,Sports,reporter,Related,,1.0
89,kalerkantho.com,2018-09-19 21:26:05,Miscellaneous,Reporter,Related,,1.0
90,ittefaq.com.bd,2018-09-19 18:38:01,National,উপজেলা শিক্ষা অফিসার একেএম হারুন অর রশিদ,Related,,1.0
91,jagonews24.com,2018-09-20 02:12:29,Education,reporter,Related,,1.0
92,bangla.bdnews24.com,2018-09-19 20:13:45,National,শেখ হাসিনা,Related,,1.0
93,dailyjanakantha.com,2018-09-20 20:49:00,National,reporter,Related,,1.0
94,rtnn.net,2018-09-21 06:33:15,National,আইনজীবী অ্যাডভোকেট ইউনুছ আলী আকন্দ,Related,,1.0
95,bd24live.com,2018-09-20 16:39:39,National,ময়নামতি হাইওয়ে থানা পুলিশের এস আই,Related,,1.0
96,rtnn.net,2018-09-22 18:35:00,International,মালয়েশিয়ার দুর্নীতি-বিরোধী কমিশন (এমএসিসি),Related,,1.0
97,banglanews24.com,2018-09-20 09:04:32,Editorial,Reporter,Related,,1.0
98,bangla.thereport24.com,2018-09-21 13:05:18,Sports,Reporter,Related,,1.0
99,samakal.com,2018-09-22 15:36:55,National,যশোর কোতোয়ালি থানার ভারপ্রাপ্ত কর্মকর্তা (ওসি),Related,,1.0
100,banglanews24.com,2018-09-22 18:45:07,National,reporter,Related,,1.0
101,dhakatimes24.com,2018-09-21 16:46:50,National,Reporter,Related,,1.0
102,banglanews24.com,2018-09-22 18:45:04,Politics,reporter,Related,,1.0
103,dailynayadiganta.com,2018-09-20 16:38:34,Finance,অর্থনৈতিক সম্পর্ক বিভাগ,Related,,1.0
104,independent24.com,2018-09-22 18:40:37,National,নিউইয়র্ক টাইমস,Related,,1.0
105,banglanews24.com,2018-09-22 15:13:46,Entertainment,তৃতীয় লিঙ্গের শিল্পী জান্নাত,Related,,1.0
106,somoynews.tv,2018-09-19 18:18:02,National,Reporter,Related,,1.0
107,jagonews24.com,2018-09-22 16:00:41,Entertainment,Not Found,Related,,1.0
108,dhakatimes24.com,2018-09-20 11:23:26,Miscellaneous,ফেসবুক,Related,,1.0
109,banglanews24.com,2018-09-21 22:53:01,Education,reporter,Related,,1.0
110,bangla.bdnews24.com,2018-09-21 10:01:28,National,প্রধানমন্ত্রী,Related,,1.0
111,dhakatimes24.com,2018-09-22 16:52:19,Lifestyle,Reporter,Related,,1.0
112,banglanews24.com,2018-09-19 23:30:07,Politics,বিএনপির স্থায়ী কমিটির সদস্য,Related,,1.0
113,bangla.bdnews24.com,2018-09-20 19:01:54,National,র‌্যাব-৭  ক্যাম্পের কোম্পানি অধিনায়ক মেজর,Related,,1.0
114,jagonews24.com,2018-09-22 10:36:23,Politics,"আওয়ামী লীগ সাধারণ সম্পাদক, সড়ক পরিবহন ও সেতুমন্ত্রী",Related,,1.0
115,dailyjanakantha.com,2018-09-21 17:13:16,International,সোশ্যাল মিডিয়া,Related,,1.0
116,banglanews24.com,2018-09-20 17:34:29,National,আফগান ক্রিকেট বোর্ড (এসিবি) প্রধান,Related,,1.0
117,bangla.bdnews24.com,2018-09-19 23:13:22,National,মামলার তদন্ত কর্মকর্তা,Related,,1.0
118,mzamin.com,2018-09-23 22:05:34,National,সম্পাদক পরিষদের সাধারণ সম্পাদক ও ইংরেজি দৈনিক ‘দ্য ডেইলি স্টার’-এর সম্পাদক,Related,,1.0
119,somoynews.tv,2018-09-22 08:24:39,International,কেম্যান দ্বীপপুঞ্জের গভর্নর অফিস,Related,,1.0
120,prothomalo.com,2018-09-20 14:49:34,Technology,গ্রামীণফোন,Related,,1.0
121,dhakatimes24.com,2018-09-20 18:00:21,Crime,আদালত,Related,,1.0
122,banglanews24.com,2018-09-22 18:44:56,National,Reporter,Related,,1.0
123,jugantor.com,2018-09-21 22:43:44,Editorial,reporter,Related,,1.0
124,jagonews24.com,2018-09-21 19:00:25,Sports,reporter,Related,,1.0
125,jugantor.com,2018-09-20 13:43:31,Editorial,আনন্দবাজারপত্রিকা,Related,,1.0
126,bd24live.com,2018-09-21 20:15:44,National,Reporter,Related,,1.0
127,independent24.com,2018-09-24 09:01:09,Sports,reporter,Related,,1.0
128,jugantor.com,2018-09-22 21:34:04,Editorial,মালয়েশিয়ার অভিবাসন দফতরের মহাপরিচালক,Related,,1.0
129,samakal.com,2018-09-22 17:26:04,National,হাইওয়ে শেরপুর থানার উপপরিদর্শক (এসআই),Related,,1.0
130,dailynayadiganta.com,2018-09-20 20:14:28,National,নলডাঙ্গা থানার ভারপ্রাপ্ত কর্মকর্তা (ওসি),Related,,1.0
131,jugantor.com,2018-09-22 20:22:16,Editorial,reporter,Related,,1.0
132,risingbd.com,2018-09-22 14:52:22,National,Reporter,Related,,1.0
133,dailynayadiganta.com,2018-09-20 19:03:02,Politics,জেএসডি সাধারণ সম্পাদক,Related,,1.0
134,kalerkantho.com,2018-09-19 18:25:57,National,Journalist,Related,,1.0
135,kalerkantho.com,2018-09-21 17:14:11,International,গোপালগঞ্জ সদর থানার বৌলতলী পুলিশ,Related,,1.0
136,independent24.com,2018-09-21 14:26:54,National,ইলিয়াস কাঞ্চন,Related,,1.0
137,independent24.com,2018-09-24 16:27:54,National,reporter,Related,,1.0
139,somoynews.tv,2018-09-19 18:17:34,Sports,Reporter,Related,,1.0
140,channelionline.com,2018-09-21 13:13:48,National,reporter,Related,,1.0
141,somoynews.tv,2018-09-22 13:14:49,National,বাংলাদেশ   বার কাউন্সিলের ভাইস চেয়ারম্যান,Related,,1.0
142,samakal.com,2018-09-22 15:36:53,Lifestyle,"বিভাগীয় প্রধান, ইএনটি অ্যান্ড হেড-নেক সার্জারি বিভাগ, স্যার সলিমুল্লাহ মেডিকেল কলেজ ও মিটফোর্ড হাসপাতাল, ঢাকা",Related,,1.0
143,jugantor.com,2018-09-22 10:42:30,Editorial,বিএনপির দায়িত্বশীল পর্যায়ের একজন নেতা,Related,,1.0
144,ittefaq.com.bd,2018-09-20 02:24:58,National,বাকলিয়া থানার ভারপ্রাপ্ত কর্মকর্তা,Related,,1.0
145,banglatribune.com,2018-09-21 18:38:13,Sports,reporter,Related,,1.0
146,banglatribune.com,2018-09-20 12:41:21,International,মার্কিন প্রেসিডেন্ট,Related,,1.0
147,kalerkantho.com,2018-09-21 13:37:50,International,reporter,Related,,1.0
148,prothomalo.com,2018-09-20 18:25:47,Technology,reporter,Related,,1.0
149,kalerkantho.com,2018-09-22 09:25:48,Sports,reporter,Related,,1.0
150,jagonews24.com,2018-09-19 12:46:00,International,reporter,Related,,1.0
151,ittefaq.com.bd,2018-09-21 12:38:34,National,reporter,Related,,1.0
152,mzamin.com,2018-09-26 22:32:33,National,reporter,Related,,1.0
153,channelionline.com,2018-09-21 11:26:41,National,reporter,Related,,1.0
154,banglanews24.com,2018-09-22 16:18:09,International,পরিবহন মন্ত্রী,Related,,1.0
155,samakal.com,2018-09-22 20:28:16,Sports,reporter,Related,,1.0
156,rtnn.net,2018-09-23 13:11:50,Sports,Reporter,Related,,1.0
157,bangla.thereport24.com,2018-09-20 13:41:21,Crime,Reporter,Related,,1.0
158,kalerkantho.com,2018-09-22 08:13:24,International,বঙ্গবন্ধু পরিষদের সাধারণ সম্পাদক,Related,,1.0
159,dailynayadiganta.com,2018-09-20 20:01:51,Sports,Reporter,Related,,1.0
160,banglanews24.com,2018-09-22 18:44:52,National,বাংলাদেশের ওয়ানডে অধিনায়ক,Related,,1.0
161,dhakatimes24.com,2018-09-21 08:22:27,National,ক্যাম্প কমান্ডার,Related,,1.0
162,bd-pratidin.com,2018-09-21 22:06:31,National,reporter,Related,,1.0
163,jagonews24.com,2018-09-19 14:03:00,Sports,reporter,Related,,1.0
164,ittefaq.com.bd,2018-09-21 15:03:20,National,Reporter,Related,,1.0
165,rtnn.net,2018-09-24 00:04:44,Sports,Reporter,Related,,1.0
166,independent24.com,2018-09-25 07:50:46,Sports,reporter,Related,,1.0
167,samakal.com,2018-09-22 15:36:53,Lifestyle,reporter,Related,,1.0
168,banglanews24.com,2018-09-22 18:44:59,Education,Reporter,Related,,1.0
169,bd24live.com,2018-09-20 22:40:50,National,পুলিশ হেডকোয়াটার্স,Related,,1.0
170,jagonews24.com,2018-09-20 11:48:23,International,Not Found,Related,,1.0
171,banglatribune.com,2018-09-20 00:05:04,Sports,Reporter,Related,,1.0
172,ittefaq.com.bd,2018-09-22 14:27:34,National,মহালছড়ি থানার অফিসার ইনচার্জ,Related,,1.0
173,risingbd.com,2018-09-22 19:05:20,Finance,reporter,Related,,1.0
174,kalerkantho.com,2018-09-22 04:37:31,International,মাগুরা সদর থানার ভারপ্রাপ্ত কর্মকর্তা,Related,,1.0
175,channelionline.com,2018-09-19 22:16:51,National,"ডাক, টেলিযোগাযোগ ও তথ্যপ্রযুক্তি মন্ত্রী",Related,,1.0
176,samakal.com,2018-09-21 12:01:33,National,জাতিসংঘ,Related,,1.0
177,independent24.com,2018-09-22 11:27:06,National,reporter,Related,,1.0
178,ittefaq.com.bd,2018-09-20 04:13:03,International,যুক্তরাজ্যের পররাষ্ট্রমন্ত্রী,Related,,1.0
179,mzamin.com,2018-09-20 11:16:11,Miscellaneous,journalist,Related,,1.0
180,independent24.com,2018-09-23 00:39:46,International,Not Found,Related,,1.0
181,dhakatimes24.com,2018-09-21 22:11:28,National,আখাউড়া রেলওয়ে জংশনের (লোকোসেড) ঊর্ধ্বতন উপ-সহকারী প্রকৌশলী,Related,,1.0
182,ittefaq.com.bd,2018-09-21 07:49:07,Sports,Reporter,Related,,1.0
183,bd24live.com,2018-09-20 08:15:03,Finance,reporter,Related,,1.0
184,kalerkantho.com,2018-09-20 11:49:58,National,Reporter,Related,,1.0
185,somoynews.tv,2018-09-20 18:02:38,National,ঢাকায় বিশ্বব্যাংকের কান্ট্রি ডিরেক্টর,Related,,1.0
186,bangla.bdnews24.com,2018-09-19 18:25:27,National,চট্টগ্রাম নগর পুলিশের সহকারী কমিশনার (চকবাজার জোন) নোবেল চাকমা,Related,,1.0
187,banglanews24.com,2018-09-22 19:52:39,National,শৌলজালিয়া ইউনিয়ন পরিষদের (ইউপি) চেয়ারম্যান,Related,,1.0
188,independent24.com,2018-09-24 17:00:32,International,Not Found,Related,,1.0
189,mzamin.com,2018-09-21 01:40:01,Entertainment,চিত্রনায়ক,Related,,1.0
190,somoynews.tv,2018-09-21 18:37:24,National,কোস্টগার্ড পশ্চিম জোন’র  (মোংলা) অপারেশন অফিসার,Related,,1.0
191,somoynews.tv,2018-09-22 01:12:42,Sports,reporter,Related,,1.0
192,bd-pratidin.com,2018-09-22 04:40:04,Miscellaneous,সোশ্যাল মিডিয়ায়,Related,,1.0
193,banglatribune.com,2018-09-20 17:29:43,National,Reporter,Related,,1.0
194,banglanews24.com,2018-09-19 18:40:53,Politics,Reporter,Related,,1.0
195,ittefaq.com.bd,2018-09-21 19:14:01,Sports,reporter,Related,,1.0
196,dhakatimes24.com,2018-09-19 21:00:29,National,reporter,Related,,1.0
197,prothomalo.com,2018-09-19 18:25:30,Sports,journalist,Related,,1.0
198,risingbd.com,2018-09-21 14:16:17,Miscellaneous,reporter,Related,,1.0
199,jagonews24.com,2018-09-20 10:36:32,International,মালয়েশিয়া পুলিশের সহকারী মহাপরিদর্শক,Related,,1.0
200,banglatribune.com,2018-09-21 16:30:10,National,বিএনপির জাতীয় স্থায়ী কমিটির সদস্য,Related,,1.0
201,bangla.bdnews24.com,2018-09-20 17:13:44,National,লালবাগ জোনের পুলিশের বিশেষ শাখার পরিদর্শক,Related,,1.0
202,banglanews24.com,2018-09-21 02:28:34,National,Reporter,Related,,1.0
203,mzamin.com,2018-09-20 16:05:23,National,আইনজীবী নুরুজ্জামান তপন,Related,,1.0
204,samakal.com,2018-09-23 16:51:15,National,মাদকদ্রব্য নিয়ন্ত্রণ অধিদফতরের সহকারী পরিচালক,Related,,1.0
205,jugantor.com,2018-09-20 15:33:06,Editorial,"বন্যাকবলিত এলাকার বাসিন্দা,জেলা প্রশাসক",Related,,1.0
206,somoynews.tv,2018-09-19 21:38:54,Technology,"ডাক, টেলিযোগাযোগ ও তথ্যপ্রযুক্তি মন্ত্রী",Related,,1.0
207,samakal.com,2018-09-22 18:38:23,Entertainment,আফজাল শরীফ,Related,,1.0
208,ittefaq.com.bd,2018-09-22 13:15:25,National,পুলিশ,Related,,1.0
209,kalerkantho.com,2018-09-20 17:14:14,Technology,সফটওয়্যার নির্মাতা প্রতিষ্ঠান পাওয়ার পয়েন্ট টেকনোলজিসের সিইও,Related,,1.0
210,risingbd.com,2018-09-21 11:16:39,National,reporter,Related,,1.0
211,prothomalo.com,2018-09-21 14:49:26,Entertainment,ফেসবুক,Related,,1.0
212,prothomalo.com,2018-09-20 13:01:32,National,কুড়িগ্রামের পুলিশ সুপার,Related,,1.0
213,bd24live.com,2018-09-21 08:15:22,National,স্বাস্থ্যমন্ত্রী,Related,,1.0
214,independent24.com,2018-09-24 18:08:12,National,reporter,Related,,1.0
215,independent24.com,2018-09-22 09:37:43,National,সংসদ,Related,,1.0
216,rtnn.net,2018-09-21 23:23:48,National,আনন্দ বাজার,Related,,1.0
217,prothomalo.com,2018-09-21 19:01:45,National,আওয়ামী লীগের যুগ্ম সাধারণ সম্পাদক,Related,,1.0
218,banglanews24.com,2018-09-20 07:51:28,Sports,জিও টিভি,Related,,1.0
219,ittefaq.com.bd,2018-09-20 11:26:29,International,রয়টার্স,Related,,1.0
220,channelionline.com,2018-09-22 16:14:36,Technology,বাংলাদেশ টেলিযোগাযোগ নিয়ন্ত্রণ কমিশন (,Related,,1.0
221,independent24.com,2018-09-24 15:54:48,National,reporter,Related,,1.0
222,bd24live.com,2018-09-20 08:51:22,Miscellaneous,আশুলিয়া থানার ভারপ্রাপ্ত কর্মকর্তা,Related,,1.0
223,kalerkantho.com,2018-09-19 22:02:32,International,মামালার তদন্তকারী কর্মকর্তা নারুলী ফাঁড়ির এসআই আব্দুল হাই,Related,,1.0
224,bd-pratidin.com,2018-09-19 23:53:25,National,স্বরাষ্ট্রমন্ত্রী,Related,,1.0
225,bd24live.com,2018-09-19 23:51:42,National,সংসদীয় স্থায়ী কমিটির সদস্য ও সমাজকল্যাণমন্ত্রী,Related,,1.0
226,banglatribune.com,2018-09-22 17:40:02,National,কুষ্টিয়া জেলা মিনিবাস মালিক সমিতির সভাপতি,Related,,1.0
227,jugantor.com,2018-09-22 09:30:28,Editorial,reporter,Related,,1.0
228,banglanews24.com,2018-09-21 19:53:27,National,আবু রায়হান বিরুণী ফাউন্ডেশনের চেয়ারম্যান,Related,,1.0
229,banglatribune.com,2018-09-20 13:15:00,Miscellaneous,Not Found,Related,,1.0
230,bangla.bdnews24.com,2018-09-20 08:13:09,Sports,Reporter,Related,,1.0
231,banglanews24.com,2018-09-22 16:59:32,Sports,বিসিবি,Related,,1.0
232,prothomalo.com,2018-09-20 15:26:36,National,ডাসার থানার পরিদর্শক (তদন্ত),Related,,1.0
233,ittefaq.com.bd,2018-09-20 09:01:34,National,জাতীয় রাজস্ব বোর্ড,Related,,1.0
234,bd24live.com,2018-09-21 09:27:49,National,সদর উপজেলা সহকারী কমিশনার (ভূমি),Related,,1.0
235,somoynews.tv,2018-09-22 10:13:36,National,বিকল্পধারা সভাপতি,Related,,1.0
236,banglatribune.com,2018-09-20 12:05:14,International,পার্স টুডে,Related,,1.0
237,banglanews24.com,2018-09-22 12:43:14,Entertainment,সামাজিক যোগাযোগ মাধ্যম,Related,,1.0
238,ittefaq.com.bd,2018-09-20 21:03:46,National,Reporter,Related,,1.0
239,banglanews24.com,2018-09-22 18:13:12,International,আন্তর্জাতিক সংবাদমাধ্যম,Related,,1.0
240,jagonews24.com,2018-09-19 13:45:00,National,অর্থমন্ত্রী,Related,,1.0
241,mzamin.com,2018-09-20 20:16:18,Sports,journalist,Related,,1.0
242,risingbd.com,2018-09-20 17:53:25,Editorial,বাংলালিংকের অ্যাক্টিং চিফ কমার্শিয়াল অফিসার,Related,,1.0
243,jugantor.com,2018-09-20 22:07:47,Editorial,Reporter,Related,,1.0
244,independent24.com,2018-09-21 15:03:05,National,নাঙ্গলকোট থানার তদন্ত কর্মকর্তা,Related,,1.0
245,dhakatimes24.com,2018-09-19 19:11:38,Miscellaneous,প্রতিরক্ষা মন্ত্রণালয় ওয়েবসাইট,Related,,1.0
246,banglanews24.com,2018-09-21 20:37:42,National,নানিয়ারচর থানার ভারপ্রাপ্ত কর্মকর্তা (ওসি),Related,,1.0
247,banglanews24.com,2018-09-22 16:59:31,Finance,reporter,Related,,1.0
248,banglanews24.com,2018-09-21 10:17:35,National,জেলা প্রশাসক,Related,,1.0
249,dailynayadiganta.com,2018-09-22 16:02:33,Sports,Reporter,Related,,1.0
250,bd-pratidin.com,2018-09-22 11:18:30,Sports,reporter,Related,,1.0
251,prothomalo.com,2018-09-21 23:50:49,International,তানজানিয়ার সরকারি কর্মকর্তারা,Related,,1.0
252,bangla.bdnews24.com,2018-09-21 09:25:37,National,গোয়েন্দা পুলিশের অতিরিক্ত উপ-কমিশনার,Related,,1.0
253,banglatribune.com,2018-09-20 20:33:19,Sports,Reporter,Related,,1.0
254,dailyjanakantha.com,2018-09-20 13:01:00,Entertainment,আনুশকা,Related,,1.0
255,bd-pratidin.com,2018-09-20 08:16:44,Sports,বিসিসিআই,Related,,1.0
256,bangla.thereport24.com,2018-09-19 22:42:33,International,বিবিসি,Related,,1.0
257,banglatribune.com,2018-09-19 21:04:05,National,ব্রাহ্মণপাড়া থানার ওসি,Related,,1.0
258,bangla.bdnews24.com,2018-09-19 19:01:39,Sports,Reporter,Related,,1.0
259,independent24.com,2018-09-22 11:27:06,Sports,reporter,Related,,1.0
260,channelionline.com,2018-09-23 17:25:44,National,ভিডিও,Related,,1.0
261,bd24live.com,2018-09-20 09:27:33,National,Reporter,Related,,1.0
262,ittefaq.com.bd,2018-09-21 21:02:03,National,নির্বাহী ম্যাজিস্ট্রেট,Related,,1.0
263,prothomalo.com,2018-09-20 22:37:46,International,এএফপি,Related,,1.0
264,jugantor.com,2018-09-20 13:07:12,Editorial,মালয়েশিয়া পুলিশের উপমহাপরিদর্শক,Related,,1.0
265,ittefaq.com.bd,2018-09-20 11:26:37,International,ন্যাশনাল জিওগ্রাফিক,Related,,1.0
266,mzamin.com,2018-09-25 21:17:05,National,গণফোরাম সভাপতি,Related,,1.0
267,dailyjanakantha.com,2018-09-20 18:25:00,Finance,ঢাকা ও চট্টগ্রাম স্টক এক্সচেঞ্জ,Related,,1.0
268,bd24live.com,2018-09-20 00:28:22,National,বৈদেশিক ও কর্মসংস্থান মন্ত্রী,Related,,1.0
269,dhakatimes24.com,2018-09-20 17:23:48,Politics,বিএনপি নেতা,Related,,1.0
270,dailynayadiganta.com,2018-09-20 10:38:36,International,বিবিসি,Related,,1.0
271,somoynews.tv,2018-09-20 12:39:28,International,আল-জাজিরা,Related,,1.0
272,dhakatimes24.com,2018-09-22 08:23:22,National,রাষ্ট্রপতির প্রেস সচিব,Related,,1.0
273,independent24.com,2018-09-24 16:27:53,Sports,reporter,Related,,1.0
274,kalerkantho.com,2018-09-19 19:02:02,International,Reporter,Related,,1.0
275,bangla.bdnews24.com,2018-09-22 17:13:45,International,এনডিটিভি,Related,,1.0
276,jagonews24.com,2018-09-19 12:58:00,National,বাবুগঞ্জ থানা পুলিশের ওসি,Related,,1.0
277,banglanews24.com,2018-09-20 13:58:46,Sports,Reporter,Related,,1.0
278,jagonews24.com,2018-09-22 13:00:25,Miscellaneous,reporter,Related,,1.0
279,dailyjanakantha.com,2018-09-22 13:37:09,Technology,বিবিসি,Related,,1.0
280,bd-pratidin.com,2018-09-20 20:17:51,Sports,Reporter,Related,,1.0
281,prothomalo.com,2018-09-19 21:25:47,Sports,Journalist,Related,,1.0
282,bangla.thereport24.com,2018-09-20 13:41:18,International,বিবিসির,Related,,1.0
283,bd-pratidin.com,2018-09-22 21:32:00,National,Reporter,Related,,1.0
284,jugantor.com,2018-09-22 17:55:18,National,Reporter,Related,,1.0
285,kalerkantho.com,2018-09-21 19:39:05,Miscellaneous,সোশ্যাল মিডিয়া,Related,,1.0
286,dailynayadiganta.com,2018-09-20 19:03:04,Politics,বাম গণতান্ত্রিক জোটের কেন্দ্রীয় পরিচালনা পরিষদ,Related,,1.0
287,kalerkantho.com,2018-09-20 12:26:08,Finance,অর্থ মন্ত্রণালয়ের অতিরিক্ত সচিব,Related,,1.0
288,dhakatimes24.com,2018-09-20 19:11:45,National,সিসিবিভিওর প্রকল্প সমন্বয়ক,Related,,1.0
289,banglanews24.com,2018-09-20 19:16:19,Crime,"উপজেলা নির্বাহী কর্মকর্তা,ডাসার থানা সূত্র",Related,,1.0
290,rtnn.net,2018-09-24 07:44:47,Politics,গনসংহতি আন্দোলনের কেন্দ্রীয় পরিচালনা কমিটির সদস্য এবং ভারপ্রাপ্ত নির্বাহী সমন্বয়কারী আবুল হাসান,Related,,1.0
291,dhakatimes24.com,2018-09-21 23:24:38,Politics,যুক্তফ্রন্টের নেতা,Related,,1.0
292,banglatribune.com,2018-09-20 10:53:48,National,বাকলিয়া থানার ভারপ্রাপ্ত কর্মকর্তা (ওসি),Related,,1.0
293,dhakatimes24.com,2018-09-20 12:36:28,Technology,Reporter,Related,,1.0
294,kalerkantho.com,2018-09-20 14:49:57,International,বাসস,Related,,1.0
295,dailyjanakantha.com,2018-09-20 02:13:05,National,প্রধানমন্ত্রী,Related,,1.0
296,bangla.bdnews24.com,2018-09-22 01:37:18,Technology,প্রযুক্তি সাইটটির প্রতিবেদন,Related,,1.0
297,dailyjanakantha.com,2018-09-22 11:13:14,Sports,reporter,Related,,1.0
298,ittefaq.com.bd,2018-09-19 18:19:54,National,তথ্য ও যোগাযোগ প্রযুক্তি প্রতিমন্ত্রী,Related,,1.0
299,dailyjanakantha.com,2018-09-21 13:01:18,National,আগ্রাবাদ ফায়ার স্টেশনের উপ-সহকারী পরিচালক,Related,,1.0
300,mzamin.com,2018-09-20 22:41:07,National,আইনজীবী মাসুদ আহমেদ তালুকদার ও সানাউল্লাহ মিয়া,Related,,1.0
301,ittefaq.com.bd,2018-09-20 09:01:33,International,ফক্স নিউজ,Related,,1.0
302,prothomalo.com,2018-09-22 00:25:38,Sports,reporter,Related,,1.0
303,jagonews24.com,2018-09-21 20:12:28,Politics,আওয়ামী লীগের সাধারণ সম্পাদক এবং সড়ক পরিবহন ও সেতুমন্ত্রী ওবায়দুল কাদের,Related,,1.0
304,somoynews.tv,2018-09-20 17:26:29,International,Reporter,Related,,1.0
305,jagonews24.com,2018-09-19 14:54:00,Sports,reporter,Related,,1.0
306,channelionline.com,2018-09-22 18:40:13,Entertainment,Reporter,Related,,1.0
307,bangla.bdnews24.com,2018-09-21 01:01:41,Sports,Reporter,Related,,1.0
308,somoynews.tv,2018-09-19 18:17:12,National,কাস্টমস,Related,,1.0
309,dhakatimes24.com,2018-09-21 22:11:34,Sports,reporter,Related,,1.0
310,banglatribune.com,2018-09-21 16:32:46,International,Reporter,Related,,1.0
311,samakal.com,2018-09-22 10:12:22,Sports,reporter,Related,,1.0
312,bd-pratidin.com,2018-09-21 17:53:58,National,Reporter,Related,,1.0
313,channelionline.com,2018-09-20 19:13:17,Entertainment,প্রধানমন্ত্রী,Related,,1.0
314,risingbd.com,2018-09-20 22:05:08,National,Reporter,Related,,1.0
315,banglatribune.com,2018-09-20 11:29:56,International,মার্কিন পররাষ্ট্র মন্ত্রণালয়,Related,,1.0
316,banglatribune.com,2018-09-20 16:51:08,International,হারেতজ,Related,,1.0
317,bd24live.com,2018-09-20 22:04:30,National,Reporter,Related,,1.0
318,bd-pratidin.com,2018-09-19 23:53:12,Entertainment,ববি,Related,,1.0
319,bangla.bdnews24.com,2018-09-22 13:01:32,Sports,বিসিবি,Related,,1.0
320,prothomalo.com,2018-09-20 20:13:45,International,বাংলাদেশের রাষ্ট্রদূত,Related,,1.0
321,bangla.bdnews24.com,2018-09-19 18:25:28,Lifestyle,Reporter,Related,,1.0
322,dhakatimes24.com,2018-09-20 16:12:53,Crime,আদালত,Related,,1.0
323,ittefaq.com.bd,2018-09-20 22:16:11,International,প্রেসিডেন্ট,Related,,1.0
324,channelionline.com,2018-09-19 20:26:41,National,প্রধানমন্ত্রী,Related,,1.0
325,bangla.bdnews24.com,2018-09-20 02:49:17,Politics,এরশাদ,Related,,1.0
326,dhakatimes24.com,2018-09-21 12:35:49,National,reporter,Related,,1.0
327,independent24.com,2018-09-21 15:03:01,Sports,reporter,Related,,1.0
328,kalerkantho.com,2018-09-22 13:37:59,National,ডিবি পুলিশ,Related,,1.0
329,dhakatimes24.com,2018-09-21 22:11:25,National,সদর থানার অফিসার ইনচার্জ (ওসি),Related,,1.0
330,mzamin.com,2018-09-19 19:40:41,Miscellaneous,সংসদ,Related,,1.0
331,ittefaq.com.bd,2018-09-20 15:41:40,International,দ্য হিন্দু,Related,,1.0
332,prothomalo.com,2018-09-20 23:49:33,Sports,reporter,Related,,1.0
333,bd24live.com,2018-09-19 22:05:30,National,এএফপি,Related,,1.0
334,dhakatimes24.com,2018-09-20 19:11:37,National,সিরাজগঞ্জ পানি উন্নয়ন বোর্ডের নির্বাহী প্রকৌশলী,Related,,1.0
335,dhakatimes24.com,2018-09-20 17:23:15,Sports,Reporter,Related,,1.0
336,ittefaq.com.bd,2018-09-19 18:20:04,Editorial,reporter,Related,,1.0
337,bangla.bdnews24.com,2018-09-20 01:01:45,Sports,বিসিবির প্রধান নির্বাহী নিজাম উদ্দিন চৌধুরী,Related,,1.0
338,kalerkantho.com,2018-09-20 20:14:06,Sports,reporter,Related,,1.0
339,kalerkantho.com,2018-09-20 22:02:08,National,Reporter,Related,,1.0
340,prothomalo.com,2018-09-19 17:51:06,National,Journalist,Related,,1.0
341,bd-pratidin.com,2018-09-19 23:53:16,National,জাতিসংঘের মানবাধিকার কাউন্সিল,Related,,1.0
342,ittefaq.com.bd,2018-09-21 18:37:50,Education,বিএনসিসি কুমিল্লা বিশ্ববিদ্যালয় প্লাটুন ৯ বিএনসিসি ব্যাটালিয়ন,Related,,1.0
343,dhakatimes24.com,2018-09-20 13:11:34,Sports,Reporter,Related,,1.0
344,kalerkantho.com,2018-09-20 12:26:02,National,ডবলমুরিং থানার পরিদর্শক (তদন্ত),Related,,1.0
345,banglatribune.com,2018-09-20 16:51:06,Lifestyle,Reporter,Related,,1.0
346,kalerkantho.com,2018-09-21 02:13:54,Politics,দলীয় সূত্র,Related,,1.0
347,dhakatimes24.com,2018-09-19 21:36:25,National,reporter,Related,,1.0
348,dhakatimes24.com,2018-09-22 11:24:08,Sports,reporter,Related,,1.0
349,jagonews24.com,2018-09-20 22:00:31,Sports,reporter,Related,,1.0
350,prothomalo.com,2018-09-20 16:37:40,International,reporter,Related,,1.0
351,kalerkantho.com,2018-09-21 08:49:40,National,মেয়রের একান্ত সহকারী,Related,,1.0
352,mzamin.com,2018-09-20 17:53:08,Miscellaneous,টিভি চ্যানেল টাইম টেলিভিশনকে,Related,,1.0
353,jagonews24.com,2018-09-20 16:00:26,Lifestyle,Reporter,Related,,1.0
354,somoynews.tv,2018-09-20 05:59:57,Sports,আফগান অধিনায়ক,Related,,1.0
355,kalerkantho.com,2018-09-21 19:02:06,International,গফরগাঁও থানার এসআই,Related,,1.0
356,prothomalo.com,2018-09-22 11:49:28,Finance,ব্যবসায়ী,Related,,1.0
357,jugantor.com,2018-09-19 23:53:46,Editorial,বাংলাদেশ মুঠোফোন গ্রাহক এসোসিয়েশন,Related,,1.0
358,bangla.bdnews24.com,2018-09-20 22:37:35,National,জাতীয় পার্টির নেত্রী,Related,,1.0
359,bangla.bdnews24.com,2018-09-20 13:01:25,Finance,Reporter,Related,,1.0
360,bangla.bdnews24.com,2018-09-22 14:13:22,National,বাগেরহাট হাইওয়ে পুলিশের এসআই,Related,,1.0
361,jugantor.com,2018-09-19 21:31:42,Editorial,Reporter,Related,,1.0
362,banglatribune.com,2018-09-22 11:27:40,National,পুলিশ,Related,,1.0
363,banglanews24.com,2018-09-20 06:39:35,Sports,তামিম ইকবাল,Related,,1.0
364,kalerkantho.com,2018-09-20 01:02:04,International,জাতীয় সংসদ,Related,,1.0
365,banglatribune.com,2018-09-22 13:17:50,National,সিইসি,Related,,1.0
366,kalerkantho.com,2018-09-22 08:49:28,National,শাহআলী থানার ভারপ্রাপ্ত কর্মকর্তা (ওসি),Related,,1.0
367,jugantor.com,2018-09-20 22:44:52,Editorial,বিশিষ্ট আইনজীবী ও গণফোরাম সভাপতি,Related,,1.0
368,ittefaq.com.bd,2018-09-22 18:40:56,Sports,reporter,Related,,1.0
369,jugantor.com,2018-09-20 22:07:03,Editorial,স্থানীয় কর্মকর্তা,Related,,1.0
370,dhakatimes24.com,2018-09-20 19:11:39,National,সিংড়া থানার ভারপ্রাপ্ত কর্মকর্তা,Related,,1.0
371,ittefaq.com.bd,2018-09-21 10:50:09,Sports,reporter,Related,,1.0
372,jagonews24.com,2018-09-20 11:48:22,National,Reporter,Related,,1.0
373,jugantor.com,2018-09-19 22:45:04,Editorial,জাতীয় পার্টির নেতা,Related,,1.0
374,bd24live.com,2018-09-19 20:16:24,National,থান্ট থ কাউং,Related,,1.0
375,dhakatimes24.com,2018-09-21 10:46:57,Sports,Reporter,Related,,1.0
376,risingbd.com,2018-09-20 16:40:11,International,মালয়েশিয়া পুলিশের উপমহাপরিদর্শক,Related,,1.0
377,dailyjanakantha.com,2018-09-22 16:37:01,National,তথ্যমন্ত্রী ও জাসদ সভাপতি,Related,,1.0
378,banglatribune.com,2018-09-20 20:30:52,Sports,Reporter,Related,,1.0
379,dailynayadiganta.com,2018-09-19 17:52:48,Politics,আওয়ামী লীগের সাধারণ সম্পাদক ও সেতুমন্ত্রী,Related,,1.0
380,jugantor.com,2018-09-22 17:54:20,Editorial,তাসনিম,Related,,1.0
381,rtnn.net,2018-09-24 18:34:40,Politics,আওয়ামী লীগের যুগ্ম সাধারণ সম্পাদক মাহবুব উল আলম হানিফ,Related,,1.0
382,banglatribune.com,2018-09-21 15:07:11,Miscellaneous,হায়েকোর একজন প্রকৌশলী,Related,,1.0
383,independent24.com,2018-09-24 15:54:48,Sports,reporter,Related,,1.0
384,banglatribune.com,2018-09-20 18:05:35,Miscellaneous,গোয়েন্দা সংস্থা,Related,,1.0
385,banglanews24.com,2018-09-20 21:06:48,Finance,ডিএসই,Related,,1.0
386,kalerkantho.com,2018-09-19 22:38:05,Finance,বাংলাদেশ ব্যাংকের প্রধান মুখপাত্র এম সিরাজুল ইসলাম,Related,,1.0
387,bd24live.com,2018-09-21 19:40:58,National,উপজেলা নির্বাহী অফিসার,Related,,1.0
388,ittefaq.com.bd,2018-09-20 12:04:55,Technology,reporter,Related,,1.0
389,banglanews24.com,2018-09-20 21:43:15,National,এএসপি সার্কেল,Related,,1.0
390,bangla.bdnews24.com,2018-09-19 22:01:42,National,কুক,Related,,1.0
391,risingbd.com,2018-09-22 15:28:14,Entertainment,অভিনেতা,Related,,1.0
392,channelionline.com,2018-09-21 16:13:36,Technology,ভিডিও,Related,,1.0
393,bd24live.com,2018-09-19 20:16:24,National,Reporter,Related,,1.0
394,bangla.thereport24.com,2018-09-21 11:52:38,National,বাসন থানার ওসি,Related,,1.0
395,jagonews24.com,2018-09-20 10:00:29,International,"দ্য গার্ডিয়ান, এনডিটিভি",Related,,1.0
396,banglatribune.com,2018-09-20 17:29:37,National,ইঞ্জিনিয়ার্স ইনস্টিটিউশন প্রেসিডেন্ট প্রকৌশলী,Related,,1.0
397,samakal.com,2018-09-23 15:03:31,Editorial,মোস্তফা কামাল,Related,,1.0
398,kalerkantho.com,2018-09-21 11:49:53,National,বাংলানিউজ,Related,,1.0
399,jagonews24.com,2018-09-19 15:24:00,Finance,সাসটেইনেবল ডেভেলপমেন্ট গোলস (এসডিজি),Related,,1.0
400,independent24.com,2018-09-21 10:14:25,National,reporter,Related,,1.0
401,banglanews24.com,2018-09-22 16:59:33,National,ডিএন‌সি‌সির প্রধান তথ্য কর্মকর্তা,Related,,1.0
402,independent24.com,2018-09-22 18:40:22,International,Not Found,Related,,1.0
403,jagonews24.com,2018-09-22 13:36:25,Education,ক্যাম্পাস সূত্র,Related,,1.0
404,risingbd.com,2018-09-20 14:52:34,Technology,জেডডিনেট,Related,,1.0
405,samakal.com,2018-09-21 16:48:18,Entertainment,গুলশান থানা পুলিশ,Related,,1.0
406,prothomalo.com,2018-09-20 19:02:02,Finance,reporter,Related,,1.0
407,somoynews.tv,2018-09-20 01:48:55,Sports,বাংলাদেশের ওয়ানডে অধিনায়ক,Related,,1.0
408,independent24.com,2018-09-23 13:17:01,National,reporter,Related,,1.0
409,dhakatimes24.com,2018-09-22 13:49:04,Sports,ইনস্টাগ্রাম,Related,,1.0
410,prothomalo.com,2018-09-19 21:25:43,National,Journalist,Related,,1.0
411,jugantor.com,2018-09-20 13:43:26,Editorial,দীনদয়াল ধামের সহসচিব,Related,,1.0
412,dailyjanakantha.com,2018-09-21 12:25:13,International,রয়টার্স,Related,,1.0
413,independent24.com,2018-09-25 07:50:55,Sports,reporter,Related,,1.0
414,somoynews.tv,2018-09-20 09:01:12,National,দর্শনার্থী,Related,,1.0
415,jagonews24.com,2018-09-19 14:53:00,National,বিএনপির প্রচার সম্পাদক,Related,,1.0
416,jugantor.com,2018-09-22 20:58:25,Editorial,সাধারণ সম্পাদক এবং সড়ক পরিবহন ও সেতুমন্ত্রী,Related,,1.0
417,somoynews.tv,2018-09-22 15:37:31,National,ঢাকা দক্ষিণ সিটি কর্পোরেশনের মেয়র,Related,,1.0
418,bangla.bdnews24.com,2018-09-22 17:49:22,Politics,reporter,Related,,1.0
419,jugantor.com,2018-09-20 11:17:53,Editorial,Reporter,Related,,1.0
420,banglatribune.com,2018-09-21 21:40:50,International,রয়টার্স,Related,,1.0
421,jagonews24.com,2018-09-20 03:24:28,Politics,গণসংহতি আন্দোলনের প্রধান সমন্বয়ক,Related,,1.0
422,rtnn.net,2018-09-24 12:01:41,International,আন্তর্জাতিক ডেস্ক আরটিএনএন নয়াদিল্লি,Related,,1.0
423,bd-pratidin.com,2018-09-21 07:40:23,Miscellaneous,Reporter,Related,,1.0
424,bd-pratidin.com,2018-09-20 17:18:35,International,নিউজ অস্ট্রেলিয়া,Related,,1.0
425,banglatribune.com,2018-09-21 18:38:32,Sports,Reporter,Related,,1.0
426,banglatribune.com,2018-09-21 12:42:19,International,reporter,Related,,1.0
427,mzamin.com,2018-09-22 20:18:26,National,Journalist,Related,,1.0
428,banglanews24.com,2018-09-20 17:34:28,Sports,Reporter,Related,,1.0
429,bd24live.com,2018-09-20 09:27:34,National,নাঙ্গলকোট থানার ভারপ্রাপ্ত কর্মকর্তা (ওসি),Related,,1.0
430,banglatribune.com,2018-09-22 17:40:00,National,reporter,Related,,1.0
431,samakal.com,2018-09-22 13:13:55,National,বরিশাল পুলিশ সুপার,Related,,1.0
432,somoynews.tv,2018-09-21 18:37:22,International,ব্রিটিশ পররাষ্ট্রমন্ত্রী জেরেমি হান্ট।,Related,,1.0
433,kalerkantho.com,2018-09-20 13:02:06,Entertainment,Reporter,Related,,1.0
434,bd24live.com,2018-09-21 01:04:00,National,প্রাথমিক ও গণশিক্ষা মন্ত্রী,Related,,1.0
435,rtnn.net,2018-09-22 10:09:22,National,সাবেক প্রধান বিচারপতি,Related,,1.0
436,banglatribune.com,2018-09-22 18:06:41,Politics,reporter,Related,,1.0
437,prothomalo.com,2018-09-20 20:50:02,International,জাতিসংঘ,Related,,1.0
438,mzamin.com,2018-09-25 21:17:01,National,আওয়ামী লীগের সাধারণ সম্পাদক,Related,,1.0
439,prothomalo.com,2018-09-20 13:01:37,Entertainment,নাট্যকার,Related,,1.0
440,jugantor.com,2018-09-19 21:31:36,Editorial,Reporter,Related,,1.0
441,banglatribune.com,2018-09-20 10:17:36,National,অতিরিক্ত পুলিশ সুপার,Related,,1.0
442,kalerkantho.com,2018-09-21 20:13:52,International,বাকৃবি অফিসার পরিষদের একটি বিজ্ঞপ্তিতে,Related,,1.0
443,prothomalo.com,2018-09-20 17:05:00,Editorial,wirter,Related,,1.0
444,banglanews24.com,2018-09-19 21:06:16,National,প্রধানমন্ত্রী শেখ হাসিনা,Related,,1.0
445,kalerkantho.com,2018-09-22 14:13:54,Miscellaneous,বিবিসি,Related,,1.0
446,samakal.com,2018-09-22 18:38:45,Politics,reporter,Related,,1.0
447,bd-pratidin.com,2018-09-20 12:30:18,Sports,reporter,Related,,1.0
448,bd24live.com,2018-09-19 21:28:25,Entertainment,Reporter,Related,,1.0
449,banglanews24.com,2018-09-21 16:55:10,Finance,Reporter,Related,,1.0
450,bangla.thereport24.com,2018-09-20 10:05:50,National,Reporter,Related,,1.0
451,samakal.com,2018-09-20 03:00:24,Sports,Reporter,Related,,1.0
452,bangla.thereport24.com,2018-09-23 13:07:00,Sports,Reporter,Related,,1.0
453,somoynews.tv,2018-09-20 15:02:14,National,বিএনপির সিনিয়র যুগ্ম মহাসচিব,Related,,1.0
455,bd24live.com,2018-09-20 11:15:50,National,বাংলাদেশ অধিনায়ক,Related,,1.0
456,rtnn.net,2018-09-23 07:09:21,International,বার্তা সংস্থা সিবিএস,Related,,1.0
457,risingbd.com,2018-09-20 17:17:09,International,উত্তরাখন্ড রাজ্যের পশু সুরক্ষামন্ত্রী,Related,,1.0
458,rtnn.net,2018-09-24 19:46:57,Politics,নাগরিক ঐক্যের আহ্বায়ক মাহমুদুর রহমান মান্না,Related,,1.0
459,prothomalo.com,2018-09-21 13:02:02,National,আওয়ামী লীগের সাধারণ সম্পাদক,Related,,1.0
460,kalerkantho.com,2018-09-20 16:37:54,Entertainment,Not Found,Related,,1.0
461,bd24live.com,2018-09-20 08:15:10,National,ভারত অধিনায়ক,Related,,1.0
462,banglanews24.com,2018-09-22 13:20:54,National,মেয়র আ জ ম নাছির উদ্দীন,Related,,1.0
463,bangla.bdnews24.com,2018-09-20 08:49:17,Sports,reporter,Related,,1.0
464,prothomalo.com,2018-09-19 21:25:34,Sports,Journalist,Related,,1.0
465,bd24live.com,2018-09-19 22:05:24,National,প্রধানমন্ত্রী,Related,,1.0
466,bd-pratidin.com,2018-09-22 08:17:00,National,সদর থানার ভারপ্রাপ্ত কর্মকর্তা,Related,,1.0
467,banglatribune.com,2018-09-19 18:21:05,International,আল জাজিরা,Related,,1.0
468,jugantor.com,2018-09-20 07:41:06,Editorial,বিএনপির স্থায়ী কমিটির সদস্য,Related,,1.0
469,rtnn.net,2018-09-23 17:22:31,International,reporter,Related,,1.0
470,kalerkantho.com,2018-09-20 11:14:19,National,reporter,Related,,1.0
471,kalerkantho.com,2018-09-20 02:13:54,Education,Not Found,Related,,1.0
472,somoynews.tv,2018-09-19 18:16:32,National,আওয়ামী লীগের যুগ্ম সাধারণ সম্পাদক,Related,,1.0
473,samakal.com,2018-09-20 19:12:46,Sports,Reporter,Related,,1.0
474,dailynayadiganta.com,2018-09-22 13:38:27,National,পুলিশ সুপার,Related,,1.0
475,dailynayadiganta.com,2018-09-22 13:02:43,Politics,আওয়ামী লীগের সাধারণ সম্পাদক এবং সড়ক পরিবহন ও সেতু মন্ত্রী,Related,,1.0
476,rtnn.net,2018-09-21 11:22:19,International,মিডিয়া এনালিস্ট কোম্পানি,Related,,1.0
477,jagonews24.com,2018-09-22 15:24:28,Sports,Reporter,Related,,1.0
478,mzamin.com,2018-09-26 14:07:30,National,স্বরাষ্ট্র মন্ত্রণালয়,Related,,1.0
479,bd24live.com,2018-09-20 08:15:05,National,বিএনপির মহাসচিব,Related,,1.0
480,prothomalo.com,2018-09-20 09:25:18,Editorial,Reporter,Related,,1.0
481,dailyjanakantha.com,2018-09-22 19:01:21,National,reporter,Related,,1.0
482,somoynews.tv,2018-09-22 14:27:05,Sports,Reporter,Related,,1.0
483,jagonews24.com,2018-09-21 21:24:29,Politics,বিএনপির ভাইস চেয়ারম্যান,Related,,1.0
484,mzamin.com,2018-09-24 23:16:59,Miscellaneous,প্রধানমন্ত্রী,Related,,1.0
485,ittefaq.com.bd,2018-09-22 08:25:01,Politics,জাতীয় সমাজতান্ত্রিক দল-জাসদ সভাপতি ও তথ্যমন্ত্রী,Related,,1.0
486,samakal.com,2018-09-22 02:23:41,National,"আওয়ামী লীগের সাধারণ সম্পাদক এবং সড়ক, পরিবহন ও সেতুমন্ত্রী",Related,,1.0
487,prothomalo.com,2018-09-21 10:01:33,International,Not Found,Related,,1.0
488,samakal.com,2018-09-20 13:13:13,Sports,Reporter,Related,,1.0
489,risingbd.com,2018-09-20 20:53:10,National,রূপসা থানার ভারপ্রাপ্ত কর্মকর্তা,Related,,1.0
490,dailyjanakantha.com,2018-09-22 13:36:58,National,reporter,Related,,1.0
491,bd24live.com,2018-09-19 23:51:47,National,Reporter,Related,,1.0
492,bd-pratidin.com,2018-09-20 01:05:11,Editorial,"সহকারী অধ্যাপক ইসলামের ইতিহাস ও সংস্কৃতি বিভাগ, জগন্নাথ বিশ্ববিদ্যালয়",Related,,1.0
493,kalerkantho.com,2018-09-21 23:14:33,Sports,reporter,Related,,1.0
494,bd24live.com,2018-09-20 00:28:17,Miscellaneous,Reporter,Related,,1.0
495,banglanews24.com,2018-09-22 18:44:57,National,এনডিটিভি,Related,,1.0
496,jugantor.com,2018-09-21 11:55:10,Editorial,reporter,Related,,1.0
497,bangla.bdnews24.com,2018-09-22 14:49:32,International,বিবিসি,Related,,1.0
498,risingbd.com,2018-09-21 18:28:51,Sports,Reporter,Related,,1.0
499,bangla.thereport24.com,2018-09-22 21:31:20,Education,শিক্ষামন্ত্রী,Related,,1.0
500,banglatribune.com,2018-09-19 19:54:55,International,কেন্দ্রীয় সরকারের আইনমন্ত্রী,Related,,1.0
501,bangla.thereport24.com,2018-09-21 17:17:15,International,ডন,Related,,1.0
502,banglanews24.com,2018-09-20 17:34:27,International,ত্রিপুরা রাজ্যের উপ-মুখ্যমন্ত্রী,Related,,1.0
503,banglanews24.com,2018-09-21 12:07:22,National,Reporter,Related,,1.0
504,samakal.com,2018-09-23 21:39:10,Politics,আওয়ামী লীগ সাধারণ সম্পাদক এবং সড়ক পরিবহন ও সেতুমন্ত্রী,Related,,1.0
505,kalerkantho.com,2018-09-20 12:26:22,International,reporter,Related,,1.0
506,rtnn.net,2018-09-21 10:45:35,National,শুল্ক গোয়েন্দা ও তদন্ত অধিদপ্তরের,Related,,1.0
507,samakal.com,2018-09-20 18:36:29,National,﻿﻿﻿জাতীয় পার্টির চেয়ারম্যান,Related,,1.0
508,bangla.thereport24.com,2018-09-21 23:18:16,Crime,বাংলাদেশের সাবেক প্রধান বিচারপতি,Related,,1.0
509,jugantor.com,2018-09-19 19:44:26,Editorial,Reporter,Related,,1.0
510,risingbd.com,2018-09-22 19:05:20,National,reporter,Related,,1.0
511,bangla.bdnews24.com,2018-09-20 00:25:31,National,পীরগঞ্জ থানার ওসি,Related,,1.0
512,bd24live.com,2018-09-20 13:39:57,National,ভারতীয় সংবাদমাধ্যম এনডিটিভি,Related,,1.0
513,kalerkantho.com,2018-09-19 23:50:10,Entertainment,Journalist,Related,,1.0
514,rtnn.net,2018-09-24 15:45:14,National,ডিআইজি প্রধান মনিরুল ইসলাম,Related,,1.0
515,dailynayadiganta.com,2018-09-19 20:15:00,National,Reporter,Related,,1.0
516,bd24live.com,2018-09-19 22:05:30,International,মালেশিয়ান অ্যান্টি করাপশন কমিশন,Related,,1.0
517,ittefaq.com.bd,2018-09-21 13:50:01,International,গণমাধ্যম,Related,,1.0
518,banglatribune.com,2018-09-19 20:31:07,Miscellaneous,Reporter,Related,,1.0
519,bangla.bdnews24.com,2018-09-20 17:50:25,Sports,Reporter,Related,,1.0
520,kalerkantho.com,2018-09-20 08:49:42,International,ইউপি সদস্য সামসুন নাহার,Related,,1.0
521,rtnn.net,2018-09-23 12:35:26,National,দশম জাতীয় সংসদের ২২তম অধিবেশন,Related,,1.0
522,dhakatimes24.com,2018-09-22 22:17:42,International,বিবিসি,Related,,1.0
523,bangla.bdnews24.com,2018-09-20 20:13:35,Finance,স্যামসাং বাংলাদেশের হেড অব বিজনেস,Related,,1.0
524,bangla.bdnews24.com,2018-09-19 22:37:32,Technology,Reporter,Related,,1.0
525,jugantor.com,2018-09-20 21:31:41,Editorial,Reporter,Related,,1.0
526,banglanews24.com,2018-09-22 15:13:45,Sports,reporter,Related,,1.0
527,banglatribune.com,2018-09-20 17:29:41,Sports,মুন্না-পুশকিনের পরিবার,Related,,1.0
528,bd24live.com,2018-09-21 08:15:20,Finance,Reporter,Related,,1.0
529,risingbd.com,2018-09-20 16:05:42,National,পররাষ্ট্রমন্ত্রী,Related,,1.0
530,independent24.com,2018-09-20 06:36:42,Sports,Reporter,Related,,1.0
531,dailynayadiganta.com,2018-09-20 16:38:33,National,র‌্যাব-৮,Related,,1.0
532,mzamin.com,2018-09-25 07:03:27,National,ডিএমপি’র সিটিটিসি’র সাইবার ক্রাইম ইউনিট,Related,,1.0
533,somoynews.tv,2018-09-21 15:02:45,Entertainment,Reporter,Related,,1.0
534,rtnn.net,2018-09-22 16:51:18,Sports,"আলজেরিয়ার ফুটবল অ্যাসোসিয়েশনর প্রেসিডেন্ট,ফুটবল ক্লাব চেয়ারম্যান",Related,,1.0
535,bangla.thereport24.com,2018-09-22 11:18:20,International,এনডিটিভি,Related,,1.0
536,somoynews.tv,2018-09-20 18:37:34,National,ট্রলার মালিক,Related,,1.0
538,banglanews24.com,2018-09-19 19:18:29,National,শিশু বিষয়ক সংস্থা ‘সেভ দ্য চিলড্রেন’,Related,,1.0
539,dailynayadiganta.com,2018-09-20 20:51:11,Education,ছাত্র নেতৃবৃন্দ,Related,,1.0
540,banglatribune.com,2018-09-22 18:07:52,National,reporter,Related,,1.0
541,prothomalo.com,2018-09-20 17:13:52,National,মাদারীপুর সদর থানার ভারপ্রাপ্ত কর্মকর্তা (ওসি),Related,,1.0
542,prothomalo.com,2018-09-21 21:25:48,International,"পার্থ, অস্ট্রেলিয়া।",Related,,1.0
543,banglanews24.com,2018-09-20 22:58:29,International,যুগ্ম পুলিশ প্রধান,Related,,1.0
544,bangla.thereport24.com,2018-09-23 13:41:28,Crime,বিএনপির মহাসচিব,Related,,1.0
545,rtnn.net,2018-09-23 12:35:29,International,বিবিসি,Related,,1.0
546,independent24.com,2018-09-23 13:17:02,National,reporter,Related,,1.0
547,dailynayadiganta.com,2018-09-20 17:15:01,National,ময়নামতি হাইওয়ে থানার ওসি,Related,,1.0
548,independent24.com,2018-09-24 23:27:40,National,তথ্যপ্রযুক্তি মন্ত্রী,Related,,1.0
549,bd24live.com,2018-09-20 22:04:30,National,বিবিসির রিপোর্টার ও প্রযোজক,Related,,1.0
550,dhakatimes24.com,2018-09-22 15:35:36,Entertainment,Reporter,Related,,1.0
551,ittefaq.com.bd,2018-09-20 10:16:00,National,শিক্ষামন্ত্রী,Related,,1.0
552,bd24live.com,2018-09-20 08:51:23,National,"মামলার তদন্তকারী কর্মকর্তা এসআই,সরিষাবাড়ী থানার ভারপ্রাপ্ত কর্মকর্তা (ওসি)",Related,,1.0
553,independent24.com,2018-09-22 11:27:09,Politics,reporter,Related,,1.0
554,ittefaq.com.bd,2018-09-20 13:14:25,International,জি নিউজ ও টাইমস অফ ইন্ডিয়া,Related,,1.0
555,kalerkantho.com,2018-09-20 17:50:55,Sports,Reporter,Related,,1.0
556,bangla.thereport24.com,2018-09-22 13:41:16,National,Reporter,Related,,1.0
557,samakal.com,2018-09-21 13:13:07,National,কালাই থানার ভারপ্রাপ্ত কর্মকর্তা (ওসি),Related,,1.0
558,banglatribune.com,2018-09-19 21:40:05,National,"রাষ্ট্রপতির প্রেস সচিব,জার্মান রাষ্ট্রদূত",Related,,1.0
559,kalerkantho.com,2018-09-21 22:01:44,International,reporter,Related,,1.0
560,banglatribune.com,2018-09-19 19:16:12,National,"এরেন্ডারাবাড়ী ইউনিয়নের চেয়ারম্যান,গাইবান্ধা কৃষি সম্প্রসারণ অধিদফতরের উপ-পরিচালক",Related,,1.0
561,banglatribune.com,2018-09-20 15:12:39,Entertainment,প্রধানমন্ত্রীর উপ-প্রেস সচিব,Related,,1.0
562,kalerkantho.com,2018-09-20 14:14:32,National,Reporter,Related,,1.0
563,banglanews24.com,2018-09-22 18:13:13,National,পুলিশ,Related,,1.0
564,jugantor.com,2018-09-22 10:42:29,Editorial,reporter,Related,,1.0
565,banglatribune.com,2018-09-19 19:16:09,National,কালিয়া থানার উপ-পরিদর্শক (এসআই),Related,,1.0
566,banglatribune.com,2018-09-19 18:38:50,National,Reporter,Related,,1.0
567,somoynews.tv,2018-09-21 13:49:32,Education,Reporter,Related,,1.0
568,jugantor.com,2018-09-19 21:31:27,Editorial,শিক্ষামন্ত্রী,Related,,1.0
569,banglanews24.com,2018-09-23 03:38:44,National,reporter,Related,,1.0
570,banglatribune.com,2018-09-20 15:43:01,National,খাদ্যমন্ত্রী,Related,,1.0
571,channelionline.com,2018-09-20 16:15:07,Politics,বিএনপি স্থায়ী কমিটির সদস্য নজরুল ইসলাম খান,Related,,1.0
572,jugantor.com,2018-09-20 08:16:57,Editorial,হাজীগঞ্জ উপজেলা সহকারী কমিশনার,Related,,1.0
573,dhakatimes24.com,2018-09-20 12:36:09,Technology,Not Found,Related,,1.0
574,kalerkantho.com,2018-09-20 04:01:51,National,ড. হাবিবে মিল্লাত মুন্না,Related,,1.0
575,bangla.bdnews24.com,2018-09-22 17:13:47,International,বিএনপির সাবেক সভাপতি,Related,,1.0
576,somoynews.tv,2018-09-22 13:54:23,International,বিশ্ব স্বাস্থ্য সংস্থা,Related,,1.0
577,prothomalo.com,2018-09-20 20:50:08,Sports,reporter,Related,,1.0
578,kalerkantho.com,2018-09-21 01:01:59,International,Reporter,Related,,1.0
579,dailynayadiganta.com,2018-09-19 23:50:17,Sports,reporter,Related,,1.0
580,bangla.bdnews24.com,2018-09-21 22:01:21,International,চীনের পররাষ্ট্রমন্ত্রণালয়ের মুখপাত্র গেং সুয়াং,Related,,1.0
582,somoynews.tv,2018-09-20 19:13:22,Entertainment,Reporter,Related,,1.0
583,bd24live.com,2018-09-19 21:28:25,National,Reporter,Related,,1.0
584,bangla.bdnews24.com,2018-09-20 14:49:30,National,Reporter,Related,,1.0
585,dhakatimes24.com,2018-09-19 21:36:35,National,প্রধানমন্ত্রী,Related,,1.0
586,bhorerkagoj.net,2018-09-29 16:59:37,International,সাবেক পররাষ্ট্র মন্ত্রী ও আওয়ামীলীগের যুগ্ম সাধারন সম্পাদক,Related,,1.0
587,ittefaq.com.bd,2018-09-21 15:38:37,National,নাঙ্গলকোট থানার এসআই,Related,,1.0
588,bd24live.com,2018-09-19 19:04:04,National,সিভিল সার্জন ও রাঙ্গামাটি মেডিকেল কলেজের প্রকল্প পরিচালক,Related,,1.0
589,bd-pratidin.com,2018-09-21 19:43:14,International,দ্য গার্ডিয়ান,Related,,1.0
590,jagonews24.com,2018-09-22 03:24:28,Sports,মোস্তফা কামাল স্টেডিয়াম,Related,,1.0
591,somoynews.tv,2018-09-21 13:49:28,International,হ্যামিলটনের ম্যাকমাস্টার বিশ্ববিদ্যালয়ের গবেষকগণ,Related,,1.0
592,risingbd.com,2018-09-21 14:16:16,Lifestyle,reporter,Related,,1.0
593,prothomalo.com,2018-09-21 12:25:42,Editorial,writer,Related,,1.0
594,kalerkantho.com,2018-09-22 08:49:28,International,reporter,Related,,1.0
595,banglanews24.com,2018-09-21 21:21:53,National,reporter,Related,,1.0
596,bangla.bdnews24.com,2018-09-21 20:13:25,Politics,আইনমন্ত্রী,Related,,1.0
597,somoynews.tv,2018-09-21 15:37:53,National,আইনমন্ত্রী,Related,,1.0
598,prothomalo.com,2018-09-21 11:49:31,International,দ্য গার্ডিয়ান,Related,,1.0
599,banglanews24.com,2018-09-22 18:44:54,National,"কারখানার শ্রমিক ,সিদ্ধিরগঞ্জ থানার পরিদর্শক (তদন্ত)",Related,,1.0
600,jagonews24.com,2018-09-20 10:00:24,National,আবহাওয়া অধিদফতর,Related,,1.0
601,bd-pratidin.com,2018-09-20 23:53:28,National,রেলওয়ের মহাপরিচালক (ডিজি) প্রকৌশলী,Related,,1.0
602,bd-pratidin.com,2018-09-21 14:17:44,Sports,reporter,Related,,1.0
603,bd24live.com,2018-09-22 14:15:39,National,প্রিয়াংকা চক্রবর্ত্তী,Related,,1.0
604,kalerkantho.com,2018-09-20 20:50:26,International,Not Found,Related,,1.0
605,somoynews.tv,2018-09-20 13:50:46,National,Reporter,Related,,1.0
606,bd-pratidin.com,2018-09-20 23:53:44,National,বাগেরহাটের জেলা প্রশাসক,Related,,1.0
607,prothomalo.com,2018-09-19 23:13:34,National,Journalist,Related,,1.0
608,bd-pratidin.com,2018-09-20 23:53:45,National,তথ্য প্রতিমন্ত্রী,Related,,1.0
609,banglatribune.com,2018-09-21 07:49:29,National,স্পিকার,Related,,1.0
610,bangla.bdnews24.com,2018-09-20 13:37:25,International,রয়টার্সের,Related,,1.0
611,somoynews.tv,2018-09-22 13:14:45,National,কাউন্টার টেররিজম ইউনিটের প্রধান,Related,,1.0
612,jagonews24.com,2018-09-20 16:00:30,Education,Reporter,Related,,1.0
613,kalerkantho.com,2018-09-19 19:38:13,International,এএফপি,Related,,1.0
614,bd24live.com,2018-09-19 20:52:11,National,পুলিশ ক্যাম্পের দায়িত্বপ্রাপ্ত আধিকারিক,Related,,1.0
615,prothomalo.com,2018-09-22 16:01:47,National,খুলনা বিশ্ববিদ্যালয়ের ফিশারিজ অ্যান্ড মেরিন রিসোর্স টেকনোলজির ছাত্র,Related,,1.0
616,prothomalo.com,2018-09-21 16:01:43,Sports,Reporter,Related,,1.0
617,jagonews24.com,2018-09-19 19:00:14,National,Reporter,Related,,1.0
618,jagonews24.com,2018-09-21 16:36:31,Entertainment,Reporter,Related,,1.0
619,bangla.thereport24.com,2018-09-22 14:17:14,National,ঢালচরের মাছ ব্যবসায়ী (আড়তদার),Related,,1.0
620,somoynews.tv,2018-09-22 16:54:54,International,reporter,Related,,1.0
622,banglanews24.com,2018-09-19 19:57:08,National,নিউইয়র্ক ভিত্তিক অলাভজনক সংস্থা ‘দ্য আমেরিকান সিভিল লিবারটিস ইউনিয়ন (এসিএলইউ)’,Related,,1.0
623,kalerkantho.com,2018-09-22 12:25:56,Sports,অধিনায়ক মাশরাফি বিন মর্তুজা,Related,,1.0
624,bd24live.com,2018-09-22 19:04:39,National,আল জাজিরা,Related,,1.0
625,somoynews.tv,2018-09-20 15:41:00,National,Reporter,Related,,1.0
627,bhorerkagoj.net,2018-10-11 09:11:32,International,reporter,Related,,1.0
628,prothomalo.com,2018-09-22 12:25:42,Entertainment,reporter,Related,,1.0
629,dailynayadiganta.com,2018-09-19 23:50:27,National,reporter,Related,,1.0
630,dailynayadiganta.com,2018-09-22 17:50:26,National,reporter,Related,,1.0
631,kalerkantho.com,2018-09-20 14:49:59,National,গোয়েন্দা পুলিশের অতিরিক্ত উপ-কমিশনার (বন্দর),Related,,1.0
632,prothomalo.com,2018-09-19 17:51:09,National,Journalist,Related,,1.0
633,kalerkantho.com,2018-09-19 22:38:12,International,আরএসএস,Related,,1.0
634,bd24live.com,2018-09-20 14:16:13,National,Not Found,Related,,1.0
635,jagonews24.com,2018-09-22 13:36:28,International,বিশ্ব স্বাস্থ্য সংস্থা,Related,,1.0
636,risingbd.com,2018-09-21 10:04:11,International,আল জাজিরা,Related,,1.0
637,kalerkantho.com,2018-09-22 15:25:53,Miscellaneous,হু,Related,,1.0
638,risingbd.com,2018-09-19 19:04:42,National,প্রধানমন্ত্রী,Related,,1.0
639,jugantor.com,2018-09-22 16:07:41,Editorial,Reporter,Related,,1.0
640,dailyjanakantha.com,2018-09-20 19:01:27,National,reporter,Related,,1.0
641,bd24live.com,2018-09-21 22:03:49,National,আখাউড়া রেলওয়ে থানার ভারপ্রাপ্ত কর্মকর্তা (ওসি),Related,,1.0
642,ittefaq.com.bd,2018-09-21 21:40:21,Entertainment,বলিউড অভিনেত্রী নেহা,Related,,1.0
643,jugantor.com,2018-09-22 09:30:30,Editorial,রাঙ্গাবালী থানার ওসি,Related,,1.0
644,bd-pratidin.com,2018-09-20 23:53:33,National,ইংরেজি দৈনিক ডেইলি স্টারের সম্পাদক,Related,,1.0
645,mzamin.com,2018-09-23 09:27:27,Sports,বিসিবির ক্রিকেট পরিচালনা বিভাগের প্রধান,Related,,1.0
646,somoynews.tv,2018-09-22 12:38:54,International,কলকাতা টোয়েন্টিফোর সেভেন,Related,,1.0
647,dhakatimes24.com,2018-09-19 21:00:21,Sports,reporter,Related,,1.0
648,dailynayadiganta.com,2018-09-20 01:38:18,Miscellaneous,reporter,Related,,1.0
649,banglanews24.com,2018-09-20 15:15:27,National,সদরঘাট থানার ভারপ্রাপ্ত কর্মকর্তা,Related,,1.0
650,bangla.bdnews24.com,2018-09-20 15:26:01,Lifestyle,Reporter,Related,,1.0
651,prothomalo.com,2018-09-20 09:25:18,National,র‌্যাব-১১-এর জ্যেষ্ঠ সহকারী পরিচালক,Related,,1.0
652,bd24live.com,2018-09-19 22:05:28,Sports,Reporter,Related,,1.0
653,independent24.com,2018-09-19 18:37:48,National,Not Found,Related,,1.0
654,kalerkantho.com,2018-09-19 23:50:02,National,ইমিগ্রেশন ও পাসপোর্ট মহাপরিচালক অধিদপ্তর মেজর জেনারেল মাসুদ রেজওয়ান,Related,,1.0
655,dhakatimes24.com,2018-09-19 21:00:59,National,বেগমগঞ্জে থানার ভারপ্রাপ্ত কর্মকর্তা (ওসি),Related,,1.0
656,samakal.com,2018-09-21 15:01:44,National,পুঠিয়া থানার ওসি,Related,,1.0
657,rtnn.net,2018-09-22 05:56:39,International,নিউ ইয়র্কের পুলিশ প্রশাসন,Related,,1.0
658,banglanews24.com,2018-09-23 12:21:43,National,থানার ভারপ্রাপ্ত কর্মকর্তা,Related,,1.0
659,dhakatimes24.com,2018-09-19 19:48:41,Sports,এশিয়ান ক্রিকেট কাউন্সিল,Related,,1.0
660,kalerkantho.com,2018-09-19 20:14:15,International,উপজেলা নির্বাহী কর্মকর্তা মো. মামুন খন্দকার,Related,,1.0
661,prothomalo.com,2018-09-20 22:01:41,International,এনডিটিভি,Related,,1.0
662,banglanews24.com,2018-09-20 16:20:48,National,"পিবিআই কার্যালয় , পিবিআই পাবনা কার্যালয়ের উপ পরিদর্শক (এসআই)",Related,,1.0
663,channelionline.com,2018-09-20 21:03:14,Entertainment,reporter,Related,,1.0
664,bangla.bdnews24.com,2018-09-21 20:13:26,Politics,ফখরুল,Related,,1.0
665,rtnn.net,2018-09-22 19:46:36,Politics,আওয়ামী লীগের সাধারণ সম্পাদক,Related,,1.0
666,bangla.thereport24.com,2018-09-21 17:53:24,Crime,ঢাকা মহানগর পুলিশের উপকমিশনার,Related,,1.0
667,bd-pratidin.com,2018-09-22 13:42:12,National,আওয়ামী লীগের সাধারণ সম্পাদক এবং সড়ক পরিবহন ও সেতুমন্ত্রী,Related,,1.0
668,kalerkantho.com,2018-09-21 20:13:52,Sports,reporter,Related,,1.0
669,channelionline.com,2018-09-21 21:38:48,Sports,reporter,Related,,1.0
670,kalerkantho.com,2018-09-22 16:38:24,Entertainment,Not Found,Related,,1.0
671,jagonews24.com,2018-09-19 13:18:00,National,সড়ক পরিবহন ও সেতু মন্ত্রণালয়ের,Related,,1.0
672,bd-pratidin.com,2018-09-21 11:17:53,National,মার্কিন পররাষ্ট্র দফতর,Related,,1.0
673,rtnn.net,2018-09-22 14:58:09,National,আবহাওয়া অধিদফতর,Related,,1.0
674,kalerkantho.com,2018-09-21 20:49:57,Entertainment,সূত্র: এএনআই নিউজ,Related,,1.0
675,prothomalo.com,2018-09-22 10:01:27,Sports,reporter,Related,,1.0
676,channelionline.com,2018-09-20 19:13:16,Sports,Not Found,Related,,1.0
677,jugantor.com,2018-09-22 20:58:23,Editorial,ইরানের প্রেসিডেন্ট,Related,,1.0
678,banglanews24.com,2018-09-20 03:40:30,National,দত্তপাড়া ইউনিয়ন পরিষদের (ইউপি) চেয়ারম্যান,Related,,1.0
679,somoynews.tv,2018-09-19 18:18:52,National,প্রধানমন্ত্রী,Related,,1.0
680,bd-pratidin.com,2018-09-20 20:17:54,International,"পাকিস্তানের অর্থমন্ত্রী ,রেডিও তেহরান",Related,,1.0
681,dhakatimes24.com,2018-09-20 07:46:15,National,জনপ্রশাসন মন্ত্রণালয়,Related,,1.0
682,channelionline.com,2018-09-21 10:49:29,Sports,reporter,Related,,1.0
683,dhakatimes24.com,2018-09-20 22:49:25,National,কালাই থানার ভারপ্রাপ্ত কর্মকর্তা,Related,,1.0
684,dailynayadiganta.com,2018-09-20 13:38:38,Sports,reporter,Related,,1.0
685,dailyjanakantha.com,2018-09-19 23:48:57,National,আড়াইহাজার থানার ওসি,Related,,1.0
686,risingbd.com,2018-09-19 23:16:48,Sports,Reporter,Related,,1.0
687,dailynayadiganta.com,2018-09-20 00:26:45,Sports,reporter,Related,,1.0
688,bd-pratidin.com,2018-09-20 01:05:08,National,Reporter,Related,,1.0
689,banglanews24.com,2018-09-21 07:51:12,Sports,Reporter,Related,,1.0
690,kalerkantho.com,2018-09-21 20:13:53,International,সংস্থাটির প্রতিষ্ঠাতা চেয়ারম্যান ও কৃষক লীগের কেন্দ্রীয় সহ-সভাপতি,Related,,1.0
691,bd24live.com,2018-09-20 17:16:30,National,পাক অর্থমন্ত্রী,Related,,1.0
692,prothomalo.com,2018-09-21 21:25:52,International,আওয়ামী লীগের যুক্তরাষ্ট্র শাখার নেতারা,Related,,1.0
693,banglatribune.com,2018-09-20 01:14:06,Crime,সাবেক প্রধান বিচারপতি,Related,,1.0
694,mzamin.com,2018-09-22 11:51:22,International,রয়টার্স,Related,,1.0
695,risingbd.com,2018-09-19 23:16:48,Sports,Reporter,Related,,1.0
696,jugantor.com,2018-09-22 12:31:57,Editorial,দলের সাধারণ সম্পাদক ওবায়দুল কাদের।,Related,,1.0
697,jagonews24.com,2018-09-22 18:24:29,Finance,অর্থ মন্ত্রণালয়,Related,,1.0
699,dhakatimes24.com,2018-09-20 22:49:23,National,সিংড়া উপজেলা বিএনপি,Related,,1.0
700,somoynews.tv,2018-09-19 18:37:34,Entertainment,Reporter,Related,,1.0
701,channelionline.com,2018-09-22 13:54:15,Politics,reporter,Related,,1.0
702,jagonews24.com,2018-09-21 18:24:34,Sports,reporter,Related,,1.0
703,ittefaq.com.bd,2018-09-19 20:27:28,Politics,বিএনপির স্থায়ী কমিটির সদস্য,Related,,1.0
704,dhakatimes24.com,2018-09-21 22:47:49,International,বিবিসি,Related,,1.0
705,ittefaq.com.bd,2018-09-20 02:24:57,Politics,জাতীয় পার্টির (জাপা) সিনিয়র কো-চেয়ারম্যান,Related,,1.0
706,banglanews24.com,2018-09-22 16:59:30,National,নাইক্ষ্যংছ‌ড়ি থানার ভারপ্রাপ্ত কর্মকর্তা (ওসি),Related,,1.0
707,banglatribune.com,2018-09-19 18:21:14,National,ডোমার থানার ওসি,Related,,1.0
708,prothomalo.com,2018-09-21 02:13:29,Sports,reporter,Related,,1.0
709,risingbd.com,2018-09-22 17:16:49,Miscellaneous,reporter,Related,,1.0
710,banglatribune.com,2018-09-21 11:27:52,Miscellaneous,বিএসএমএমইউ  কর্তৃপক্ষ,Related,,1.0
711,banglanews24.com,2018-09-20 18:41:00,Sports,Reporter,Related,,1.0
712,banglatribune.com,2018-09-22 02:59:56,Miscellaneous,বাংলা ট্রিবিউন,Related,,1.0
713,bangla.bdnews24.com,2018-09-22 18:25:32,Lifestyle,reporter,Related,,1.0
714,kalerkantho.com,2018-09-19 22:02:32,International,বিবিসি,Related,,1.0
715,bhorerkagoj.net,2018-10-03 16:59:33,International,reporter,Related,,1.0
716,ittefaq.com.bd,2018-09-21 08:25:19,National,Reporter,Related,,1.0
717,independent24.com,2018-09-21 15:03:02,Politics,reporter,Related,,1.0
718,bangla.bdnews24.com,2018-09-19 17:50:32,National,ঢাকা (উত্তর) গোয়েন্দা পুলিশের পরিদর্শক এএফএম সায়েদ,Related,,1.0
719,kalerkantho.com,2018-09-20 12:26:04,Sports,reporter,Related,,1.0
720,bhorerkagoj.net,2018-10-11 10:23:52,National,আওয়ামী লীগের সাধারণ সম্পাদক,Related,,1.0
721,jagonews24.com,2018-09-21 08:12:28,Entertainment,Reporter,Related,,1.0
722,mzamin.com,2018-09-21 07:39:17,National,পররাষ্ট্রমন্ত্রী আবুল হাসান মাহমুদ আলী,Related,,1.0
723,bangla.thereport24.com,2018-09-19 20:17:35,Editorial,স্বেচ্চাসেবকদলের কেন্দ্রীয় নেতা,Related,,1.0
724,ittefaq.com.bd,2018-09-20 15:02:51,International,সিনহুয়া,Related,,1.0
725,prothomalo.com,2018-09-22 11:13:42,Technology,দ্য ভার্জ,Related,,1.0
726,rtnn.net,2018-09-22 13:10:47,Politics,আইনজীবী,Related,,1.0
728,bd-pratidin.com,2018-09-20 11:17:43,Sports,reporter,Related,,1.0
729,kalerkantho.com,2018-09-19 22:38:31,Sports,Journalist,Related,,1.0
730,channelionline.com,2018-09-22 12:00:15,Technology,টিআইবি,Related,,1.0
731,dhakatimes24.com,2018-09-19 21:37:10,National,জুড়ী থানার উপপরিদর্শক (এসআই),Related,,1.0
732,dailyjanakantha.com,2018-09-20 14:48:59,International,ভিডিও,Related,,1.0
733,mzamin.com,2018-09-20 19:04:38,Miscellaneous,যুক্তরাষ্ট্র সন্ত্রাসবাদ বিষয়ক বার্ষিক প্রতিবেদন,Related,,1.0
734,banglatribune.com,2018-09-21 21:45:09,Sports,আবাহনীর অধিনায়ক,Related,,1.0
735,dhakatimes24.com,2018-09-19 20:25:06,Education,সাবেক ভারপ্রাপ্ত পরিচালক,Related,,1.0
736,banglanews24.com,2018-09-20 06:04:33,Sports,রিয়াল মাদ্রিদের স্প্যানিশ তারকা,Related,,1.0
737,jagonews24.com,2018-09-20 11:48:34,Sports,reporter,Related,,1.0
738,bangla.bdnews24.com,2018-09-19 22:01:42,International,Reporter,Related,,1.0
739,kalerkantho.com,2018-09-22 17:14:08,International,চীনা পররাষ্ট্র মন্ত্রণালয়,Related,,1.0
740,independent24.com,2018-09-22 16:15:08,Miscellaneous,নাইক্ষ্যংছড়ি উপজেলা প্রশাসন,Related,,1.0
741,dhakatimes24.com,2018-09-19 23:24:11,International,মালয়েশিয়ার দুর্নীতি বিরোধী সংস্থা,Related,,1.0
742,prothomalo.com,2018-09-21 13:02:09,National,reporter,Related,,1.0
743,jagonews24.com,2018-09-19 15:06:00,Finance,অর্থমন্ত্রী,Related,,1.0
744,jugantor.com,2018-09-22 13:08:00,Editorial,reporter,Related,,1.0
745,ittefaq.com.bd,2018-09-20 01:49:18,International,reporter,Related,,1.0
746,bd-pratidin.com,2018-09-21 14:17:44,Sports,reporter,Related,,1.0
747,bd-pratidin.com,2018-09-20 01:05:04,National,Reporter,Related,,1.0
748,banglanews24.com,2018-09-20 16:57:52,National,"রাজশাহীর বাগমারা থানার ভারপ্রাপ্ত কর্মকর্তা,আদালতের স্পেশাল পাবলিক প্রসিকিউটর (পিপি)",Related,,1.0
749,bd-pratidin.com,2018-09-20 19:06:15,National,reporter,Related,,1.0
750,ittefaq.com.bd,2018-09-20 18:38:11,National,পুলিশ,Related,,1.0
751,jagonews24.com,2018-09-21 22:36:28,Sports,reporter,Related,,1.0
752,bangla.bdnews24.com,2018-09-19 19:01:40,National,সমাজকল্যাণমন্ত্রী,Related,,1.0
753,samakal.com,2018-09-23 16:50:56,National,আদালত,Related,,1.0
754,bangla.bdnews24.com,2018-09-22 13:37:21,International,বার্তা সংস্থা রয়টার্স,Related,,1.0
755,dailynayadiganta.com,2018-09-21 01:02:35,National,Reporter,Related,,1.0
756,somoynews.tv,2018-09-19 18:17:08,National,Reporter,Related,,1.0
757,independent24.com,2018-09-21 09:02:35,National,reporter,Related,,1.0
758,dhakatimes24.com,2018-09-22 15:35:35,National,বাগেরহাট মডেল থানার ভারপ্রাপ্ত কর্মকর্তা,Related,,1.0
759,independent24.com,2018-09-20 07:48:24,National,বিইআরসি,Related,,1.0
760,mzamin.com,2018-09-25 16:06:39,Miscellaneous,প্রধানমন্ত্রী,Related,,1.0
761,mzamin.com,2018-09-24 21:29:17,National,জাতীয় সমাজতান্ত্রিক দল জেএসডি সভাপতি,Related,,1.0
762,bangla.thereport24.com,2018-09-21 13:05:01,Lifestyle,Reporter,Related,,1.0
763,bangla.bdnews24.com,2018-09-22 14:13:22,National,আবদুল গনির সহকারী একান্ত সচিব,Related,,1.0
764,dailynayadiganta.com,2018-09-19 21:26:42,Finance,বিশ্বব্যাংক,Related,,1.0
765,bangla.bdnews24.com,2018-09-20 14:49:30,National,"ঢাকার পঞ্চম বিশেষ জজ,দুদকের আইনজীবী",Related,,1.0
767,jugantor.com,2018-09-21 08:55:20,National,reporter,Related,,1.0
768,bd-pratidin.com,2018-09-21 23:18:48,Sports,reporter,Related,,1.0
769,ittefaq.com.bd,2018-09-22 15:01:53,International,বাসস ও সিনহুয়া,Related,,1.0
770,bangla.bdnews24.com,2018-09-22 17:13:46,International,রয়টার্স,Related,,1.0
771,kalerkantho.com,2018-09-19 21:26:06,National,জাতীয় সংসদ,Related,,1.0
772,dailynayadiganta.com,2018-09-22 07:02:05,International,তেহরানের জুমা নামাজের অস্থায়ী খতিব,Related,,1.0
773,dhakatimes24.com,2018-09-20 11:23:19,Politics,আদালত,Related,,1.0
774,dhakatimes24.com,2018-09-22 00:35:52,National,কৃষক লীগের কেন্দ্রীয় সহসভাপতি,Related,,1.0
775,kalerkantho.com,2018-09-20 19:02:19,International,বিশ্বব্যাংক,Related,,1.0
776,jugantor.com,2018-09-21 15:31:41,Editorial,রয়টার্স,Related,,1.0
777,banglatribune.com,2018-09-20 03:01:48,International,দ্য ইন্ডিয়ান এক্সপ্রেস,Related,,1.0
778,bangla.bdnews24.com,2018-09-21 11:49:23,National,বিশ্ববিদ্যালয় প্রক্টর,Related,,1.0
779,somoynews.tv,2018-09-20 13:13:50,National,আওয়ামী লীগের সাধারণ সম্পাদক,Related,,1.0
780,somoynews.tv,2018-09-22 01:49:14,Sports,reporter,Related,,1.0
781,banglatribune.com,2018-09-19 20:31:24,National,"পাওয়ার গ্রিড কোম্পানির ব্যবস্থাপনা পরিচালক,ঢাকা বিদ্যুৎ বিতরণ কোম্পানির (ডিপিডিসি) ব্যবস্থাপনা পরিচালক, ডেসকোর ব্যবস্থাপনা পরিচালক",Related,,1.0
782,bhorerkagoj.net,2018-10-11 09:11:46,Entertainment,reporter,Related,,1.0
783,risingbd.com,2018-09-21 14:52:10,Crime,সুপ্রিম কোর্ট আইনজীবী সমিতির সভাপতি,Related,,1.0
784,jagonews24.com,2018-09-21 22:36:27,National,সংবিধান প্রণেতা ড. কামাল হোসেন,Related,,1.0
785,banglanews24.com,2018-09-22 00:14:37,National,reporter,Related,,1.0
786,bd24live.com,2018-09-22 08:14:33,Miscellaneous,বিবিসি বাংলা,Related,,1.0
787,dhakatimes24.com,2018-09-20 09:34:58,National,উপজেলা নির্বাহী অফিসার,Related,,1.0
788,banglanews24.com,2018-09-19 19:18:24,Sports,Reporter,Related,,1.0
789,kalerkantho.com,2018-09-22 12:25:54,National,পুলিশ,Related,,1.0
790,dailyjanakantha.com,2018-09-22 14:49:10,National,নিজস্ব সংবাদদাতা,Related,,1.0
791,mzamin.com,2018-09-20 13:04:08,National,"পর্নো তারকা,ব্যক্তিগত আইনজীবী",Related,,1.0
792,jugantor.com,2018-09-20 11:19:06,Editorial,Reporter,Related,,1.0
793,jugantor.com,2018-09-22 10:42:25,Editorial,reporter,Related,,1.0
794,rtnn.net,2018-09-24 01:10:39,Sports,Reporter,Related,,1.0
795,prothomalo.com,2018-09-22 00:25:34,Sports,reporter,Related,,1.0
796,channelionline.com,2018-09-20 14:28:09,National,"পররাষ্ট্রমন্ত্রী , সংবাদ সম্মেলনে",Related,,1.0
797,dailyjanakantha.com,2018-09-20 16:01:17,International,নিউজ অস্ট্রেলিয়া,Related,,1.0
798,bd24live.com,2018-09-22 18:27:51,National,পুলিশ,Related,,1.0
799,bd24live.com,2018-09-20 10:03:29,National,Reporter,Related,,1.0
800,independent24.com,2018-09-22 18:40:35,National,reporter,Related,,1.0
801,banglanews24.com,2018-09-22 12:43:09,Sports,reporter,Related,,1.0
802,prothomalo.com,2018-09-19 23:13:32,National,"জাতীয় পার্টির সাংসদ,শিক্ষামন্ত্রী",Related,,1.0
803,kalerkantho.com,2018-09-20 19:02:17,International,সদর উপজেলা নির্বাহী কর্মকর্তা,Related,,1.0
804,mzamin.com,2018-09-23 14:54:05,Miscellaneous,reporter,Related,,1.0
805,dhakatimes24.com,2018-09-19 21:37:54,National,আদালত,Related,,1.0
806,bd24live.com,2018-09-22 11:51:03,International,বিবিসি,Related,,1.0
807,somoynews.tv,2018-09-21 01:14:26,Sports,Reporter,Related,,1.0
808,prothomalo.com,2018-09-21 22:01:28,National,ইনডিপেনডেন্ট টেলিভিশনের সিইও,Related,,1.0
809,bangla.thereport24.com,2018-09-21 23:55:00,Crime,একে এম এহসানুর রহমান,Related,,1.0
810,bd24live.com,2018-09-21 16:39:51,Entertainment,reporter,Related,,1.0
811,jagonews24.com,2018-09-19 23:48:28,National,সংসদ,Related,,1.0
812,somoynews.tv,2018-09-19 18:16:04,Lifestyle,Reporter,Related,,1.0
813,bd-pratidin.com,2018-09-22 21:32:00,Entertainment,ট্যুইটার,Related,,1.0
814,kalerkantho.com,2018-09-21 05:49:46,Editorial,Reporter,Related,,1.0
815,ittefaq.com.bd,2018-09-19 19:15:18,Politics,নৌপরিবহন মন্ত্রী,Related,,1.0
816,jagonews24.com,2018-09-22 17:12:23,Sports,reporter,Related,,1.0
817,bd24live.com,2018-09-19 23:51:41,National,Reporter,Related,,1.0
818,independent24.com,2018-09-20 07:12:39,Politics,আওয়ামী লীগের সাধারণ সম্পাদক,Related,,1.0
819,bd-pratidin.com,2018-09-22 20:56:54,Sports,reporter,Related,,1.0
820,prothomalo.com,2018-09-21 18:25:56,Sports,reporter,Related,,1.0
821,ittefaq.com.bd,2018-09-19 19:51:12,National,জনপ্রশাসন মন্ত্রণালয়,Related,,1.0
822,jagonews24.com,2018-09-20 22:00:30,Sports,Reporter,Related,,1.0
823,dailynayadiganta.com,2018-09-20 17:15:02,National,reporter,Related,,1.0
824,independent24.com,2018-09-23 18:07:00,National,তথ্যমন্ত্রী,Related,,1.0
825,ittefaq.com.bd,2018-09-21 15:38:37,National,ময়মনসিংহ স্টেশনের সুপারিনটেনডেন্ট,Related,,1.0
826,rtnn.net,2018-09-23 15:01:15,International,সিএইচআরআইয়ের কোঅর্ডিনেটর দেভিকা প্রসাদ,Related,,1.0
827,bangla.bdnews24.com,2018-09-20 14:49:29,Technology,রয়টার্সের,Related,,1.0
828,samakal.com,2018-09-23 10:53:20,Sports,reporter,Related,,1.0
829,risingbd.com,2018-09-20 17:17:02,Sports,Reporter,Related,,1.0
830,bangla.bdnews24.com,2018-09-22 18:25:32,National,মৃতে্র চাচাত ভাই,Related,,1.0
831,dhakatimes24.com,2018-09-20 08:58:31,National,reporter,Related,,1.0
832,bangla.bdnews24.com,2018-09-21 17:49:34,Technology,Reporter,Related,,1.0
833,banglanews24.com,2018-09-21 20:37:40,Lifestyle,reporter,Related,,1.0
834,risingbd.com,2018-09-20 19:04:47,National,"জাতীয় বিশ্ববিদ্যালয়ের জনসংযোগ, তথ্য ও পরামর্শ দপ্তরের পরিচালক",Related,,1.0
835,somoynews.tv,2018-09-22 08:24:35,Miscellaneous,reporter,Related,,1.0
836,bd-pratidin.com,2018-09-20 01:05:09,Editorial,গণযোগাযোগ ও সাংবাদিকতা বিভাগ ঢাকা বিশ্ববিদ্যালয় অধ্যাপক,Related,,1.0
837,bd24live.com,2018-09-20 11:51:54,Technology,ট্রাক লাগবে’র প্রধান নির্বাহী কর্মকর্তা,Related,,1.0
838,bangla.thereport24.com,2018-09-22 13:05:28,National,হোসাইনী দালান ইমামবাড়ার সুপারিনটেনডেন্ট,Related,,1.0
839,bangla.bdnews24.com,2018-09-21 11:49:23,National,পীরগঞ্জ থানার ওসি,Related,,1.0
840,prothomalo.com,2018-09-19 03:46:00,National,Journalist,Related,,1.0
841,bd24live.com,2018-09-19 19:40:14,National,তদন্তকারী কর্মকর্তা ও গোপালগঞ্জের এএসপি,Related,,1.0
842,jugantor.com,2018-09-20 10:07:34,Editorial,"সারিয়াকান্দি থানার ওসি,কুতুবপুর ইউনিয়নের চেয়ারম্যান",Related,,1.0
843,jagonews24.com,2018-09-19 17:48:21,National,মাদারীপুর জেলা জাতীয় পার্টির (জাপা) সহসভাপতি,Related,,1.0
844,dailynayadiganta.com,2018-09-20 11:14:41,International,আঞ্চলিক বেসামরিক প্রতিরক্ষা কর্মকর্তা,Related,,1.0
845,prothomalo.com,2018-09-22 17:13:56,International,reporter,Related,,1.0
846,dhakatimes24.com,2018-09-22 14:58:53,Entertainment,reporter,Related,,1.0
847,samakal.com,2018-09-22 18:01:57,Sports,reporter,Related,,1.0
848,channelionline.com,2018-09-21 14:26:24,Entertainment,Not Found,Related,,1.0
849,bd-pratidin.com,2018-09-21 10:05:47,Lifestyle,Not Found,Related,,1.0
850,banglanews24.com,2018-09-22 14:34:59,International,ভারতীয় সংবাদ মাধ্যম,Related,,1.0
851,dhakatimes24.com,2018-09-20 19:11:35,National,সদর উপজেলা নির্বাহী কর্মকর্তা,Related,,1.0
852,bangla.thereport24.com,2018-09-19 19:41:23,National,ইউনাইটেড নেশনস ডেভেলপমেন্ট প্রোগ্রাম (ইউএনডিপি) এবং ইউএন ওমেন,Related,,1.0
853,bd24live.com,2018-09-20 16:39:40,National,Reporter,Related,,1.0
854,mzamin.com,2018-09-22 22:08:08,Miscellaneous,বরিশালের জেলা পুলিশ সুপার,Related,,1.0
855,bangla.bdnews24.com,2018-09-20 14:13:28,Sports,Reporter,Related,,1.0
856,banglanews24.com,2018-09-23 07:14:34,National,reporter,Related,,1.0
857,jugantor.com,2018-09-22 14:19:30,Editorial,reporter,Related,,1.0
858,dailynayadiganta.com,2018-09-22 19:03:24,National,reporter,Related,,1.0
859,dhakatimes24.com,2018-09-19 22:14:20,National,"প্রত্যক্ষদর্শী ও পুলিশ, reporter",Related,,1.0
860,dhakatimes24.com,2018-09-19 21:00:20,National,ফরিদপুরে ভ্রাম্যমাণ আদালত নির্বাহী ম্যাজিস্ট্রেট,Related,,1.0
861,jagonews24.com,2018-09-21 17:12:29,Entertainment,Reporter,Related,,1.0
862,bd24live.com,2018-09-22 19:40:11,Politics,দৈনিক যুগশঙ্খ,Related,,1.0
863,bd24live.com,2018-09-20 14:51:50,National,বিআইডাব্লিউটিসি কাঁঠালবাড়ি ঘাট ব্যবস্থাপক,Related,,1.0
864,bhorerkagoj.net,2018-10-03 16:59:42,Politics,ডিএমপি কমিশনার,Related,,1.0
865,bangla.thereport24.com,2018-09-22 01:03:54,Politics,বিএনপির মহাসচিব,Related,,1.0
866,jagonews24.com,2018-09-22 17:48:26,Finance,বিমানের গণমাধ্যম শাখার মহাব্যবস্থাপক,Related,,1.0
867,prothomalo.com,2018-09-22 14:13:33,Sports,reporter,Related,,1.0
868,jugantor.com,2018-09-21 20:55:33,National,সড়ক পরিবহন এবং সেতুমন্ত্রী,Related,,1.0
869,somoynews.tv,2018-09-19 20:26:44,National,খাদ্যমন্ত্রী,Related,,1.0
870,mzamin.com,2018-09-22 10:03:19,National,Journalsit,Related,,1.0
871,mzamin.com,2018-09-25 18:15:47,Sports,reporter,Related,,1.0
872,prothomalo.com,2018-09-19 23:49:33,Finance,বিয়ন্ড বাউন্ডারির সহসভাপতি মো. ফরহাদ রেজা,Related,,1.0
873,banglatribune.com,2018-09-22 15:43:37,National,আওয়ামী লীগের প্রেসিডিয়াম সদস্য ও স্বাস্থ্যমন্ত্রী,Related,,1.0
874,banglatribune.com,2018-09-21 09:03:15,Sports,Reporter,Related,,1.0
875,dailynayadiganta.com,2018-09-19 23:50:18,Sports,reporter,Related,,1.0
876,rtnn.net,2018-09-22 08:21:08,Sports,Reporter,Related,,1.0
877,dhakatimes24.com,2018-09-21 16:10:58,Politics,বিএনপি মহাসচিব মির্জা,Related,,1.0
878,ittefaq.com.bd,2018-09-19 21:39:27,National,সালথা থানা ভারপ্রাপ্ত কর্মকর্তা (ওসি),Related,,1.0
879,jagonews24.com,2018-09-20 11:48:28,National,বাংলাদেশ ইক্ষু গবেষণা ইনস্টিটিউট,Related,,1.0
880,banglanews24.com,2018-09-21 12:07:16,National,হবিগঞ্জের নবাগত পুলিশ সুপার,Related,,1.0
881,channelionline.com,2018-09-21 16:13:36,National,থানার অফিসার,Related,,1.0
883,prothomalo.com,2018-09-21 13:37:33,Editorial,বাংলাদেশ জাতীয় ইমাম সমিতির যুগ্ম মহাসচিব ও আহ্ছানিয়া ইনস্টিটিউট অব সুফিজম,Related,,1.0
884,jagonews24.com,2018-09-20 13:00:36,International,Not Found,Related,,1.0
885,dailynayadiganta.com,2018-09-19 18:26:39,National,ফুলবাড়ী থানার এসআই,Related,,1.0
886,dhakatimes24.com,2018-09-20 13:11:31,Editorial,Reporter,Related,,1.0
887,prothomalo.com,2018-09-22 16:38:08,National,বগুড়া রেলস্টেশন সুপার,Related,,1.0
888,bangla.bdnews24.com,2018-09-21 23:50:39,International,মেলবোর্নের পুলিশ প্রধান,Related,,1.0
889,somoynews.tv,2018-09-22 13:54:27,Sports,Reporter,Related,,1.0
890,somoynews.tv,2018-09-19 18:18:22,Sports,Reporter,Related,,1.0
891,dhakatimes24.com,2018-09-20 09:34:53,National,আবহাওয়া অধিদপ্তর,Related,,1.0
892,rtnn.net,2018-09-22 11:57:37,International,বিবিসি,Related,,1.0
893,jagonews24.com,2018-09-22 13:36:28,International,মালের বাংলাদেশ দূতাবাস,Related,,1.0
894,channelionline.com,2018-09-21 20:25:38,Sports,Reporter,Related,,1.0
895,dhakatimes24.com,2018-09-19 20:24:13,National,জেলা প্রশাসকের কার্যালয় নির্বাহী ম্যাজিস্ট্রেট,Related,,1.0
896,channelionline.com,2018-09-19 18:37:17,National,reporter,Related,,1.0
897,channelionline.com,2018-09-22 10:13:19,Politics,বিএনপির স্থায়ী কমিটির সদস্য ও ২০ দলীয় জোটের সমন্বয়ক,Related,,1.0
898,jugantor.com,2018-09-22 16:07:45,Editorial,"পল্লী বিদ্যুৎ সমিতি সিলেট-১ জোনাল অফিসের ডিজিএম প্রকৌশলী,ওসমানীনগর থানার এসআই",Related,,1.0
899,banglanews24.com,2018-09-22 04:13:32,Lifestyle,বক্ষব্যধি বিশেষজ্ঞ,Related,,1.0
900,prothomalo.com,2018-09-20 23:49:44,International,সিএনএনে,Related,,1.0
901,banglanews24.com,2018-09-21 12:46:41,Politics,বিএনপির স্থায়ী কমিটির সদস্য,Related,,1.0
902,banglanews24.com,2018-09-19 23:29:49,National,আড়াইহাজার থানার উপ-পরিদর্শক (এসআই),Related,,1.0
903,banglanews24.com,2018-09-20 18:10:38,National,"দশমিনা থানার ভারপ্রাপ্ত কর্মকর্তা (ওসি),নিহতের স্বজনরা",Related,,1.0
904,prothomalo.com,2018-09-20 11:13:50,National,journalist,Related,,1.0
905,risingbd.com,2018-09-21 17:52:41,Entertainment,Reporter,Related,,1.0
906,mzamin.com,2018-09-22 18:28:11,Miscellaneous,Journalist,Related,,1.0
907,kalerkantho.com,2018-09-21 21:26:06,International,এমপি নবী নেওয়াজ শোডাউন,Related,,1.0
908,banglatribune.com,2018-09-21 18:38:11,National,ফুলবাড়ী থানার ভারপ্রাপ্ত কর্মকর্তা (ওসি),Related,,1.0
909,risingbd.com,2018-09-21 06:27:40,National,দৌলতপুর থানার ওসি,Related,,1.0
910,banglanews24.com,2018-09-19 19:57:10,National,Reporter,Related,,1.0
911,kalerkantho.com,2018-09-20 12:26:09,International,গার্ডিয়ান,Related,,1.0
912,jugantor.com,2018-09-19 18:31:28,Editorial,দলটির স্থায়ী কমিটির সদস্য,Related,,1.0
913,banglatribune.com,2018-09-21 21:44:54,Politics,আওয়ামী লীগ সভাপতি ও প্রধানমন্ত্রী,Related,,1.0
914,risingbd.com,2018-09-20 18:28:42,Entertainment,নির্মাতা,Related,,1.0
915,dhakatimes24.com,2018-09-20 13:47:52,Politics,আওয়ামী লীগের সাধারণ সম্পাদক,Related,,1.0
916,independent24.com,2018-09-23 09:39:42,Sports,reporter,Related,,1.0
917,kalerkantho.com,2018-09-22 02:49:30,International,সাবেক শিক্ষা প্রতিমন্ত্রী,Related,,1.0
918,banglatribune.com,2018-09-21 17:29:44,Editorial,Reporter,Related,,1.0
920,samakal.com,2018-09-20 20:27:20,Entertainment,Reporter,Related,,1.0
921,bd24live.com,2018-09-19 20:52:10,National,Reporter,Related,,1.0
922,banglatribune.com,2018-09-21 15:07:07,Politics,বিএনপির স্থায়ী কমিটির সদস্য,Related,,1.0
923,banglanews24.com,2018-09-23 10:22:48,Miscellaneous,সংবাদমাধ্যম,Related,,1.0
924,jugantor.com,2018-09-19 22:09:23,Editorial,ইসলামি প্রতিরোধ আন্দোলন হামাসের রাজনৈতিক শাখার প্রধান,Related,,1.0
925,bd-pratidin.com,2018-09-19 23:53:06,Editorial,Reporter,Related,,1.0
926,somoynews.tv,2018-09-22 13:54:31,Entertainment,ইনস্টাগ্রাম,Related,,1.0
927,dailyjanakantha.com,2018-09-20 16:01:05,International,মালয়েশিয়ার স্বাস্থ্যমন্ত্রী,Related,,1.0
928,independent24.com,2018-09-21 19:50:32,International,তদন্তকারী এক কর্মকর্তা,Related,,1.0
930,rtnn.net,2018-09-24 13:50:13,National,নাইক্ষ্যংছড়ি থানার ভারপ্রাপ্ত কর্মকর্তা (ওসি),Related,,1.0
931,mzamin.com,2018-09-22 23:53:13,Miscellaneous,আ’লীগের সাধারন সম্পাদক ও সেতু মন্ত্রী,Related,,1.0
932,samakal.com,2018-09-23 13:15:39,Technology,আনন্দবাজার,Related,,1.0
933,independent24.com,2018-09-24 22:52:38,National,মৎস্য ও প্রাণীসম্পদ মন্ত্রী,Related,,1.0
934,rtnn.net,2018-09-22 22:15:38,Politics,প্রধানমন্ত্রীর উপদেষ্টা এইচ. টি. ইমাম,Related,,1.0
935,ittefaq.com.bd,2018-09-19 20:27:17,National,যোগাযোগ মন্ত্রণালয়ের এক সংবাদ বিজ্ঞপ্তিতে,Related,,1.0
936,bangla.bdnews24.com,2018-09-21 17:13:31,International,Reporter,Related,,1.0
937,dhakatimes24.com,2018-09-20 13:47:54,Technology,Reporter,Related,,1.0
938,channelionline.com,2018-09-22 15:37:24,Technology,Not Found,Related,,1.0
939,bd24live.com,2018-09-21 20:51:42,National,পুজার প্রধান পৃষ্টপোষক ও আয়োজক,Related,,1.0
940,banglanews24.com,2018-09-23 11:32:28,Sports,reporter,Related,,1.0
941,risingbd.com,2018-09-22 15:28:15,National,হুয়াওয়ের গ্লোবাল সিএসআর প্রধান,Related,,1.0
942,dhakatimes24.com,2018-09-20 22:12:18,National,বাসন থানার এসআই,Related,,1.0
943,bd-pratidin.com,2018-09-20 15:31:23,Sports,Reporter,Related,,1.0
944,channelionline.com,2018-09-19 18:37:15,National,প্রধানমন্ত্রী,Related,,1.0
945,bangla.bdnews24.com,2018-09-19 20:13:42,Sports,মাশরাফি,Related,,1.0
946,bangla.thereport24.com,2018-09-22 11:17:42,Sports,Reporter,Related,,1.0
947,dailyjanakantha.com,2018-09-20 18:24:58,Sports,reporter,Related,,1.0
948,risingbd.com,2018-09-22 13:40:03,Crime,ডিএমপির কাউন্টার টেররিজম অ্যান্ড ট্রান্সন্যাশনাল ক্রাইম ইউনিটের প্রধান ডিআইজি,Related,,1.0
949,kalerkantho.com,2018-09-19 23:50:09,Sports,Journalist,Related,,1.0
950,kalerkantho.com,2018-09-22 14:13:49,International,"মুসলিম মিশন কলেজের অধ্যক্ষ ,বিবেকের প্রধান সমন্বয়কারী",Related,,1.0
951,channelionline.com,2018-09-21 00:39:18,Sports,reporter,Related,,1.0
952,ittefaq.com.bd,2018-09-22 00:05:56,National,দুর্যোগ ব্যবস্থাপনা ও ত্রাণমন্ত্রী,Related,,1.0
953,mzamin.com,2018-09-19 19:04:25,International,এএফপি,Related,,1.0
954,mzamin.com,2018-09-23 12:28:33,International,বার্তা সংস্থা পিটিআই,Related,,1.0
955,banglanews24.com,2018-09-22 07:49:24,National,বাউফল উপজেলা জনকল্যাণ সমিতি,Related,,1.0
956,bd-pratidin.com,2018-09-21 00:30:10,National,Reporter,Related,,1.0
957,independent24.com,2018-09-22 10:13:51,National,reporter,Related,,1.0
958,banglatribune.com,2018-09-21 18:38:05,Sports,reporter,Related,,1.0
959,banglatribune.com,2018-09-20 00:05:07,Miscellaneous,"ঢাকা বিশ্ববিদ্যালয়ের মনোবিজ্ঞান বিভাগের অধ্যাপক,ঢাকা বিশ্ববিদ্যালয়ের উপাচার্য",Related,,1.0
960,banglanews24.com,2018-09-22 15:52:00,National,কদমতলী থানার (ওসি-তদন্ত),Related,,1.0
961,dailynayadiganta.com,2018-09-20 01:02:23,Miscellaneous,reporter,Related,,1.0
962,jagonews24.com,2018-09-21 17:48:28,Sports,reporter,Related,,1.0
963,dailynayadiganta.com,2018-09-22 10:38:12,Sports,reporter,Related,,1.0
964,ittefaq.com.bd,2018-09-20 13:14:19,Sports,"পাকিস্তানের অধিনায়ক ,ভারতের অধিনায়ক",Related,,1.0
965,banglanews24.com,2018-09-21 22:53:00,Education,reporter,Related,,1.0
966,bd24live.com,2018-09-19 23:16:04,Entertainment,Reporter,Related,,1.0
967,risingbd.com,2018-09-19 18:28:35,Sports,হংকং অধিনায়ক,Related,,1.0
968,bd24live.com,2018-09-19 22:41:00,National,বিএনপির সাধারণ সম্পাদক,Related,,1.0
969,dhakatimes24.com,2018-09-19 22:49:40,National,তদন্তকারী কর্মকর্তা ওসি,Related,,1.0
970,independent24.com,2018-09-21 15:38:30,National,পুলিশ,Related,,1.0
971,bangla.bdnews24.com,2018-09-20 14:49:30,International,Reporter,Related,,1.0
972,banglatribune.com,2018-09-20 18:07:42,International,Reporter,Related,,1.0
973,risingbd.com,2018-09-22 09:27:44,Sports,ক্রীড়া ডেস্ক,Related,,1.0
974,bd24live.com,2018-09-19 20:16:25,National,রাজশাহী মহানগরীর বোয়ালিয়া থানার ভারপ্রাপ্ত কর্মকর্তা,Related,,1.0
975,mzamin.com,2018-09-26 22:32:19,Sports,reporter,Related,,1.0
976,kalerkantho.com,2018-09-20 23:50:00,Miscellaneous,নায়িকা,Related,,1.0
977,banglatribune.com,2018-09-21 15:06:28,Sports,Reporter,Related,,1.0
978,bd-pratidin.com,2018-09-21 06:29:04,National,reporter,Related,,1.0
979,banglanews24.com,2018-09-22 11:29:54,Miscellaneous,Reporter,Related,,1.0
980,samakal.com,2018-09-23 11:26:46,National,বাংলাদেশ পরিবেশ আইনবিদ সমিতি (বেলা),Related,,1.0
981,bd-pratidin.com,2018-09-19 23:53:15,International,সিন্ধুর প্রাদেশিক সরকারের স্থানীয় সরকার মন্ত্রী,Related,,1.0
982,dailyjanakantha.com,2018-09-22 13:37:00,National,reporter,Related,,1.0
984,ittefaq.com.bd,2018-09-19 18:38:02,Sports,reporter,Related,,1.0
985,independent24.com,2018-09-24 00:09:23,Crime,টিআইবি,Related,,1.0
986,banglanews24.com,2018-09-19 20:33:31,National,"রাজশাহী মহানগরীর বোয়ালিয়া থানার ভারপ্রাপ্ত কর্মকর্তা,নিহত লিটনের বড় ভাই",Related,,1.0
987,ittefaq.com.bd,2018-09-20 09:01:34,National,নির্বাচন কমিশন,Related,,1.0
988,samakal.com,2018-09-23 15:40:02,National,সাতক্ষীরা জেলা পুলিশের বিশেষ শাখার পরিদর্শক,Related,,1.0
989,banglatribune.com,2018-09-20 16:17:18,National,নৌপরিবহনমন্ত্রী,Related,,1.0
990,bangla.bdnews24.com,2018-09-21 23:14:00,Sports,reporter,Related,,1.0
991,ittefaq.com.bd,2018-09-21 19:14:00,National,র‌্যাব-৭,Related,,1.0
992,jagonews24.com,2018-09-22 17:12:27,Entertainment,reporter,Related,,1.0
993,banglanews24.com,2018-09-22 12:10:16,National,গৌরনদী হাইওয়ে থানার ভারপ্রাপ্ত কর্মকর্তা (ওসি),Related,,1.0
994,dailynayadiganta.com,2018-09-21 19:02:36,Politics,বিএনপির  মহাসচিব,Related,,1.0
995,kalerkantho.com,2018-09-19 18:26:00,Entertainment,Journalist,Related,,1.0
996,rtnn.net,2018-09-23 13:46:20,National,নানিয়ারচর থানার ভারপ্রাপ্ত কর্মকর্তা (ওসি) আব্দুল লতিফ,Related,,1.0
997,bd-pratidin.com,2018-09-22 01:04:19,National,সিনথিয়ার পিতা,Related,,1.0
998,bhorerkagoj.net,2018-10-11 10:23:49,Lifestyle,ডয়েচে ভ্যালে,Related,,1.0
999,bd-pratidin.com,2018-09-21 14:53:45,Sports,reporter,Related,,1.0
1000,banglanews24.com,2018-09-20 16:57:51,National,রাজেন্দ্রপুর সীমান্ত ফাঁড়ির নায়েক সুবেদার,Related,,1.0
1001,risingbd.com,2018-09-21 15:28:48,National,সড়ক পরিবহন ও সেতুমন্ত্রী,Related,,1.0
1002,bd24live.com,2018-09-20 09:27:33,National,বিজিবি-কুমিল্লার সেক্টর কমান্ডার,Related,,1.0
1003,banglanews24.com,2018-09-20 15:45:18,National,ভিশন ইলেকট্রনিক্সের মহাব্যবস্থাপক (বিপণন),Related,,1.0
1004,dailynayadiganta.com,2018-09-22 12:26:33,Sports,reporter,Related,,1.0
1005,prothomalo.com,2018-09-21 10:01:32,Lifestyle,এনডিটিভি,Related,,1.0
1006,bd-pratidin.com,2018-09-22 13:06:34,National,জাতিসংঘে নিযুক্ত বাংলাদেশের স্থায়ী প্রতিনিধি,Related,,1.0
1007,banglanews24.com,2018-09-22 19:53:56,International,"আঞ্চলিক ডেপুটি গভর্নর ,রাষ্ট্রীয় বার্তা সংস্থা",Related,,1.0
1008,jugantor.com,2018-09-19 19:07:28,Editorial,উপজেলা নির্বাহী কর্মকর্তা,Related,,1.0
1009,jagonews24.com,2018-09-22 17:12:26,International,আইআরএনএ,Related,,1.0
1010,jagonews24.com,2018-09-20 09:24:29,Sports,reporter,Related,,1.0
1011,independent24.com,2018-09-24 09:38:52,Politics,reporter,Related,,1.0
1012,banglanews24.com,2018-09-19 21:06:13,National,ঝিনাইদহ সদর থানার ভারপ্রাপ্ত কর্মকর্তা (ওসি),Related,,1.0
1013,banglatribune.com,2018-09-20 13:14:58,National,রাঙ্গাবালী থানার ওসি,Related,,1.0
1014,dailynayadiganta.com,2018-09-20 18:26:38,National,ব্রাহ্মণবাড়িয়া রেল স্টেশনের পুলিশ ক্যাম্পের ইনচার্জ,Related,,1.0
1015,prothomalo.com,2018-09-21 14:13:35,Technology,শাওমি,Related,,1.0
1016,kalerkantho.com,2018-09-20 14:14:31,Entertainment,ইনস্টাগ্রাম,Related,,1.0
1017,bangla.bdnews24.com,2018-09-21 23:50:40,National,আমীর খসরু মাহমুদ চৌধুরী,Related,,1.0
1018,dhakatimes24.com,2018-09-21 15:35:26,International,রয়টার্স,Related,,1.0
1019,banglatribune.com,2018-09-22 10:52:24,Sports,অধিনায়ক,Related,,1.0
1021,jagonews24.com,2018-09-22 11:12:30,Sports,reporter,Related,,1.0
1022,samakal.com,2018-09-20 17:25:16,Entertainment,Reporter,Related,,1.0
1023,independent24.com,2018-09-22 09:37:43,National,দুর্নীতি দমন কমিশন,Related,,1.0
1024,mzamin.com,2018-09-25 02:51:39,National,reporter,Related,,1.0
1025,bhorerkagoj.net,2018-10-07 16:59:54,Miscellaneous,reporter,Related,,1.0
1026,bangla.thereport24.com,2018-09-23 16:43:03,Politics,Reporter,Related,,1.0
1027,dhakatimes24.com,2018-09-21 10:11:08,Sports,Reporter,Related,,1.0
1028,banglanews24.com,2018-09-22 20:34:01,National,ঝিনাইদহের সিনিয়র সহকারী পুলিশ সুপার (শৈলকুপা সার্কেল),Related,,1.0
1029,channelionline.com,2018-09-20 12:39:05,National,আওয়ামী লীগের সাধারণ সম্পাদক ওবায়দুল কাদের,Related,,1.0
1030,banglanews24.com,2018-09-22 12:43:12,National,reporter,Related,,1.0
1031,banglanews24.com,2018-09-19 19:18:27,Sports,Reporter,Related,,1.0
1032,dhakatimes24.com,2018-09-20 20:11:37,Crime,জিয়া চ্যারিটেবল ট্রাস্ট মামলার বিচারক,Related,,1.0
1033,bd24live.com,2018-09-22 11:15:41,Miscellaneous,reporter,Related,,1.0
1034,banglanews24.com,2018-09-20 18:40:58,Education,Reporter,Related,,1.0
1035,dailynayadiganta.com,2018-09-20 23:14:52,Education,শিক্ষামন্ত্রী,Related,,1.0
1036,banglatribune.com,2018-09-22 10:52:24,National,ইউনাইটেড পিপলস ডেমোক্রেটিক ফ্রন্টের (ইউপিডিএফ),Related,,1.0
1037,bd24live.com,2018-09-20 19:04:22,National,স্থানীয় ইউপি সদস্য,Related,,1.0
1038,somoynews.tv,2018-09-21 22:14:11,National,প্রেসক্লাব,Related,,1.0
1039,bd24live.com,2018-09-22 09:27:21,National,reporter,Related,,1.0
1040,banglanews24.com,2018-09-21 13:52:40,Entertainment,Reporter,Related,,1.0
1041,prothomalo.com,2018-09-20 15:26:46,National,ঢাকা মহানগর পুলিশের তেজগাঁও অঞ্চলের সহকারী কমিশনার,Related,,1.0
1042,banglanews24.com,2018-09-20 06:39:32,National,"সড়ক পরিবহন ও সেতুমন্ত্রী ,সরকার দলীয় সংসদ সদস্য",Related,,1.0
1043,dailynayadiganta.com,2018-09-22 10:01:58,International,মার্কিন পররাষ্ট্র দপ্তর,Related,,1.0
1044,banglatribune.com,2018-09-19 20:31:05,National,আড়াইহাজার থানার ওসি,Related,,1.0
1045,bangla.thereport24.com,2018-09-21 14:16:47,International,মালয়েশিয়া পুলিশের সহকারী মহাপরিদর্শক,Related,,1.0
1046,bhorerkagoj.net,2018-09-29 16:59:40,Sports,not found,Related,,1.0
1047,banglatribune.com,2018-09-22 10:19:37,International,দীপপু‌ঞ্জের গভর্নর অফিসের পক্ষ,Related,,1.0
1048,jugantor.com,2018-09-22 16:48:32,Editorial,Not Found,Related,,1.0
1049,independent24.com,2018-09-23 07:12:12,Sports,reporter,Related,,1.0
1050,ittefaq.com.bd,2018-09-22 16:55:57,National,পুলিশ,Related,,1.0
1051,jugantor.com,2018-09-22 01:43:37,Editorial,reporter,Related,,1.0
1052,jugantor.com,2018-09-20 13:07:18,Editorial,Reporter,Related,,1.0
1053,jagonews24.com,2018-09-22 02:12:29,Education,রাজশাহী বিশ্বিবদ্যালয় শাখা ছাত্রলীগের সভাপতি,Related,,1.0
1054,jugantor.com,2018-09-22 00:30:28,Editorial,রামগড় থানার ওসি,Related,,1.0
1055,dhakatimes24.com,2018-09-21 16:10:59,Politics,বিএনপি  মহাসচিব মির্জা,Related,,1.0
1056,bd24live.com,2018-09-20 09:27:32,International,ডন,Related,,1.0
1057,channelionline.com,2018-09-21 09:37:46,Politics,রওশন এরশাদ,Related,,1.0
1058,bd-pratidin.com,2018-09-20 13:42:03,International,বিবিসি,Related,,1.0
1059,bangla.thereport24.com,2018-09-21 13:05:04,National,দশমিনা থানার ভারপ্রাপ্ত কর্মকর্তা,Related,,1.0
1060,mzamin.com,2018-09-24 23:16:48,National,কিশোরগঞ্জ সদর মডেল থানার ভারপ্রাপ্ত কর্মকর্তা,Related,,1.0
1061,banglatribune.com,2018-09-19 19:54:51,Miscellaneous,ঢামেক হাসপাতাল পুলিশ ফাঁড়ির উপ-পরিদর্শক,Related,,1.0
1062,ittefaq.com.bd,2018-09-20 03:01:12,International,বিবিসি,Related,,1.0
1063,risingbd.com,2018-09-22 14:52:23,National,Reporter,Related,,1.0
1064,ittefaq.com.bd,2018-09-22 00:38:24,National,পাবনার থানার অফিসার ইনচার্জ,Related,,1.0
1065,banglanews24.com,2018-09-22 13:20:53,Sports,reporter,Related,,1.0
1066,channelionline.com,2018-09-22 16:14:34,Politics,Reporter,Related,,1.0
1067,jagonews24.com,2018-09-21 11:12:30,National,reporter,Related,,1.0
1068,dhakatimes24.com,2018-09-21 11:59:12,National,থানার ভারপ্রাপ্ত কর্মকর্তা,Related,,1.0
1069,bangla.thereport24.com,2018-09-23 14:55:59,National,বাসন থানার ভারপ্রাপ্ত কর্মকর্তা (ওসি),Related,,1.0
1070,banglatribune.com,2018-09-21 17:29:44,National,গোপালগঞ্জ সদর থানার এসআই,Related,,1.0
1071,somoynews.tv,2018-09-21 22:14:11,Sports,বিসিবি,Related,,1.0
1072,banglanews24.com,2018-09-22 21:45:11,National,Reporter,Related,,1.0
1073,independent24.com,2018-09-21 18:04:02,National,reporter,Related,,1.0
1074,dailynayadiganta.com,2018-09-21 02:14:10,National,জাতীয় সংসদের বিরোধী দলীয় নেতা,Related,,1.0
1075,somoynews.tv,2018-09-21 15:37:55,National,আলীপুর মৎস্য বন্দর সভাপতি,Related,,1.0
1076,ittefaq.com.bd,2018-09-20 17:27:02,National,উপজেলা কৃষি অফিস,Related,,1.0
1079,mzamin.com,2018-09-21 19:04:30,National,বৈঠক সূত্র,Related,,1.0
1080,rtnn.net,2018-09-21 08:21:40,International,ডয়েচে ভেলে,Related,,1.0
1081,bangla.bdnews24.com,2018-09-20 16:37:24,Finance,Reporter,Related,,1.0
1082,independent24.com,2018-09-22 16:15:06,National,reporter,Related,,1.0
1083,dailyjanakantha.com,2018-09-20 12:25:13,Technology,Not Found,Related,,1.0
1084,kalerkantho.com,2018-09-21 00:25:53,Sports,Reporter,Related,,1.0
1085,bhorerkagoj.net,2018-09-29 16:59:36,International,নিউইয়র্ক টাইমস,Related,,1.0
1086,banglatribune.com,2018-09-22 12:02:39,Politics,reporter,Related,,1.0
1087,banglanews24.com,2018-09-22 19:53:02,National,কমলগঞ্জ থানার ভারপ্রাপ্ত কর্মকর্তা (ওসি),Related,,1.0
1088,bangla.thereport24.com,2018-09-21 13:40:32,National,মার্কিন পররাষ্ট্র মন্ত্রণালয়,Related,,1.0
1089,kalerkantho.com,2018-09-20 16:02:31,Entertainment,দি ইন্ডিয়ান এক্সপ্রেস,Related,,1.0
1090,dhakatimes24.com,2018-09-21 17:58:57,Sports,Reporter,Related,,1.0
1091,bhorerkagoj.net,2018-09-29 16:59:38,International,reporter,Related,,1.0
1092,rtnn.net,2018-09-22 11:23:00,National,সড়ক পরিবহন ও সেতুমন্ত্রী,Related,,1.0
1093,rtnn.net,2018-09-21 23:23:47,International,Inclusive Mosque Initiative (IMI) এর ট্রাস্টি নাঈমা খান,Related,,1.0
1094,ittefaq.com.bd,2018-09-21 12:38:33,International,ক্যালিফোর্নিয়ার গভর্নর,Related,,1.0
1095,jagonews24.com,2018-09-18 13:33:00,International,এনডিটিভি,Related,,1.0
1096,banglanews24.com,2018-09-21 21:21:52,National,ফায়ার সার্ভিস,Related,,1.0
1097,somoynews.tv,2018-09-22 17:27:27,National,জাতিসংঘ,Related,,1.0
1098,banglanews24.com,2018-09-22 14:00:36,Sports,reporter,Related,,1.0
1099,banglanews24.com,2018-09-21 19:53:26,National,জাতীয় সংসদের ডেপুটি স্পিকার,Related,,1.0
1100,kalerkantho.com,2018-09-21 10:37:53,Entertainment,reporter,Related,,1.0
1101,bangla.bdnews24.com,2018-09-20 02:49:18,National,মন্ত্রিপরিষদ বিভাগের অতিরিক্ত সচিব,Related,,1.0
1102,kalerkantho.com,2018-09-20 16:37:55,National,বিশ্বব্যাংক,Related,,1.0
1103,bd24live.com,2018-09-21 17:15:52,Miscellaneous,reporter,Related,,1.0
1104,bd-pratidin.com,2018-09-20 08:16:46,Sports,reporter,Related,,1.0
1105,risingbd.com,2018-09-20 16:40:11,Crime,আদালত,Related,,1.0
1106,jugantor.com,2018-09-20 19:07:33,Editorial,Reporter,Related,,1.0
1107,channelionline.com,2018-09-19 18:37:19,Sports,"পাকিস্তানের জিও নিউজ, ভারতের আজ তাক",Related,,1.0
1109,rtnn.net,2018-09-23 12:02:37,International,এএফপি,Related,,1.0
1110,jagonews24.com,2018-09-19 18:24:23,National,গার্মেন্ট শ্রমিক ট্রেড ইউনিয়ন কেন্দ্র,Related,,1.0
1111,jagonews24.com,2018-09-20 08:48:27,Entertainment,reporter,Related,,1.0
1112,prothomalo.com,2018-09-21 16:37:54,National,সুপ্রিম কোর্ট আইনজীবী,Related,,1.0
1113,prothomalo.com,2018-09-20 12:25:49,National,পানিসম্পদ মন্ত্রণালয়ের সচিব,Related,,1.0
1115,dailynayadiganta.com,2018-09-22 11:14:39,International,ভারতীয় মিডিয়া,Related,,1.0
1116,banglanews24.com,2018-09-20 09:41:26,Sports,অনূর্ধ্ব-১৯ দলের নির্বাচক ও সাবেক ক্রিকেটার,Related,,1.0
1117,ittefaq.com.bd,2018-09-20 12:39:57,National,নরসিংদীর সিনিয়র সহকারী পুলিশ সুপার,Related,,1.0
1118,risingbd.com,2018-09-19 20:52:55,National,প্রধানমন্ত্রী,Related,,1.0
1119,bd-pratidin.com,2018-09-19 22:07:28,National,Reporter,Related,,1.0
1120,banglanews24.com,2018-09-22 17:46:24,National,শায়েস্তাগঞ্জ রেলওয়ে পুলিশ ফাঁড়ির ইনচার্জ,Related,,1.0
1121,bd24live.com,2018-09-20 13:03:57,National,Reporter,Related,,1.0
1122,jugantor.com,2018-09-22 11:54:19,National,আফগান অধিনায়ক,Related,,1.0
1123,samakal.com,2018-09-21 01:49:07,National,Reporter,Related,,1.0
1124,dhakatimes24.com,2018-09-21 08:22:25,Sports,Reporter,Related,,1.0
1125,jugantor.com,2018-09-20 16:42:36,Editorial,Reporter,Related,,1.0
1126,dhakatimes24.com,2018-09-19 20:24:25,National,"সংসদীয় কমিটি, কোটা পর্যালোচনা কমিটির প্রধান মন্ত্রিপরিষদ সচিব",Related,,1.0
1127,bangla.bdnews24.com,2018-09-20 20:49:50,International,Reporter,Related,,1.0
1128,bd-pratidin.com,2018-09-19 23:53:03,National,Reporter,Related,,1.0
1129,kalerkantho.com,2018-09-20 04:01:36,International,Journalist,Related,,1.0
1130,dhakatimes24.com,2018-09-19 21:36:10,Education,বিশ্ববিদ্যালয় প্রশাসন,Related,,1.0
1131,mzamin.com,2018-09-24 14:18:33,National,বিএনপি,Related,,1.0
1132,jugantor.com,2018-09-21 11:55:08,Editorial,Reporter,Related,,1.0
1133,dhakatimes24.com,2018-09-20 07:46:22,National,জনপ্রশাসন মন্ত্রণালয়,Related,,1.0
1134,ittefaq.com.bd,2018-09-20 18:05:04,National,নাগেশ্বরী থানার এসআই,Related,,1.0
1135,banglatribune.com,2018-09-20 12:43:41,International,মার্কিন পররাষ্ট্রমন্ত্রী,Related,,1.0
1136,dailynayadiganta.com,2018-09-22 18:26:33,Sports,reporter,Related,,1.0
1137,kalerkantho.com,2018-09-21 00:25:53,International,বিশ্ববিদ্যালয়ের উপাচার্য,Related,,1.0
1138,dailyjanakantha.com,2018-09-22 19:01:21,National,reporter,Related,,1.0
1139,somoynews.tv,2018-09-21 21:39:47,Sports,কুইন্সে ডে কেয়ার,Related,,1.0
1140,prothomalo.com,2018-09-19 21:25:36,National,খুলনা নগরের শহীদ হাদিস পার্কে যুক্তফ্রন্টের জনসভা,Related,,1.0
1141,risingbd.com,2018-09-22 13:04:36,National,শ্রীপুর থানার অফিসার ইনচার্জ,Related,,1.0
1142,jagonews24.com,2018-09-19 19:36:16,National,প্রাক্তণ রাষ্ট্রপতি ও জাতীয় পার্টির চেয়ারম্যান,Related,,1.0
1143,jagonews24.com,2018-09-22 11:48:23,Politics,reoporter,Related,,1.0
1144,prothomalo.com,2018-09-21 11:49:40,National,শিবপুর পুলিশ ফাঁড়ির সার্জেন্ট,Related,,1.0
1145,prothomalo.com,2018-09-21 22:38:00,Sports,বিসিবি,Related,,1.0
1146,prothomalo.com,2018-09-22 15:25:39,National,আওয়ামী লীগের সাধারণ সম্পাদক,Related,,1.0
1147,independent24.com,2018-09-22 15:37:53,International,Not Found,Related,,1.0
1148,jagonews24.com,2018-09-19 17:48:18,Education,বিশ্ববিদ্যালয় প্রশাসন,Related,,1.0
1149,rtnn.net,2018-09-23 17:22:19,International,ভিয়েতনাম রাষ্ট্রীয় সংবাদ মাধ্যম,Related,,1.0
1150,dhakatimes24.com,2018-09-21 16:10:53,International,Reporter,Related,,1.0
1151,kalerkantho.com,2018-09-20 12:26:22,National,"বিবিসি, এএফপি, সিএনএন",Related,,1.0
1152,banglanews24.com,2018-09-20 18:10:35,National,Reporter,Related,,1.0
1153,ittefaq.com.bd,2018-09-20 02:24:59,National,reporter,Related,,1.0
1154,bd24live.com,2018-09-21 18:28:17,National,রায়ণগঞ্জ-৫ আসনের সংসদ সদস্য,Related,,1.0
1155,risingbd.com,2018-09-22 16:45:11,Technology,টাইমস অব ইন্ডিয়া,Related,,1.0
1156,dhakatimes24.com,2018-09-22 13:11:52,National,পুলিশ,Related,,1.0
1157,banglanews24.com,2018-09-20 19:16:16,National,"ঢালচরের মৎস্য আড়ৎদার ,কোস্টগার্ড দক্ষিণ জোনের অপারেশন অফিসার লেফটেন্যান্ট",Related,,1.0
1158,prothomalo.com,2018-09-22 12:25:38,Entertainment,সুবীর নন্দী,Related,,1.0
1159,kalerkantho.com,2018-09-20 13:38:00,National,reporter,Related,,1.0
1160,ittefaq.com.bd,2018-09-20 20:28:39,Entertainment,Reporter,Related,,1.0
1161,bd24live.com,2018-09-21 19:04:10,Politics,বিএনপির ভাইস চেয়ারম্যান,Related,,1.0
1162,bd24live.com,2018-09-20 15:28:39,National,পররাষ্ট্রমন্ত্রী,Related,,1.0
1163,banglatribune.com,2018-09-20 09:39:23,National,মন্ত্রিপরিষদ বিভাগের সমন্বয় ও সংস্কার সচিব,Related,,1.0
1164,kalerkantho.com,2018-09-21 10:37:52,Entertainment,reporter,Related,,1.0
1165,ittefaq.com.bd,2018-09-20 14:28:44,Politics,আওয়ামী লীগের সাধারণ সম্পাদক,Related,,1.0
1167,ittefaq.com.bd,2018-09-21 10:50:07,International,reporter,Related,,1.0
1168,jagonews24.com,2018-09-19 11:26:00,International,Not Found,Related,,1.0
1169,somoynews.tv,2018-09-20 12:39:23,Entertainment,Not Found,Related,,1.0
1170,mzamin.com,2018-09-20 14:52:19,International,এএফপি,Related,,1.0
1171,bd-pratidin.com,2018-09-22 19:42:27,Sports,টুইটার,Related,,1.0
1172,dhakatimes24.com,2018-09-21 13:46:56,Sports,reporter,Related,,1.0
1173,bangla.bdnews24.com,2018-09-20 17:13:44,National,গাইবান্ধা সদর থানার ওসি,Related,,1.0
1174,jagonews24.com,2018-09-19 12:49:00,National,reporter,Related,,1.0
1175,banglatribune.com,2018-09-20 16:51:02,Sports,ক্রিকইনফো,Related,,1.0
1176,jagonews24.com,2018-09-20 11:12:24,International,Not Found,Related,,1.0
1177,somoynews.tv,2018-09-21 14:26:36,Finance,Reporter,Related,,1.0
1178,rtnn.net,2018-09-21 20:22:16,National,বাংলাদেশ মুঠোফোন গ্রাহক এসোসিয়েশন,Related,,1.0
1179,banglanews24.com,2018-09-22 20:34:00,Politics,Reporter,Related,,1.0
1180,banglatribune.com,2018-09-22 10:17:18,Editorial,সূত্র : ঢাকা ট্রিবিউন,Related,,1.0
1181,kalerkantho.com,2018-09-22 01:37:34,International,দক্ষিণ আফ্রিকার সাংবিধানিক আদালত,Related,,1.0
1182,banglanews24.com,2018-09-21 19:53:22,National,ময়মনসিংহ রেলওয়ে স্টেশন কর্তৃপক্ষ,Related,,1.0
1183,risingbd.com,2018-09-21 17:52:40,National,গোপালগঞ্জ আবহাওয়া অফিসের দায়িত্বপ্রাপ্ত কর্মকর্তা,Related,,1.0
1184,banglatribune.com,2018-09-22 10:19:37,Crime,ঢামেক হাসপাতাল পুলিশ ক্যাম্পের ইনচার্জ (এসআই),Related,,1.0
1185,prothomalo.com,2018-09-22 10:01:26,National,গোলড়া হাইওয়ে থানার ভারপ্রাপ্ত কর্মকর্তা (ওসি),Related,,1.0
1186,rtnn.net,2018-09-22 23:27:52,International,রয়টার্স,Related,,1.0
1187,bd-pratidin.com,2018-09-20 23:53:34,National,"গণসংহতি আন্দোলনের প্রধান সমন্বয়কারী , বিএনপির স্থায়ী কমিটির সদস্য",Related,,1.0
1188,bd24live.com,2018-09-22 16:04:04,National,reporter,Related,,1.0
1189,jagonews24.com,2018-09-19 15:28:00,National,উপজেলা নির্বাহী কর্মকর্তা (ইউএনও),Related,,1.0
1190,jagonews24.com,2018-09-20 08:48:27,National,কেন্দুয়া থানার ভারপ্রাপ্ত কর্মকর্তা,Related,,1.0
1191,prothomalo.com,2018-09-22 13:01:44,National,reporter,Related,,1.0
1192,jagonews24.com,2018-09-20 08:48:28,National,সংসদের,Related,,1.0
1193,banglanews24.com,2018-09-20 18:10:35,National,Reporter,Related,,1.0
1194,jagonews24.com,2018-09-19 20:12:18,National,reporter,Related,,1.0
1196,independent24.com,2018-09-21 10:50:05,National,পররাষ্ট্র সচিব,Related,,1.0
1197,bangla.bdnews24.com,2018-09-19 23:49:27,National,Reporter,Related,,1.0
1198,jugantor.com,2018-09-20 14:55:14,Editorial,এরশাদের ডেপুটি প্রেস সেক্রেটারি,Related,,1.0
1199,somoynews.tv,2018-09-22 14:27:11,National,বরগুনা জেলা ট্রলার মালিক সমিতি ও পটুয়াখালীর আলীপুর মৎস্যবন্দর কর্তৃপক্ষ,Related,,1.0
1200,independent24.com,2018-09-24 16:27:42,National,reporter,Related,,1.0
1201,bangla.thereport24.com,2018-09-21 13:40:33,International,Not Found,Related,,1.0
1202,jagonews24.com,2018-09-19 19:00:21,National,reporter,Related,,1.0
1203,jagonews24.com,2018-09-22 16:36:24,Politics,reporter,Related,,1.0
1204,dailyjanakantha.com,2018-09-20 19:01:10,National,ঢাকা পরিবহন সমন্বয় কর্তৃপক্ষ,Related,,1.0
1205,independent24.com,2018-09-23 15:05:48,National,প্রধান নির্বাচন কমিশনার,Related,,1.0
1206,prothomalo.com,2018-09-20 14:14:09,Sports,ভারতীয় সংবাদমাধ্যম,Related,,1.0
1207,rtnn.net,2018-09-24 10:46:57,Sports,Reporter,Related,,1.0
1208,prothomalo.com,2018-09-20 17:13:58,Sports,reporter,Related,,1.0
1209,ittefaq.com.bd,2018-09-21 03:01:26,National,Reporter,Related,,1.0
1210,kalerkantho.com,2018-09-20 23:50:02,Sports,বিসিবি প্রধান নির্বাহী,Related,,1.0
1211,bangla.bdnews24.com,2018-09-20 17:50:21,Technology,টেলিযোগাযোগ নিয়ন্ত্রক সংস্থা বিটিআরসি,Related,,1.0
1212,jagonews24.com,2018-09-22 16:36:30,Miscellaneous,reporter,Related,,1.0
1213,ittefaq.com.bd,2018-09-20 17:26:56,Education,বিশ্ববিদ্যালয়ের রেজিস্ট্রার,Related,,1.0
1214,jugantor.com,2018-09-19 19:44:29,Editorial,বিএসএফ,Related,,1.0
1215,dhakatimes24.com,2018-09-21 12:35:46,Lifestyle,reporter,Related,,1.0
1216,risingbd.com,2018-09-20 10:03:57,Sports,Reporter,Related,,1.0
1217,jagonews24.com,2018-09-19 15:26:00,Sports,reporter,Related,,1.0
1218,risingbd.com,2018-09-21 09:28:15,National,অতিরিক্ত পুলিশ সুপার,Related,,1.0
1219,samakal.com,2018-09-21 01:13:41,National,Reporter,Related,,1.0
1220,kalerkantho.com,2018-09-19 20:14:12,Entertainment,Journalist,Related,,1.0
1221,banglanews24.com,2018-09-19 20:33:28,Sports,Reporter,Related,,1.0
1222,somoynews.tv,2018-09-22 16:54:57,National,পুলিশ ও স্থানীয়রা,Related,,1.0
1223,ittefaq.com.bd,2018-09-21 19:50:45,International,ট্রাম্প প্রশাসন,Related,,1.0
1224,independent24.com,2018-09-20 20:28:27,International,Not Found,Related,,1.0
1225,banglatribune.com,2018-09-22 13:18:06,International,ভারতের পররাষ্ট্রমন্ত্রণালয়ের মুখপাত্র,Related,,1.0
1226,bangla.bdnews24.com,2018-09-20 16:37:22,Politics,সিপিবির প্রেসিডিয়াম সদস্য,Related,,1.0
1227,independent24.com,2018-09-22 15:01:40,Politics,পুলিশ,Related,,1.0
1228,dailynayadiganta.com,2018-09-22 16:39:07,National,থানার ভারপ্রাপ্ত কর্মকর্তা,Related,,1.0
1229,dailyjanakantha.com,2018-09-20 11:49:08,International,Not Found,Related,,1.0
1230,prothomalo.com,2018-09-20 20:17:00,National,আদালত,Related,,1.0
1231,dhakatimes24.com,2018-09-22 16:11:42,Politics,আওয়ামী লীগের সাধারণ সম্পাদক এবং সেতু ও সড়ক পরিবহন মন্ত্রী,Related,,1.0
1232,dhakatimes24.com,2018-09-19 19:48:40,International,বিবিসি,Related,,1.0
1233,jugantor.com,2018-09-22 14:55:21,Editorial,Not Found,Related,,1.0
1234,kalerkantho.com,2018-09-21 08:13:48,National,নগর গোয়েন্দা পুলিশের সহকারী কমিশনার,Related,,1.0
1235,somoynews.tv,2018-09-19 19:14:34,National,আওয়ামী লীগের সাধারণ সম্পাদক,Related,,1.0
1236,kalerkantho.com,2018-09-22 18:26:03,International,সদর থানার ওসি,Related,,1.0
1238,bangla.bdnews24.com,2018-09-19 20:49:18,Finance,স্টক এক্সচেঞ্জ ওয়েবসাইট,Related,,1.0
1239,bd24live.com,2018-09-22 17:51:45,National,বিএনপির সিনিয়র যুগ্ম মহাসচিব,Related,,1.0
1241,bd-pratidin.com,2018-09-20 21:30:27,Sports,reporter,Related,,1.0
1242,channelionline.com,2018-09-21 12:37:54,Entertainment,অভিনেতা ফেরদৌস ও রিয়াজ,Related,,1.0
1243,dhakatimes24.com,2018-09-21 08:59:38,Education,বিশ্ববিদ্যালয়ের উপাচার্য্,Related,,1.0
1244,bangla.thereport24.com,2018-09-23 11:56:21,International,কানাডার হাউজ অব কমন্সে পররাষ্ট্র মন্ত্রণালয়ের সংসদ সচিব,Related,,1.0
1245,jugantor.com,2018-09-20 17:55:57,Editorial,Reporter,Related,,1.0
1247,jugantor.com,2018-09-20 22:07:53,Editorial,Reporter,Related,,1.0
1248,bd-pratidin.com,2018-09-20 23:53:27,National,ঠাকুরগাঁওয়ের একজন চিকিৎসক,Related,,1.0
1250,kalerkantho.com,2018-09-20 23:50:06,National,"আওয়ামী লীগের সাধারণ সম্পাদক, সড়ক পরিবহন ও সেতুমন্ত্রী",Related,,1.0
1251,rtnn.net,2018-09-21 20:22:17,International,মার্কিন পররাষ্ট্রমন্ত্রী,Related,,1.0
1252,ittefaq.com.bd,2018-09-20 10:50:43,International,ডন,Related,,1.0
1253,dailynayadiganta.com,2018-09-21 02:14:09,Miscellaneous,বিএনপির কেন্দ্রীয় নেতা ও গাজীপুর মহানগর বিএনপির আহ্বায়ক,Related,,1.0
1254,bangla.bdnews24.com,2018-09-19 21:25:29,National,"ডাক, টেলিযোগাযোগ ও তথ্যপ্রযুক্তি মন্ত্রী",Related,,1.0
1255,independent24.com,2018-09-23 15:05:45,International,দ্য স্টার,Related,,1.0
1256,jagonews24.com,2018-09-19 23:12:20,National,সংসদে,Related,,1.0
1257,banglatribune.com,2018-09-19 22:54:42,National,জেলা সার্জন,Related,,1.0
1258,bangla.thereport24.com,2018-09-21 11:17:27,National,ঘাটাইল থানার অফিসার ইনচার্জ (ওসি),Related,,1.0
1259,dailynayadiganta.com,2018-09-20 02:14:08,Miscellaneous,বিএনপি স্থায়ী কমিটির সদস্য,Related,,1.0
1260,bangla.thereport24.com,2018-09-21 13:40:32,National,হাতিয়া থানার ওসি,Related,,1.0
1261,bangla.thereport24.com,2018-09-20 10:05:10,Sports,গোল ডটকম,Related,,1.0
1262,dhakatimes24.com,2018-09-22 13:12:04,Technology,reporter,Related,,1.0
1263,banglanews24.com,2018-09-21 16:36:38,Finance,Reporter,Related,,1.0
1265,mzamin.com,2018-09-22 14:52:12,National,রাজধানীর আগারগাঁওয়ে এক প্রশিক্ষণ কর্মশালার উদ্বোধন অনুষ্ঠান,Related,,1.0
1266,banglatribune.com,2018-09-21 21:44:53,National,রয়টার্স,Related,,1.0
1267,jagonews24.com,2018-09-20 14:48:23,National,Reporter,Related,,1.0
1268,bd24live.com,2018-09-20 11:51:58,National,নেহা পেন্ডসে,Related,,1.0
1269,banglanews24.com,2018-09-20 20:19:09,National,পররাষ্ট্রমন্ত্রী,Related,,1.0
1270,somoynews.tv,2018-09-19 18:16:49,Sports,তামিম ইকবাল,Related,,1.0
1271,kalerkantho.com,2018-09-20 01:02:15,Finance,গার্মেন্ট শ্রমিক ট্রেড ইউনিয়ন কেন্দ্রের সাধারণ সম্পাদক জলি তালুকদার,Related,,1.0
1272,kalerkantho.com,2018-09-20 18:26:08,International,রাজৈর থানার ওসি,Related,,1.0
1273,dailynayadiganta.com,2018-09-21 21:26:27,National,আবহাওয়া অফিস,Related,,1.0
1274,dailynayadiganta.com,2018-09-22 11:50:10,National,প্রবীণ আইনজীবী ও বিএন‌পির ভাইস চেয়ারম্যান,Related,,1.0
1275,bd-pratidin.com,2018-09-21 09:29:40,Lifestyle,Reporter,Related,,1.0
1276,jugantor.com,2018-09-22 16:48:29,Editorial,জাতীয় পার্টির মহাসচিব,Related,,1.0
1277,rtnn.net,2018-09-23 07:08:58,Sports,Reporter,Related,,1.0
1278,samakal.com,2018-09-19 19:49:50,International,সুপ্রিম কোর্টের বিচারপতি,Related,,1.0
1279,banglatribune.com,2018-09-21 18:38:23,Sports,reporter,Related,,1.0
1280,dailyjanakantha.com,2018-09-19 19:37:12,Entertainment,reporter,Related,,1.0
1281,banglatribune.com,2018-09-20 23:36:46,Technology,কম্পিউটার সমিতি (বিসিএস),Related,,1.0
1282,bd-pratidin.com,2018-09-20 23:53:43,National,বাংলাদেশ জাতীয় জোট (বিএনএ) ও তৃণমূল বিএনপির চেয়ারম্যান,Related,,1.0
1283,dhakatimes24.com,2018-09-20 19:11:34,Sports,Reporter,Related,,1.0
1284,rtnn.net,2018-09-24 19:11:34,Politics,তথ্যমন্ত্রী হাসানুল হক ইনু,Related,,1.0
1285,independent24.com,2018-09-24 12:07:56,National,কৃষি সম্প্রসারণ অধিদপ্তর,Related,,1.0
1286,jagonews24.com,2018-09-22 08:12:29,Sports,reporter,Related,,1.0
1287,bangla.bdnews24.com,2018-09-19 22:01:16,Finance,অর্থ মন্ত্রণালয়ের অতিরিক্ত সচিব হাবিবুর রহমান,Related,,1.0
1288,jagonews24.com,2018-09-22 17:12:33,Editorial,reporter,Related,,1.0
1289,somoynews.tv,2018-09-19 20:26:50,National,বিএনপি এর মহাসচীব,Related,,1.0
1290,rtnn.net,2018-09-19 23:58:39,International,তুর্কি প্রেসিডেন্ট,Related,,1.0
1291,dailynayadiganta.com,2018-09-20 01:02:24,Miscellaneous,মেয়র,Related,,1.0
1292,bangla.bdnews24.com,2018-09-21 17:49:35,National,ঢাকা বিশ্ববিদ্যালয়ের প্রক্টর অধ্যাপক,Related,,1.0
1293,bangla.bdnews24.com,2018-09-19 17:50:47,Technology,Reddit,Related,,1.0
1294,samakal.com,2018-09-20 20:27:16,Entertainment,Reporter,Related,,1.0
1295,bd24live.com,2018-09-20 19:04:23,National,পরিচালক সমিতির মহাসচিব,Related,,1.0
1296,bangla.bdnews24.com,2018-09-22 17:49:22,Politics,reporter,Related,,1.0
1297,bangla.bdnews24.com,2018-09-19 23:49:29,International,Not Found,Related,,1.0
1298,somoynews.tv,2018-09-20 12:39:25,Entertainment,কলকাতার অভিনেত্রী,Related,,1.0
1299,jagonews24.com,2018-09-20 10:00:27,National,দশমিনা থানার ভারপ্রাপ্ত কর্মকর্তা,Related,,1.0
1301,kalerkantho.com,2018-09-22 17:49:46,Sports,reporter,Related,,1.0
1302,prothomalo.com,2018-09-21 11:49:33,National,বিএনপি,Related,,1.0
1303,jugantor.com,2018-09-20 21:30:54,Editorial,কুড়িগ্রামের পুলিশ সুপার,Related,,1.0
1304,bangla.bdnews24.com,2018-09-21 17:13:32,International,Reporter,Related,,1.0
1305,jagonews24.com,2018-09-19 22:36:21,Miscellaneous,reporter,Related,,1.0
1306,mzamin.com,2018-09-19 23:16:30,National,Journalist,Related,,1.0
1307,samakal.com,2018-09-22 15:36:54,Politics,সাধারণ সম্পাদক সড়ক পরিবহন ও সেতুমন্ত্রী,Related,,1.0
1308,somoynews.tv,2018-09-21 12:02:12,National,গৃহায়ন ও গণপূর্ত মন্ত্রী,Related,,1.0
1309,bangla.bdnews24.com,2018-09-20 20:13:36,Sports,Reporter,Related,,1.0
1310,banglatribune.com,2018-09-21 21:05:19,National,বিএন‌পির ভাইস চেয়ারম্যান,Related,,1.0
1311,jagonews24.com,2018-09-20 18:24:24,Entertainment,Reporter,Related,,1.0
1312,channelionline.com,2018-09-22 15:37:21,Crime,বার কাউন্সিল,Related,,1.0
1313,kalerkantho.com,2018-09-22 14:50:08,National,"খাগড়াছড়ি স্থানীয় সরকার প্রকৌশল অধিদফতরের নির্বাহী প্রকৌশলী,মহালছড়ি সদর থানার ভারপ্রাপ্ত ওসি",Related,,1.0
1314,rtnn.net,2018-09-24 00:04:34,Sports,Reporter,Related,,1.0
1315,kalerkantho.com,2018-09-22 13:37:59,Politics,বিএনপির সিনিয়র যুগ্ম-মহাসচিব,Related,,1.0
1316,somoynews.tv,2018-09-19 18:17:00,International,কেন্দ্রীয় মন্ত্রী,Related,,1.0
1317,dhakatimes24.com,2018-09-20 17:23:47,National,রূপসা থানার ভারপ্রাপ্ত কর্মকর্তা (ওসি),Related,,1.0
1318,banglanews24.com,2018-09-19 19:18:29,International,জাতিসংঘ গঠিত স্বাধীন আন্তর্জাতিক ফ্যাক্ট ফাইন্ডিং মিশন,Related,,1.0
1319,channelionline.com,2018-09-21 22:49:39,Entertainment,তৃতীয় লিঙ্গের শিল্পী জান্নাত,Related,,1.0
1320,mzamin.com,2018-09-20 21:28:49,National,journalist,Related,,1.0
1321,risingbd.com,2018-09-21 08:15:43,Miscellaneous,সার্জিও কিউবিলাস শহরটির স্থায়ী বাসিন্দা,Related,,1.0
1322,independent24.com,2018-09-21 13:14:20,Education,আল হাইয়াতুল উলিয়া,Related,,1.0
1323,ittefaq.com.bd,2018-09-20 17:26:58,International,ইইউ'র কমিশনার,Related,,1.0
1324,dailynayadiganta.com,2018-09-20 10:38:37,National,reporter,Related,,1.0
1325,ittefaq.com.bd,2018-09-22 16:55:46,International,reporter,Related,,1.0
1326,banglanews24.com,2018-09-21 16:36:37,National,Reporter,Related,,1.0
1327,banglanews24.com,2018-09-19 21:06:21,National,ঢাকা জেলা উত্তরের গোয়েন্দা পুলিশের উপ-পরিদর্শক (এসআই),Related,,1.0
1328,rtnn.net,2018-09-22 17:22:41,International,মার্কিন সরকারের কথিত ‘ইরান অ্যাকশন’ গ্রুপের প্রধান,Related,,1.0
1329,dailynayadiganta.com,2018-09-19 19:38:48,Politics,Reporter,Related,,1.0
1330,mzamin.com,2018-09-23 21:29:29,National,journalist,Related,,1.0
1331,jagonews24.com,2018-09-22 11:48:24,Sports,reporter,Related,,1.0
1332,bd24live.com,2018-09-20 15:28:59,National,অধিনায়ক মাশরাফি,Related,,1.0
1333,dailynayadiganta.com,2018-09-22 07:02:05,Miscellaneous,রাশিয়ার পররাষ্ট্রমন্ত্রী,Related,,1.0
1334,ittefaq.com.bd,2018-09-23 10:19:18,International,টিভি চ্যানেল,Related,,1.0
1335,jugantor.com,2018-09-20 02:54:45,Editorial,Reporter,Related,,1.0
1337,kalerkantho.com,2018-09-19 17:51:22,International,ইসলামাবাদ হাই কোর্ট,Related,,1.0
1338,banglanews24.com,2018-09-22 00:14:38,National,রেলওয়ে স্টেশনের সুপারিনটেনডেন্ট,Related,,1.0
1339,dailyjanakantha.com,2018-09-20 15:25:21,Entertainment,আনন্দবাজার,Related,,1.0
1340,ittefaq.com.bd,2018-09-21 19:50:45,National,নগর ভবনের একটি সূত্র,Related,,1.0
1341,samakal.com,2018-09-23 02:08:20,Sports,reporter,Related,,1.0
1342,mzamin.com,2018-09-24 22:05:44,International,অনলাইন স্ক্রল ডট ইন,Related,,1.0
1343,ittefaq.com.bd,2018-09-21 13:14:30,Finance,অর্থমন্ত্রী,Related,,1.0
1344,independent24.com,2018-09-22 16:15:08,Politics,মির্জা ফখরুল,Related,,1.0
1345,dhakatimes24.com,2018-09-19 18:36:00,Politics,বিএনপির স্থায়ী কমিটির সদস্য,Related,,1.0
1346,independent24.com,2018-09-23 07:49:05,Sports,reporter,Related,,1.0
1347,banglanews24.com,2018-09-20 19:16:19,Lifestyle,Reporter,Related,,1.0
1348,banglanews24.com,2018-09-22 18:45:02,National,স্থানীয় সংবাদমাধ্যম,Related,,1.0
1349,mzamin.com,2018-09-20 23:16:36,Miscellaneous,journalist,Related,,1.0
1351,mzamin.com,2018-09-22 20:18:31,National,Journalist,Related,,1.0
1352,dailyjanakantha.com,2018-09-20 13:01:03,International,Not Found,Related,,1.0
1353,dailynayadiganta.com,2018-09-19 21:26:34,National,দশপাকিয়া পুলিশ ফাঁড়ির ইনচার্জ উপ-পরিদর্শক,Related,,1.0
1354,dhakatimes24.com,2018-09-22 16:11:37,Sports,উয়েফা,Related,,1.0
1355,dhakatimes24.com,2018-09-21 09:35:05,National,স্পিকার,Related,,1.0
1356,dailynayadiganta.com,2018-09-22 17:15:02,National,ট্রলার মালিক সমিতির সেক্রেটারি,Related,,1.0
1357,bangla.thereport24.com,2018-09-22 19:06:37,National,নাঙ্গলকোট থানার ওসি,Related,,1.0
1358,somoynews.tv,2018-09-19 18:15:57,Sports,স্পিকার,Related,,1.0
1359,banglanews24.com,2018-09-21 13:17:19,Sports,Reporter,Related,,1.0
1360,somoynews.tv,2018-09-21 08:24:55,Technology,বিটিআরসি,Related,,1.0
1361,risingbd.com,2018-09-20 15:29:44,Entertainment,চিত্রনায়ক,Related,,1.0
1363,jugantor.com,2018-09-21 08:55:15,Editorial,ইনডিপেনডেন্ট টেলিভিশনের সিইও অ্যান্ড এডিটর-ইন-চিফ,Related,,1.0
1364,rtnn.net,2018-09-22 06:32:36,National,রাজশাহী সদর ফায়ার সার্ভিস ও সিভিল ডিফেন্সের সিনিয়র স্টেশন অফিসার ফরহাদ হোসেন,Related,,1.0
1365,somoynews.tv,2018-09-21 21:01:36,National,নৌমন্ত্রী,Related,,1.0
1366,dailyjanakantha.com,2018-09-21 13:01:20,National,নগর গোয়েন্দা পুলিশের অতিরিক্ত উপ-কমিশনার,Related,,1.0
1367,banglanews24.com,2018-09-19 23:29:53,Sports,তরুণ ক্রিকেটার মেহেদি হাসান মিরাজ,Related,,1.0
1368,dailynayadiganta.com,2018-09-21 23:14:56,National,বরগুনা জেলা প্রশাসক,Related,,1.0
1369,samakal.com,2018-09-22 16:13:49,Entertainment,অভিনেতা,Related,,1.0
1370,samakal.com,2018-09-21 17:24:47,Sports,reporter,Related,,1.0
1371,ittefaq.com.bd,2018-09-22 16:15:14,International,বাসস ও সিনহুয়া,Related,,1.0
1372,prothomalo.com,2018-09-21 08:49:26,International,এএফপি,Related,,1.0
1373,jagonews24.com,2018-09-20 12:24:28,Politics,এরশাদের ডেপুটি প্রেস সেক্রেটারি,Related,,1.0
1374,ittefaq.com.bd,2018-09-20 04:13:02,International,এনডিটিভি,Related,,1.0
1375,banglanews24.com,2018-09-21 17:31:38,Sports,Reporter,Related,,1.0
1376,bd24live.com,2018-09-20 09:27:32,National,ওয়ালটন ডিজিটাল ক্যাম্পেইনের সমন্বয়ক,Related,,1.0
1377,risingbd.com,2018-09-22 13:04:37,National,প্রতিবেদক,Related,,1.0
1378,banglanews24.com,2018-09-19 21:42:44,National,হাতীবান্ধা থানার ভারপ্রাপ্ত কর্মকর্তা (ওসি),Related,,1.0
1379,somoynews.tv,2018-09-20 20:14:51,National,দুর্নীতি দমন কমিশন-দুদক,Related,,1.0
1380,banglatribune.com,2018-09-19 19:16:25,Sports,Reporter,Related,,1.0
1381,bangla.bdnews24.com,2018-09-22 16:37:56,National,জেলার জ্যেষ্ঠ রেলস্টেশন মাস্টার,Related,,1.0
1382,somoynews.tv,2018-09-19 18:17:23,Finance,পরিকল্পনামন্ত্রী,Related,,1.0
1383,independent24.com,2018-09-23 15:41:33,National,reporter,Related,,1.0
1384,rtnn.net,2018-09-23 10:46:31,National,প্রধানমন্ত্রী,Related,,1.0
1385,bd-pratidin.com,2018-09-22 09:29:04,National,যুক্তরাজ্যে নিযুক্ত বাংলাদেশের হাইকমিশনার,Related,,1.0
1386,rtnn.net,2018-09-24 10:09:36,Technology,Reporter,Related,,1.0
1387,jugantor.com,2018-09-21 20:19:21,Editorial,কাঁঠালবাড়ি ঘাট ব্যবস্থাপক,Related,,1.0
1388,bd24live.com,2018-09-19 19:04:05,National,মুঠোফোন গ্রাহক এসোসিয়েশনের সভাপতি,Related,,1.0
1389,kalerkantho.com,2018-09-20 10:01:57,Finance,World Bank,Related,,1.0
1390,risingbd.com,2018-09-20 08:15:29,Finance,অর্থমন্ত্রী,Related,,1.0
1391,banglanews24.com,2018-09-20 15:45:31,National,reporter,Related,,1.0
1392,dailyjanakantha.com,2018-09-20 16:01:13,National,বিএনপির সিনিয়র যুগ্ম মহাসচিব,Related,,1.0
1393,risingbd.com,2018-09-19 19:40:56,Technology,আইসিটি প্রতিমন্ত্রী,Related,,1.0
1394,dhakatimes24.com,2018-09-20 12:36:12,National,Reporter,Related,,1.0
1395,bd24live.com,2018-09-21 10:39:34,Technology,হালট্রিপের প্রধান নির্বাহী কর্মকর্তা (সিইও),Related,,1.0
1396,independent24.com,2018-09-24 17:00:22,National,পানামা মেরিটাইম কর্তৃপক্ষ,Related,,1.0
1397,somoynews.tv,2018-09-21 10:49:50,National,প্রধানমন্ত্রীর তথ্য উপদেষ্টা,Related,,1.0
1398,bd24live.com,2018-09-19 19:40:15,Sports,Reporter,Related,,1.0
1399,jagonews24.com,2018-09-20 16:00:38,Miscellaneous,ডিজিটাল মার্কেটার,Related,,1.0
1400,jugantor.com,2018-09-20 19:07:24,Editorial,Reporter,Related,,1.0
1401,somoynews.tv,2018-09-19 19:14:23,National,রাণীনগর উপজেলার পুলিশ,Related,,1.0
1402,banglatribune.com,2018-09-19 21:40:29,National,"ডাক, টেলিযোগাযোগ ও তথ্য-প্রযুক্তিমন্ত্রী",Related,,1.0
1403,jugantor.com,2018-09-20 19:07:28,Editorial,সিপিবির প্রেসিডিয়াম সদস্য,Related,,1.0
1404,bangla.thereport24.com,2018-09-21 14:17:00,Finance,ঢাকা স্টক এক্সচেঞ্জ,Related,,1.0
1405,jagonews24.com,2018-09-20 18:24:28,Politics,গণসংহতি আন্দোলনের প্রধান সমন্বয়ক,Related,,1.0
1406,bangla.thereport24.com,2018-09-24 11:55:15,National,reporter,Related,,1.0
1407,kalerkantho.com,2018-09-20 01:37:33,National,সড়ক পরিবহন ও সেতুমন্ত্রী,Related,,1.0
1408,prothomalo.com,2018-09-19 23:13:28,Lifestyle,"প্রধান পুষ্টিবিদ, অ্যাপোলো হাসপাতাল, ঢাকা",Related,,1.0
1409,jugantor.com,2018-09-20 22:44:34,Editorial,ফতুল্লা মডেল থানার এসআই,Related,,1.0
1410,bd24live.com,2018-09-20 14:51:49,National,চকরিয়া থানার ওসি,Related,,1.0
1411,prothomalo.com,2018-09-20 11:49:29,National,আদালত,Related,,1.0
1412,rtnn.net,2018-09-24 00:04:47,International,ট্রাম্প প্রশাসনের এক শীর্ষকর্তা,Related,,1.0
1413,kalerkantho.com,2018-09-20 13:02:03,Entertainment,বলিউড লাইফ.কম,Related,,1.0
1414,dhakatimes24.com,2018-09-19 20:24:44,Crime,reporter,Related,,1.0
1415,jugantor.com,2018-09-20 22:44:18,Editorial,Reporter,Related,,1.0
1416,bd24live.com,2018-09-21 21:28:10,National,নওগাঁ সদর থানা পুলিশের ভারপ্রাপ্ত কর্মকর্তা (ওসি),Related,,1.0
1417,banglanews24.com,2018-09-22 14:35:05,National,কদমতলী থানার ভারপ্রাপ্ত কর্মকর্তা (ওসি-তদন্ত),Related,,1.0
1418,banglatribune.com,2018-09-20 09:39:19,National,বাংলাদেশ ফেডারেল সাংবাদিক ইউনিয়নের সদ্য সাবেক সভাপতি,Related,,1.0
1419,dhakatimes24.com,2018-09-21 20:59:19,Sports,Reporter,Related,,1.0
1420,kalerkantho.com,2018-09-19 19:02:19,International,Journalist,Related,,1.0
1421,prothomalo.com,2018-09-22 13:01:43,National,reporter,Related,,1.0
1422,bd-pratidin.com,2018-09-22 20:20:50,National,গণফোরাম সভাপতি ও জাতীয় ঐক্য প্রক্রিয়ার আহ্বায়ক,Related,,1.0
1423,risingbd.com,2018-09-20 20:16:27,National,ঢাকা বিশ্ববিদ্যালয়ের উপাচার্য,Related,,1.0
1424,prothomalo.com,2018-09-19 19:37:44,International,আইইবির সদস্য প্রকৌশলী সাইফুল ইসলাম,Related,,1.0
1425,prothomalo.com,2018-09-20 23:14:04,International,বিবিসি,Related,,1.0
1426,mzamin.com,2018-09-21 11:52:05,Miscellaneous,নিয়ারচর থানার ভারপ্রাপ্ত কর্মকর্তা (ওসি) আব্দুল লতিফ,Related,,1.0
1427,jagonews24.com,2018-09-19 13:41:00,National,reporter,Related,,1.0
1428,ittefaq.com.bd,2018-09-19 21:03:18,Politics,বিএনপি চেয়ারপারসন,Related,,1.0
1429,bd24live.com,2018-09-20 11:15:51,National,Reporter,Related,,1.0
1430,prothomalo.com,2018-09-22 13:37:41,Finance,reporter,Related,,1.0
1431,bangla.thereport24.com,2018-09-22 13:41:23,Crime,খালেদা জিয়ার আইনজীবী,Related,,1.0
1432,banglatribune.com,2018-09-21 18:38:21,Miscellaneous,পল্লবী থানার ভারপ্রাপ্ত কর্মকর্তা (ওসি),Related,,1.0
1433,kalerkantho.com,2018-09-21 12:26:13,Editorial,reporter,Related,,1.0
1434,independent24.com,2018-09-20 14:28:35,National,reporter,Related,,1.0
1435,somoynews.tv,2018-09-19 19:14:21,National,নাটোর এর সদর থানার পুলিশ,Related,,1.0
1436,somoynews.tv,2018-09-21 12:38:04,Technology,reporter,Related,,1.0
1437,banglanews24.com,2018-09-20 13:58:44,Politics,বিএনপির মহাসচিব,Related,,1.0
1438,kalerkantho.com,2018-09-20 02:13:35,International,পৌর মেয়র তৌহিদুল ইসলাম,Related,,1.0
1440,jagonews24.com,2018-09-20 15:24:28,Entertainment,অভিনেত্রী,Related,,1.0
1441,bd-pratidin.com,2018-09-21 19:06:16,Sports,reporter,Related,,1.0
1442,jagonews24.com,2018-09-21 08:48:26,National,পররাষ্ট্রমন্ত্রী,Related,,1.0
1443,banglanews24.com,2018-09-22 13:20:52,National,reporter,Related,,1.0
1444,kalerkantho.com,2018-09-22 12:25:55,International,কেম্যান দ্বীপপুঞ্জের গভর্নর অফিস,Related,,1.0
1445,dailyjanakantha.com,2018-09-20 19:01:17,National,reporter,Related,,1.0
1446,prothomalo.com,2018-09-20 20:00:35,National,বিএনপির মহাসচিব,Related,,1.0
1447,jagonews24.com,2018-09-20 13:36:28,Entertainment,Reporter,Related,,1.0
1448,banglanews24.com,2018-09-19 20:33:27,Politics,বিএনপির সিনিয়র যুগ্ম-মহাসচিব,Related,,1.0
1449,independent24.com,2018-09-21 15:38:30,National,পুলিশ,Related,,1.0
1450,prothomalo.com,2018-09-21 01:01:47,National,reporter,Related,,1.0
1451,banglanews24.com,2018-09-21 15:41:44,National,Reporter,Related,,1.0
1453,independent24.com,2018-09-21 18:04:11,National,আওয়ামী লীগের সাধারণ সম্পাদক,Related,,1.0
1454,samakal.com,2018-09-22 19:49:57,National,মুক্তিযুদ্ধভিত্তিক সংগঠন ‘মুক্ত আসর’,Related,,1.0
1455,jugantor.com,2018-09-21 17:55:24,Editorial,অতিরিক্ত পুলিশ সুপার,Related,,1.0
1456,channelionline.com,2018-09-22 20:29:04,Sports,Reporter,Related,,1.0
1457,banglatribune.com,2018-09-22 18:05:40,International,বিবিসি,Related,,1.0
1458,banglatribune.com,2018-09-19 19:16:22,Miscellaneous,Reporter,Related,,1.0
1459,banglatribune.com,2018-09-20 23:36:48,Sports,Reporter,Related,,1.0
1460,mzamin.com,2018-09-19 21:28:39,National,ঢাকা মহানগর পুলিশের উপ-কমিশনার (মিডিয়া) মো. মাসুদুর রহমান,Related,,1.0
1461,dailynayadiganta.com,2018-09-22 17:50:27,National,reporter,Related,,1.0
1462,samakal.com,2018-09-22 11:59:51,Entertainment,reporter,Related,,1.0
1463,samakal.com,2018-09-22 22:55:42,National,নাটোর সদর সার্কেলের সহকারী পুলিশ সুপার,Related,,1.0
1464,risingbd.com,2018-09-20 19:04:51,Entertainment,সিনেমাটির প্রযোজক,Related,,1.0
1465,ittefaq.com.bd,2018-09-20 21:40:15,Education,Reporter,Related,,1.0
1466,channelionline.com,2018-09-20 20:14:44,Sports,Not found,Related,,1.0
1467,prothomalo.com,2018-09-22 14:49:46,Entertainment,Reporter,Related,,1.0
1468,banglatribune.com,2018-09-20 16:17:25,Entertainment,Reporter,Related,,1.0
1469,banglatribune.com,2018-09-19 18:38:36,National,জামালপুর পানি উন্নয়নের বোর্ডের নির্বাহী প্রকৌশলী,Related,,1.0
1470,jagonews24.com,2018-09-19 14:57:00,National,প্রধানমন্ত্রী,Related,,1.0
1471,banglatribune.com,2018-09-21 21:40:47,Sports,আনুচিং মোগিনী,Related,,1.0
1472,banglatribune.com,2018-09-21 08:25:42,Miscellaneous,আইনজীবী,Related,,1.0
1473,bd24live.com,2018-09-22 14:51:54,International,এনডিটিভি,Related,,1.0
1474,kalerkantho.com,2018-09-22 10:37:43,International,জেলার এএসপি,Related,,1.0
1475,bangla.bdnews24.com,2018-09-19 19:37:32,National,হাতীবান্ধা থানার ওসি ওমর ফারুক,Related,,1.0
1476,bangla.bdnews24.com,2018-09-20 16:37:22,National,"কালিয়াকৈর থানার এসআই,কারখানার জিএম",Related,,1.0
1477,jagonews24.com,2018-09-21 16:00:32,Education,Reporter,Related,,1.0
1478,bangla.thereport24.com,2018-09-23 02:01:15,Entertainment,Reporter,Related,,1.0
1479,banglanews24.com,2018-09-22 10:55:11,National,Reporter,Related,,1.0
1480,rtnn.net,2018-09-24 22:12:32,International,Reporter,Related,,1.0
1481,somoynews.tv,2018-09-21 15:02:37,Education,ঢাকা বিশ্ববিদ্যালয়ের উপাচার্য,Related,,1.0
1482,samakal.com,2018-09-19 18:36:40,National,কোস্টগার্ড চট্টগ্রাম পূর্বজোনের সহকারী গোয়েন্দা পরিচালক,Related,,1.0
1483,jugantor.com,2018-09-22 14:19:27,Editorial,reporter,Related,,1.0
1484,dailynayadiganta.com,2018-09-20 16:03:16,National,রূপসা থানার ভারপ্রাপ্ত কর্মকর্তা,Related,,1.0
1485,jugantor.com,2018-09-22 14:19:28,Editorial,আওয়ামী লীগের সাধারণ সম্পাদক এবং সড়ক পরিবহন ও সেতুমন্ত্রী,Related,,1.0
1486,banglanews24.com,2018-09-20 01:16:10,National,জনপ্রশাসন মন্ত্রণালয়,Related,,1.0
1487,bangla.thereport24.com,2018-09-20 10:41:04,National,শেখ হাসিনা হলের প্রাধ্যক্ষ,Related,,1.0
1488,independent24.com,2018-09-21 18:04:08,National,Not Found,Related,,1.0
1489,jagonews24.com,2018-09-19 18:24:18,Editorial,Reporter,Related,,1.0
1490,bangla.bdnews24.com,2018-09-20 21:25:59,Finance,Reporter,Related,,1.0
1491,dailyjanakantha.com,2018-09-22 16:01:13,National,Reporter,Related,,1.0
1492,ittefaq.com.bd,2018-09-22 10:13:59,Entertainment,reporter,Related,,1.0
1493,independent24.com,2018-09-21 14:26:51,National,প্রধানমন্ত্রী,Related,,1.0
1494,kalerkantho.com,2018-09-21 23:14:34,Sports,reporter,Related,,1.0
1495,banglanews24.com,2018-09-22 21:09:24,National,বাংলাদেশ ফেডারেল সাংবাদিক ইউনিয়নের (বিএফইউজে) একাংশের সভাপতি,Related,,1.0
1496,kalerkantho.com,2018-09-19 21:26:04,Entertainment,Journalist,Related,,1.0
1497,jagonews24.com,2018-09-20 14:48:24,International,Not Found,Related,,1.0
1499,dailyjanakantha.com,2018-09-22 13:01:16,National,সংবাদদাতা,Related,,1.0
1500,bangla.bdnews24.com,2018-09-22 14:49:32,National,পুলিশ ফাঁড়ির পরিদর্শক,Related,,1.0
1501,banglanews24.com,2018-09-19 21:06:16,National,প্রধনামন্ত্রী,Related,,1.0
1502,somoynews.tv,2018-09-20 22:15:39,International,পাকিস্তানের প্রধানমন্ত্রী,Related,,1.0
1503,bd-pratidin.com,2018-09-21 10:05:46,International,Not Found,Related,,1.0
1505,prothomalo.com,2018-09-20 17:13:53,Sports,reporter,Related,,1.0
1506,bd24live.com,2018-09-19 20:52:10,Entertainment,Reporter,Related,,1.0
1507,bangla.bdnews24.com,2018-09-20 14:49:29,Editorial,Reporter,Related,,1.0
1509,kalerkantho.com,2018-09-22 17:14:18,International,বাংলাদেশ দূতাবাস,Related,,1.0
1510,banglatribune.com,2018-09-21 15:04:12,National,সদর থানার ভারপ্রাপ্ত কর্মকর্তা,Related,,1.0
1511,banglanews24.com,2018-09-22 14:35:00,National,র‌্যাব-৮,Related,,1.0
1512,dailynayadiganta.com,2018-09-20 23:14:52,Sports,Reporter,Related,,1.0
1513,banglatribune.com,2018-09-20 23:36:52,National,মালয়েশিয়ার মানবসম্পদমন্ত্রী,Related,,1.0
1514,ittefaq.com.bd,2018-09-19 21:39:30,National,মদন থানার ওসি,Related,,1.0
1516,dailyjanakantha.com,2018-09-20 19:01:19,National,নারায়ণগঞ্জ ফায়ার সার্ভিস এ্যান্ড সিভিল ডিফেন্সের উপ-সহকারী পরিচালক,Related,,1.0
1517,banglatribune.com,2018-09-20 16:51:02,Miscellaneous,হেফাজতে ইসলামের আমির,Related,,1.0
1518,ittefaq.com.bd,2018-09-21 20:26:13,National,টেলিযোগাযোগ ও তথ্য প্রযুক্তি মন্ত্রণালয়ের মন্ত্রী মোস্তফা জব্বার,Related,,1.0
1519,bangla.bdnews24.com,2018-09-20 00:25:32,National,"সড়ক পরিবহনমন্ত্রী,মন্ত্রিপরিষদ সচিব",Related,,1.0
1520,dailyjanakantha.com,2018-09-21 11:13:23,National,পটুয়াখালীর পুলিশ সুপার,Related,,1.0
1521,risingbd.com,2018-09-20 15:29:50,National,"তাড়াশ উপজেলার নকশাকার উপসহকারী,",Related,,1.0
1522,banglatribune.com,2018-09-19 20:31:10,National,তথ্যমন্ত্রীর একান্ত সচিব,Related,,1.0
1523,ittefaq.com.bd,2018-09-21 22:50:02,International,বিজেপির এক মন্ত্রী,Related,,1.0
1524,banglatribune.com,2018-09-20 12:43:58,Technology,"ডাক, টেলিযোগাযোগ ও তথ্যপ্রযুক্তি মন্ত্রী,আইএসপিএবির সাধারণ সম্পাদক",Related,,1.0
1525,somoynews.tv,2018-09-22 17:27:29,Sports,reporter,Related,,1.0
1526,banglanews24.com,2018-09-22 23:36:07,Miscellaneous,reporter,Related,,1.0
1527,banglatribune.com,2018-09-20 13:53:45,National,Reporter,Related,,1.0
1528,prothomalo.com,2018-09-20 08:13:16,Entertainment,ইন্টারন্যাশনাল বিজনেস টাইমস্,Related,,1.0
1529,jagonews24.com,2018-09-20 13:00:24,Sports,টাইগার অধিনায়ক,Related,,1.0
1530,jagonews24.com,2018-09-20 00:24:36,National,সিলেটের পুলিশ সুপার,Related,,1.0
1531,mzamin.com,2018-09-21 12:28:10,International,ক্রেমলিন এক প্রেস বিজ্ঞপ্তি,Related,,1.0
1532,ittefaq.com.bd,2018-09-20 20:28:39,National,জাতীয় পার্টির চেয়ারম্যান,Related,,1.0
1533,banglanews24.com,2018-09-23 11:32:03,Sports,reporter,Related,,1.0
1534,banglanews24.com,2018-09-21 19:53:23,Miscellaneous,টেক্সাসের লিভিংস্টোন শহরের মেয়র,Related,,1.0
1535,bangla.bdnews24.com,2018-09-20 21:25:58,National,সাভার থানার এসআই,Related,,1.0
1536,dailynayadiganta.com,2018-09-19 19:38:53,National,reporter,Related,,1.0
1537,dhakatimes24.com,2018-09-21 08:59:35,National,মুক্তিযুদ্ধবিষয়ক মন্ত্রী,Related,,1.0
1538,banglanews24.com,2018-09-19 20:33:29,Crime,আলোকচিত্রী শহিদুল আলমের আইনজীবী,Related,,1.0
1539,prothomalo.com,2018-09-19 18:25:40,International,journlist,Related,,1.0
1540,somoynews.tv,2018-09-21 16:13:41,National,নওগাঁ সদর থানার ভারপ্রাপ্ত কর্মকর্তা,Related,,1.0
1541,banglatribune.com,2018-09-19 22:54:39,Finance,"বাংলাদেশ উন্নয়ন গবেষণা প্রতিষ্ঠানের (বিআইডিএস) গবেষক অর্থনীতিবিদ,বেসরকারি গবেষণা সংস্থা পলিসি রিসার্চ ইনস্টিটিউটের (পিআরআই) নির্বাহী পরিচালক",Related,,1.0
1542,bd-pratidin.com,2018-09-20 23:53:23,Sports,বাংলাদেশ অধিনায়ক,Related,,1.0
1543,samakal.com,2018-09-20 18:36:29,Entertainment,Reporter,Related,,1.0
1544,jugantor.com,2018-09-20 20:07:00,Editorial,Reporter,Related,,1.0
1545,channelionline.com,2018-09-22 16:54:36,Sports,reporter,Related,,1.0
1546,bangla.thereport24.com,2018-09-21 10:40:45,Lifestyle,Reporter,Related,,1.0
1547,dhakatimes24.com,2018-09-20 20:25:06,National,কোতয়ালী থানার এসআই,Related,,1.0
1548,bhorerkagoj.net,2018-10-03 04:59:52,National,রেলমন্ত্রী,Related,,1.0
1549,bangla.bdnews24.com,2018-09-20 22:37:35,Sports,Reporter,Related,,1.0
1550,ittefaq.com.bd,2018-09-21 13:50:01,National,reporter,Related,,1.0
1551,dailyjanakantha.com,2018-09-19 19:37:00,National,এরশাদ,Related,,1.0
1552,somoynews.tv,2018-09-20 13:14:00,National,বুয়েটের সড়ক দুর্ঘটনা গবেষণা ইনস্টিটিউটের সহকারী অধ্যাপক,Related,,1.0
1553,jagonews24.com,2018-09-20 02:48:28,National,অর্থনৈতিক ক্রয়সংক্রান্ত মন্ত্রিসভা কমিটি,Related,,1.0
1554,dailynayadiganta.com,2018-09-19 22:03:17,National,"কালীগঞ্জ থানার অফিসার ইনচার্জ,প্রত্যক্ষদর্শী",Related,,1.0
1555,banglatribune.com,2018-09-21 14:34:13,Lifestyle,স্টাইলক্রেজ,Related,,1.0
1556,somoynews.tv,2018-09-21 14:26:34,Sports,Reporter,Related,,1.0
1557,bhorerkagoj.net,2018-10-11 09:11:47,National,নার্গিসের বাবা,Related,,1.0
1558,kalerkantho.com,2018-09-19 18:26:01,Crime,পুলিশের উপ-পরিদর্শক (এসআই) আবদুল করিম,Related,,1.0
1559,ittefaq.com.bd,2018-09-20 10:50:44,National,সাতক্ষীরা জেলা পুলিশের বিশেষ শাখার পরিদর্শক,Related,,1.0
1560,samakal.com,2018-09-20 16:47:36,National,শিক্ষামন্ত্রী,Related,,1.0
1561,somoynews.tv,2018-09-19 18:15:58,National,হাইকোর্ট,Related,,1.0
1562,bangla.bdnews24.com,2018-09-21 21:25:25,Miscellaneous,টাইমস অব ইন্ডিয়া,Related,,1.0
1563,ittefaq.com.bd,2018-09-20 08:25:19,International,এনডিটিভি,Related,,1.0
1564,bd24live.com,2018-09-21 08:15:20,National,Reporter,Related,,1.0
1565,dailyjanakantha.com,2018-09-20 16:36:54,National,reporter,Related,,1.0
1566,banglatribune.com,2018-09-22 15:44:20,Politics,বাংলাদেশ বার কাউন্সিলের ভাইস চেয়ারম্যান,Related,,1.0
1567,bangla.thereport24.com,2018-09-21 13:40:32,National,মার্কিন পররাষ্ট্র মন্ত্রণালয়ের সন্ত্রাসবাদ সম্পর্কিত বার্ষিক প্রতিবেদনে,Related,,1.0
1568,kalerkantho.com,2018-09-20 23:50:06,Sports,reporter,Related,,1.0
1569,dailynayadiganta.com,2018-09-19 20:14:59,Politics,আইনজীবী,Related,,1.0
1570,channelionline.com,2018-09-20 20:28:08,Education,reporter,Related,,1.0
1571,somoynews.tv,2018-09-21 10:49:50,National,তথ্যমন্ত্রী,Related,,1.0
1572,prothomalo.com,2018-09-20 19:01:59,National,আদালত,Related,,1.0
1573,mzamin.com,2018-09-19 20:16:44,National,ঢাকার দ্রুত বিচার ট্রাইব্যুনাল-১ এর বিচারক শাহেদ নুর উদ্দিন,Related,,1.0
1574,dhakatimes24.com,2018-09-22 08:22:14,Lifestyle,লেখক: সহযোগী অধ্যাপক ও বিভাগীয় প্রধান লিভার বিভাগ শহীদ সোহরাওয়ারদী মেডিকেল কলেজ হাসপাতাল,Related,,1.0
1575,dhakatimes24.com,2018-09-22 19:21:42,Politics,reporter,Related,,1.0
1576,bangla.thereport24.com,2018-09-20 13:05:12,International,বিবিসি,Related,,1.0
1578,ittefaq.com.bd,2018-09-20 18:05:06,National,"স্থানীয় সরকার, পল্লী উন্নয়ন ও সমবায় মন্ত্রী",Related,,1.0
1579,ittefaq.com.bd,2018-09-21 17:27:25,National,ধর্মমন্ত্রী,Related,,1.0
1580,independent24.com,2018-09-24 17:43:11,National,Not Found,Related,,1.0
1581,kalerkantho.com,2018-09-20 16:37:54,International,মঠবাড়িয়া থানার  ওসি,Related,,1.0
1582,bd24live.com,2018-09-20 17:16:28,National,"গোয়েন্দা পুলিশের অতিরিক্ত উপ-কমিশনার (বন্দর), চট্টগ্রাম নগর গোয়েন্দা পুলিশের সহকারী কমিশনার (বন্দর)",Related,,1.0
1583,banglanews24.com,2018-09-22 14:00:34,Miscellaneous,reporter,Related,,1.0
1584,prothomalo.com,2018-09-22 10:37:31,International,কংগ্রেস হাইকমান্ড বিবৃতি,Related,,1.0
1585,bd-pratidin.com,2018-09-19 21:30:21,National,বাংলাদেশ ন্যাশনাল এলায়েন্সের চেয়ারম্যান ও সাবেক মন্ত্রী,Related,,1.0
1586,jagonews24.com,2018-09-20 16:36:23,Finance,নৌ পরিবহন মন্ত্রী,Related,,1.0
1587,prothomalo.com,2018-09-21 23:14:20,National,উজিরপুর মডেল থানার ভারপ্রাপ্ত কর্মকর্তা,Related,,1.0
1588,banglatribune.com,2018-09-20 03:01:47,Education,Reporter,Related,,1.0
1589,kalerkantho.com,2018-09-21 11:49:55,International,ভারতীয় পররাষ্ট্র মন্ত্রণালয়ের মুখপাত্র,Related,,1.0
1590,independent24.com,2018-09-20 18:37:56,National,পররাষ্ট্রমন্ত্রী,Related,,1.0
1591,bd24live.com,2018-09-20 15:29:00,National,Not Found,Related,,1.0
1592,jagonews24.com,2018-09-20 22:00:24,Sports,Reporter,Related,,1.0
1593,samakal.com,2018-09-22 21:05:01,Sports,reporter,Related,,1.0
1595,somoynews.tv,2018-09-21 09:37:53,Lifestyle,reporter,Related,,1.0
1596,dailynayadiganta.com,2018-09-22 11:14:38,Sports,reporter,Related,,1.0
1597,dailyjanakantha.com,2018-09-19 20:13:12,National,reporter,Related,,1.0
1598,prothomalo.com,2018-09-21 12:25:58,Entertainment,reporter,Related,,1.0
1599,dailynayadiganta.com,2018-09-19 23:50:25,National,উত্তর গোয়েন্দা (ডিবি) পুলিশের ভারপ্রাপ্ত কর্মকর্তা (ওসি),Related,,1.0
1600,independent24.com,2018-09-20 15:02:38,National,Not Found,Related,,1.0
1601,kalerkantho.com,2018-09-21 13:37:53,International,reporter,Related,,1.0
1602,dailynayadiganta.com,2018-09-20 10:38:37,Politics,বিএনপি,Related,,1.0
1603,jagonews24.com,2018-09-20 11:48:30,International,Not Found,Related,,1.0
1604,kalerkantho.com,2018-09-20 02:13:48,Finance,তথ্য ও যোগাযোগ প্রযুক্তি প্রতিমন্ত্রী,Related,,1.0
1605,banglanews24.com,2018-09-22 18:45:03,Entertainment,reporter,Related,,1.0
1606,kalerkantho.com,2018-09-21 13:02:26,International,reporter,Related,,1.0
1608,bd-pratidin.com,2018-09-22 23:56:22,Entertainment,ইনস্টাগ্রাম,Related,,1.0
1609,bd24live.com,2018-09-22 13:04:09,Entertainment,ট্যুইটার,Related,,1.0
1610,mzamin.com,2018-09-24 21:29:18,National,গোয়েন্দা পুলিশ উত্তরের গুলশান জোনাল টিমের অতিরিক্ত উপ- কমিশনার,Related,,1.0
1612,bangla.bdnews24.com,2018-09-21 15:25:36,National,reporter,Related,,1.0
1613,channelionline.com,2018-09-22 10:49:01,Politics,ঐক্য প্রক্রিয়ার অন্যতম নে,Related,,1.0
1614,dailynayadiganta.com,2018-09-20 16:38:36,National,কমলনগর থানার ভারপ্রাপ্ত কর্মকর্তা,Related,,1.0
1615,prothomalo.com,2018-09-21 22:38:03,International,জাতিসংঘ সাধারণ পরিষদ,Related,,1.0
1617,prothomalo.com,2018-09-20 23:49:33,National,ডিবির উপকমিশনার,Related,,1.0
1618,bd-pratidin.com,2018-09-22 01:04:18,National,গণফোরাম সভাপতি,Related,,1.0
1619,independent24.com,2018-09-22 10:49:22,National,reporter,Related,,1.0
1620,ittefaq.com.bd,2018-09-22 07:47:03,International,এনডিটিভি,Related,,1.0
1621,bd24live.com,2018-09-20 15:28:58,National,Reporter,Related,,1.0
1622,samakal.com,2018-09-20 13:13:14,Sports,Reporter,Related,,1.0
1623,banglanews24.com,2018-09-21 13:52:37,Politics,বাংলাদেশ জাতীয় জোট (বিএনএ) ও তৃণমূল বিএনপির চেয়ারম্যান,Related,,1.0
1624,prothomalo.com,2018-09-20 20:00:43,National,দুর্নীতি দমন কমিশন (দুদক),Related,,1.0
1625,kalerkantho.com,2018-09-21 13:37:48,International,reporter,Related,,1.0
1626,rtnn.net,2018-09-23 21:36:39,Sports,Reporter,Related,,1.0
1627,ittefaq.com.bd,2018-09-20 16:15:49,National,"স্থানীয় সূত্র, খেজুর গাছিয়া ঘাটের মাঝি ,দক্ষিণ আইচা থানার ওসি",Related,,1.0
1628,banglatribune.com,2018-09-20 23:36:56,Finance,বাংলাদেশ ব্যাংক,Related,,1.0
1629,prothomalo.com,2018-09-20 08:13:17,Sports,Journalist,Related,,1.0
1630,rtnn.net,2018-09-24 15:45:12,Politics,ফেডারেল সাংবাদিক ইউনিয়নের সাবেক সভাপতি মনজুরুল আহসান,Related,,1.0
1631,bd24live.com,2018-09-19 21:28:25,National,খায়রুল্লাহ সরকারি বালিকা উচ্চ বিদ্যালয়ের প্রধান শিক্ষক,Related,,1.0
1632,bangla.thereport24.com,2018-09-20 13:05:09,International,দাতা সংস্থা সেভ দ্য চিলড্রেন,Related,,1.0
1634,somoynews.tv,2018-09-19 18:17:10,International,দক্ষিণ কোরিয়ার প্রেসিডেন্ট,Related,,1.0
1636,kalerkantho.com,2018-09-21 10:37:55,Lifestyle,reporter,Related,,1.0
1637,dhakatimes24.com,2018-09-19 21:36:19,National,ইসলামপুর উপজেলা কৃষি কর্মকর্তা,Related,,1.0
1638,banglatribune.com,2018-09-21 09:03:13,National,ডুমুরিয়া থানার ভারপ্রাপ্ত কর্মকর্তা (ওসি),Related,,1.0
1639,channelionline.com,2018-09-21 17:24:55,Editorial,প্রধানমন্ত্রী,Related,,1.0
1640,jagonews24.com,2018-09-21 16:00:29,Finance,Reporter,Related,,1.0
1641,prothomalo.com,2018-09-21 17:13:51,International,Reporter,Related,,1.0
1642,prothomalo.com,2018-09-20 00:25:42,Sports,journalist,Related,,1.0
1643,risingbd.com,2018-09-21 21:28:36,National,মানববন্ধনে সংগঠনের সভাপতি,Related,,1.0
1644,dhakatimes24.com,2018-09-19 20:25:08,Sports,reporter,Related,,1.0
1645,independent24.com,2018-09-19 18:37:48,National,Reporter,Related,,1.0
1646,kalerkantho.com,2018-09-20 02:13:37,Education,সোহরাওয়ার্দী হল ছাত্রলীগের সহ সভাপতি মাহাথীর মুহাম্মদ সামী,Related,,1.0
1647,bd24live.com,2018-09-20 11:15:56,National,সাকিব পত্নী শিশির,Related,,1.0
1648,risingbd.com,2018-09-20 17:53:19,International,রয়টার্স,Related,,1.0
1649,dailyjanakantha.com,2018-09-21 11:49:09,National,থানার ওসি,Related,,1.0
1650,bd-pratidin.com,2018-09-20 05:52:32,National,"জেলা বিএনপি সভাপতি,জেলা বিএনপির সাংগঠনিক সম্পাদক,অতিরিক্ত পুলিশ সুপার",Related,,1.0
1651,bhorerkagoj.net,2018-10-07 16:59:50,National,বিবিসি,Related,,1.0
1653,kalerkantho.com,2018-09-21 23:51:06,Entertainment,অর্জুন কাপুর,Related,,1.0
1654,dailynayadiganta.com,2018-09-21 21:26:27,Sports,reporter,Related,,1.0
1655,independent24.com,2018-09-24 18:52:25,National,reporter,Related,,1.0
1656,banglanews24.com,2018-09-19 21:06:18,National,সিদ্ধিরগঞ্জ থানার উপ-পরিদর্শক (এসআই),Related,,1.0
1657,jagonews24.com,2018-09-21 00:24:28,Sports,Reporter,Related,,1.0
1658,rtnn.net,2018-09-23 10:46:34,Education,reporter,Related,,1.0
1659,banglanews24.com,2018-09-19 20:33:36,National,নগর ছাত্রলীগের সভাপতি,Related,,1.0
1660,somoynews.tv,2018-09-21 18:00:55,National,reporter,Related,,1.0
1661,banglanews24.com,2018-09-19 20:33:31,Sports,Reporter,Related,,1.0
1662,channelionline.com,2018-09-20 10:50:04,Sports,Not Found,Related,,1.0
1663,jagonews24.com,2018-09-22 13:00:27,Entertainment,সর্বভারতীয় সংবাদমাধ্যম,Related,,1.0
1664,prothomalo.com,2018-09-21 19:38:56,International,reporter,Related,,1.0
1665,banglanews24.com,2018-09-19 20:33:33,National,গৃহায়ন ও গণপূর্ত মন্ত্রী,Related,,1.0
1666,somoynews.tv,2018-09-21 19:13:27,National,reporter,Related,,1.0
1668,channelionline.com,2018-09-20 10:50:00,Politics,আওয়ামী লীগ,Related,,1.0
1669,bd-pratidin.com,2018-09-21 20:54:08,National,বাগেরহাটে পূর্ব সুন্দরবন বিভাগের শরণখোলা রেঞ্জের সহকারী বনসংরক্ষক (এসিএফ),Related,,1.0
1670,somoynews.tv,2018-09-22 14:27:01,Sports,প্রবাসী,Related,,1.0
1671,jagonews24.com,2018-09-22 10:36:26,Politics,আওয়ামী লীগ নেতারা,Related,,1.0
1672,risingbd.com,2018-09-21 10:04:14,Miscellaneous,reporter,Related,,1.0
1673,kalerkantho.com,2018-09-22 17:49:45,International,থানার উপ-পরিদর্শক,Related,,1.0
1674,bd24live.com,2018-09-22 10:02:58,National,তথ্যমন্ত্রী,Related,,1.0
1675,somoynews.tv,2018-09-21 10:49:42,National,reporter,Related,,1.0
1677,banglatribune.com,2018-09-21 02:25:51,National,মন্ত্রিপরিষদ বিভাগের সমন্বয় ও সংস্কার সচিব,Related,,1.0
1679,kalerkantho.com,2018-09-20 15:27:06,International,টাইমস অব ইন্ডিয়া,Related,,1.0
1680,samakal.com,2018-09-20 16:14:28,International,"ভারতীয় গণমাধ্যম,পাকিস্তানের সম্ভাব্য প্রধানমন্ত্রী",Related,,1.0
1681,bd24live.com,2018-09-20 13:03:53,National,হিন্দুস্থান টাইমস,Related,,1.0
1682,prothomalo.com,2018-09-19 18:25:32,National,Journalist,Related,,1.0
1683,mzamin.com,2018-09-20 21:28:46,National,সিলেটের পুলিশ সুপার মো. মনিরুজ্জামান,Related,,1.0
1684,bd-pratidin.com,2018-09-19 19:06:05,International,রয়টার্স,Related,,1.0
1686,independent24.com,2018-09-21 15:38:29,National,রেল কর্তৃপক্ষ,Related,,1.0
1687,bd-pratidin.com,2018-09-19 19:06:06,Sports,Reporter,Related,,1.0
1688,jugantor.com,2018-09-20 17:19:53,Editorial,বিএনপির কেন্দ্রীয় নির্বাহী কমিটির আন্তর্জাতিক বিষয়ক সম্পাদক,Related,,1.0
1689,prothomalo.com,2018-09-21 19:01:41,International,বাংলাদেশ সরকারের প্রধানমন্ত্রীর অর্থ উপদেষ্টা,Related,,1.0
1690,bangla.bdnews24.com,2018-09-21 20:13:26,National,বাগমারা থানার ওসি,Related,,1.0
1692,bangla.bdnews24.com,2018-09-22 16:01:36,International,বিবিসি,Related,,1.0
1693,dhakatimes24.com,2018-09-19 22:14:12,National,মামলার আইনজীবী সরকার হাসিবুল আলম,Related,,1.0
1694,prothomalo.com,2018-09-21 16:01:37,Sports,reporter,Related,,1.0
1695,mzamin.com,2018-09-24 20:17:04,Editorial,ঢাকা রিপোর্টার্স ইউনিটি (ডিআরইউ,Related,,1.0
1696,kalerkantho.com,2018-09-20 22:02:26,Sports,reporter,Related,,1.0
1697,kalerkantho.com,2018-09-22 15:25:53,International,"দ্য গার্ডিয়ান, আল জাজিরা",Related,,1.0
1698,bd-pratidin.com,2018-09-19 20:18:26,National,"আওয়ামী লীগের সাধারণ সম্পাদক, সড়ক পরিবহন ও সেতুমন্ত্রী",Related,,1.0
1699,jagonews24.com,2018-09-22 16:36:23,Entertainment,reporter,Related,,1.0
1700,independent24.com,2018-09-21 15:03:02,National,বিএনপি মহাসচিব,Related,,1.0
1701,independent24.com,2018-09-21 19:50:32,International,Not Found,Related,,1.0
1702,kalerkantho.com,2018-09-21 18:26:15,International,বিবিসি,Related,,1.0
1703,bd24live.com,2018-09-20 16:39:41,Editorial,Reporter,Related,,1.0
1704,bangla.bdnews24.com,2018-09-22 21:26:06,Sports,reporter,Related,,1.0
1705,kalerkantho.com,2018-09-20 17:14:13,Editorial,www.ti-bangladesh.org/cartoon ও www.facebook.com/TIBangladesh,Related,,1.0
1706,mzamin.com,2018-09-19 22:41:12,Miscellaneous,কুড়িগ্রামের পুলিশ সুপার মেহেদুল করিম,Related,,1.0
1707,bd-pratidin.com,2018-09-21 00:30:07,National,এনআরবি নিউজ,Related,,1.0
1708,banglatribune.com,2018-09-20 10:17:37,International,ইন্ডিপেন্ডেন্ট,Related,,1.0
1709,samakal.com,2018-09-20 21:02:25,Entertainment,Reporter,Related,,1.0
1710,bangla.thereport24.com,2018-09-22 12:29:44,Sports,Reporter,Related,,1.0
1711,banglatribune.com,2018-09-22 12:02:26,National,পরিকল্পনা মন্ত্রণালয়,Related,,1.0
1712,ittefaq.com.bd,2018-09-20 09:39:04,National,প্রধানমন্ত্রী,Related,,1.0
1714,mzamin.com,2018-09-23 14:53:59,International,"বৃটেনের একটি ট্যাবলয়েড পত্রিকা, কানাডিয়ান টিভি",Related,,1.0
1715,banglatribune.com,2018-09-19 18:38:34,National,দুর্নীতি দমন কমিশন,Related,,1.0
1716,bd24live.com,2018-09-20 08:51:23,National,Reporter,Related,,1.0
1717,somoynews.tv,2018-09-22 09:00:58,National,reporter,Related,,1.0
1718,ittefaq.com.bd,2018-09-20 11:26:31,International,আল জাজিরা,Related,,1.0
1719,kalerkantho.com,2018-09-20 21:26:29,Sports,reporter,Related,,1.0
1721,samakal.com,2018-09-23 16:17:40,International,রয়টার্স,Related,,1.0
1722,risingbd.com,2018-09-19 17:56:08,Technology,স্যামসাং ইলেক্ট্রনিক্স বাংলাদেশ,Related,,1.0
1723,dailyjanakantha.com,2018-09-22 16:01:13,National,শেরপুরের পুলিশ সুপার,Related,,1.0
1724,prothomalo.com,2018-09-20 16:37:30,Entertainment,reporter,Related,,1.0
1725,risingbd.com,2018-09-22 13:04:35,Sports,reporter,Related,,1.0
1726,somoynews.tv,2018-09-21 17:25:07,Sports,Reporter,Related,,1.0
1727,dailynayadiganta.com,2018-09-19 20:15:00,National,লিবারেল ডেমোক্রেটিক পার্টির-এলডিপি সভাপতি কর্নেল,Related,,1.0
1728,banglatribune.com,2018-09-21 21:40:45,Miscellaneous,শিক্ষা মন্ত্রণালয়ের কারিগরি ও মাদ্রাসা শিক্ষা বিভাগ,Related,,1.0
1729,jugantor.com,2018-09-20 19:06:46,Editorial,উপজেলা নির্বাহী কর্মকর্তা,Related,,1.0
1730,bd-pratidin.com,2018-09-21 14:17:42,International,বিবিসি,Related,,1.0
1731,channelionline.com,2018-09-22 12:38:42,Entertainment,reporter,Related,,1.0
1732,bd24live.com,2018-09-20 22:04:29,National,Reporter,Related,,1.0
1733,ittefaq.com.bd,2018-09-20 04:48:08,International,এপি,Related,,1.0
1734,channelionline.com,2018-09-21 13:49:17,Education,জগন্নাথ হলের প্রাধ্যক্ষ,Related,,1.0
1735,dailynayadiganta.com,2018-09-19 19:38:47,National,reporer,Related,,1.0
1736,somoynews.tv,2018-09-19 18:17:32,International,জাতিসংঘ,Related,,1.0
1737,independent24.com,2018-09-20 22:15:57,National,reporter,Related,,1.0
1739,rtnn.net,2018-09-21 17:58:08,International,আদালতের কৌঁসুলি ফাতোও বেনসুদা,Related,,1.0
1740,samakal.com,2018-09-23 02:08:24,National,দ্য স্টার অনলাইন,Related,,1.0
1743,bd-pratidin.com,2018-09-20 13:42:03,International,রয়টার্স,Related,,1.0
1744,banglanews24.com,2018-09-22 09:41:49,National,পাহাড়তলী থানার ভারপ্রাপ্ত কর্মকর্তা,Related,,1.0
1745,bd24live.com,2018-09-20 17:16:29,Finance,Reporter,Related,,1.0
1746,bhorerkagoj.net,2018-10-11 09:11:50,Lifestyle,reporter,Related,,1.0
1747,samakal.com,2018-09-20 15:01:26,Entertainment,Reporter,Related,,1.0
1748,dailynayadiganta.com,2018-09-21 11:50:24,Miscellaneous,আওয়ামী লীগের সাধারণ সম্পাদক এবং সড়ক পরিবহন ও সেতুমন্ত্রী,Related,,1.0
1749,kalerkantho.com,2018-09-20 11:14:01,Crime,আদালত,Related,,1.0
1750,dhakatimes24.com,2018-09-20 12:36:31,Technology,Reporter,Related,,1.0
1751,bd24live.com,2018-09-22 00:27:21,National,ভূঞাপুর থানার ওসি,Related,,1.0
1752,dailynayadiganta.com,2018-09-20 16:03:14,Politics,দলটির ভাইস চেয়ারম্যান,Related,,1.0
1753,bangla.bdnews24.com,2018-09-20 17:50:26,National,পররাষ্ট্রমন্ত্রী,Related,,1.0
1754,bangla.thereport24.com,2018-09-23 12:30:01,National,গোয়েন্দা পুলিশের এক কর্মকর্তা,Related,,1.0
1755,bd24live.com,2018-09-20 20:16:01,National,ভোলা কোস্টগার্ড দক্ষিণ জোনের অপারেশন অফিসার,Related,,1.0
1756,jagonews24.com,2018-09-22 13:00:21,Sports,reporter,Related,,1.0
1757,banglanews24.com,2018-09-22 16:18:02,Miscellaneous,reporter,Related,,1.0
1758,banglanews24.com,2018-09-20 02:28:03,Education,বাংলাদেশ কৃষি বিশ্ববিদ্যালয়ের  উপাচার্য,Related,,1.0
1759,jugantor.com,2018-09-20 20:20:18,Editorial,বাংলাদেশ দল।,Related,,1.0
1760,bd24live.com,2018-09-20 14:16:12,National,নেহা পেন্ডসে,Related,,1.0
1761,banglatribune.com,2018-09-20 10:53:46,National,সদরঘাট থানার ভারপ্রাপ্ত কর্মকর্তা (ওসি),Related,,1.0
1762,banglatribune.com,2018-09-20 18:07:44,National,আওয়ামী লীগের কেন্দ্রীয় কমিটির সদস্য,Related,,1.0
1763,dhakatimes24.com,2018-09-22 16:52:04,National,reporter,Related,,1.0
1764,bd-pratidin.com,2018-09-22 13:06:33,Sports,reporter,Related,,1.0
1765,ittefaq.com.bd,2018-09-19 22:17:47,Sports,reporter,Related,,1.0
1766,risingbd.com,2018-09-21 12:28:25,Education,reporter,Related,,1.0
1767,bangla.thereport24.com,2018-09-20 13:41:21,Crime,খালেদা জিয়ার অ্যাডভোকেট,Related,,1.0
1768,prothomalo.com,2018-09-20 22:01:52,Sports,reporter,Related,,1.0
1769,prothomalo.com,2018-09-21 20:49:40,National,বিএনপির স্থায়ী কমিটির সদস্য ও ২০-দলীয় জোটের সমন্বয়ক,Related,,1.0
1770,channelionline.com,2018-09-21 13:13:51,Entertainment,reporter,Related,,1.0
1771,dhakatimes24.com,2018-09-19 21:00:27,National,প্রধানমন্ত্রী,Related,,1.0
1772,prothomalo.com,2018-09-21 15:25:48,National,সড়ক পরিবহন ও সেতুমন্ত্রী,Related,,1.0
1773,jagonews24.com,2018-09-20 12:24:28,International,পশুপালন বিষয়ক মন্ত্রী,Related,,1.0
1774,independent24.com,2018-09-22 18:40:36,International,ইইউ কাউন্সিল প্রধান,Related,,1.0
1775,dailynayadiganta.com,2018-09-20 20:14:32,Sports,Reporter,Related,,1.0
1776,banglatribune.com,2018-09-19 20:31:07,National,"জেলা বিএনপির প্রচার সম্পাদক,নাটোর ডিবি পুলিশের ওসি",Related,,1.0
1777,mzamin.com,2018-09-23 15:29:17,National,খিলগাঁও জোনের অতিরিক্ত পুলিশ কমিশনার,Related,,1.0
1778,samakal.com,2018-09-21 19:12:39,National,reporter,Related,,1.0
1779,banglanews24.com,2018-09-22 19:52:42,Miscellaneous,reporter,Related,,1.0
1780,dailynayadiganta.com,2018-09-20 18:26:40,National,স্থানীয় ইউনিয়ন পরিষদের চেয়ারম্যান,Related,,1.0
1781,dhakatimes24.com,2018-09-19 21:36:39,Editorial,গণস্বাস্থ্য কেন্দ্রের প্রতিষ্ঠাতা,Related,,1.0
1782,prothomalo.com,2018-09-22 10:01:28,National,বাংলাদেশ রোড ট্রান্সপোর্ট অথরিটির (বিআরটিএ) পরিচালক (এনফোর্সমেন্ট),Related,,1.0
1783,somoynews.tv,2018-09-20 17:26:27,International,Reporter,Related,,1.0
1784,dhakatimes24.com,2018-09-19 20:24:20,National,ময়মনসিংহ জেলা ডিবি পুলিশের ওসি,Related,,1.0
1785,dailynayadiganta.com,2018-09-22 16:02:31,Lifestyle,বঙ্গবন্ধু শেখ মুজিব মেডিকেল বিশ্ববিদ্যালয়ের অধ্যাপক,Related,,1.0
1786,rtnn.net,2018-09-21 20:22:20,International,দক্ষিণ কোরিয়ার প্রেসিডেন্ট মুন,Related,,1.0
1787,banglanews24.com,2018-09-22 01:53:04,National,reporter,Related,,1.0
1788,mzamin.com,2018-09-22 18:28:10,National,চাঁনপুর উচ্চ বিদ্যালয়ের প্রধান শিক্ষক মুজিবুর রহমান,Related,,1.0
1789,kalerkantho.com,2018-09-19 22:02:29,International,journalist,Related,,1.0
1790,dailynayadiganta.com,2018-09-19 21:26:26,National,দোহার থানা ভারপ্রাপ্ত কর্মকর্তা (ওসি),Related,,1.0
1791,banglanews24.com,2018-09-19 21:06:16,National,"মিয়াবাজার হাইওয়ে ফাঁড়ির ইনচার্জ, চৌদ্দগ্রাম থানার দায়িত্বরত কর্মকর্তা সহকারী উপ পরিদর্শক (এএসআই)",Related,,1.0
1792,bd24live.com,2018-09-20 13:03:56,National,আওয়ামী লীগ কেন্দ্রীয় কমিটির উপ-প্রচার ও প্রকাশনা সম্পাদক,Related,,1.0
1793,samakal.com,2018-09-23 15:04:19,National,বরিশালের জেলা পুলিশ সুপার,Related,,1.0
1794,jugantor.com,2018-09-20 22:44:57,Editorial,Reporter,Related,,1.0
1795,independent24.com,2018-09-22 16:15:07,National,আওয়ামী লীগের সাধারন সম্পাদক,Related,,1.0
1796,banglanews24.com,2018-09-20 23:43:07,National,মনোহরদী থানার ভারপ্রপ্ত কর্মকর্তা (ওসি),Related,,1.0
1797,bangla.bdnews24.com,2018-09-22 13:01:31,Sports,মাশরাফি,Related,,1.0
1798,banglatribune.com,2018-09-20 15:13:05,National,"পরিকল্পনামন্ত্রী,একজন নির্বাচন কমিশনা",Related,,1.0
1799,jugantor.com,2018-09-19 20:20:19,Editorial,Reporter,Related,,1.0
1800,kalerkantho.com,2018-09-20 15:27:08,Miscellaneous,reporter,Related,,1.0
1801,somoynews.tv,2018-09-20 20:14:57,Sports,Reporter,Related,,1.0
1802,jugantor.com,2018-09-22 14:55:23,Editorial,চিত্রনায়িকা,Related,,1.0
1803,kalerkantho.com,2018-09-21 22:01:45,National,লামা থানার ওসি,Related,,1.0
1804,banglatribune.com,2018-09-20 16:17:17,Editorial,গবেষণা কর্মকর্তা,Related,,1.0
1805,dailyjanakantha.com,2018-09-20 13:01:03,Entertainment,Not Found,Related,,1.0
1806,kalerkantho.com,2018-09-19 20:49:52,Politics,Journalist,Related,,1.0
1807,risingbd.com,2018-09-22 11:51:31,Sports,reporter,Related,,1.0
1808,ittefaq.com.bd,2018-09-22 17:28:10,National,মেয়র,Related,,1.0
1809,mzamin.com,2018-09-25 15:28:41,National,বিএনপি,Related,,1.0
1810,banglanews24.com,2018-09-21 00:41:20,National,দুদকের উপ-পরিচালক (জনসংযোগ),Related,,1.0
1811,ittefaq.com.bd,2018-09-19 19:15:01,National,ওসি,Related,,1.0
1812,jagonews24.com,2018-09-21 11:12:31,International,reporter,Related,,1.0
1813,prothomalo.com,2018-09-21 17:13:45,National,সীতাকুণ্ড রেলপুলিশের দায়িত্বপ্রাপ্ত কর্মকর্তা,Related,,1.0
1814,kalerkantho.com,2018-09-19 19:02:17,International,BBC,Related,,1.0
1815,channelionline.com,2018-09-20 09:38:26,National,Not Found,Related,,1.0
1816,bd-pratidin.com,2018-09-19 19:42:27,Sports,আশরাফুল,Related,,1.0
1817,dailynayadiganta.com,2018-09-21 01:02:37,National,প্রধানমন্ত্রী,Related,,1.0
1818,banglanews24.com,2018-09-20 03:40:39,Miscellaneous,আবহাওয়াবিদ  ওমর ফারুক,Related,,1.0
1819,somoynews.tv,2018-09-20 01:48:57,Sports,Reporter,Related,,1.0
1820,independent24.com,2018-09-23 09:39:42,National,reporter,Related,,1.0
1821,banglanews24.com,2018-09-22 01:53:03,Miscellaneous,reporter,Related,,1.0
1822,dhakatimes24.com,2018-09-19 21:37:51,Politics,বিএনপির সিনিয়র যুগ্ম মহাসচিব,Related,,1.0
1823,banglanews24.com,2018-09-22 19:54:29,Sports,reporter,Related,,1.0
1824,dhakatimes24.com,2018-09-22 08:58:15,Sports,reporter,Related,,1.0
1825,ittefaq.com.bd,2018-09-19 19:51:16,Finance,এডিবির এক সংবাদ বিজ্ঞপ্তিতে,Related,,1.0
1826,jugantor.com,2018-09-20 11:55:13,Editorial,স্যামসাং বাংলাদেশের হেড অব বিজনেস (সিই অ্যান্ড আইটি),Related,,1.0
1827,dhakatimes24.com,2018-09-20 14:24:40,National,"হাতিয়া থানার ভারপ্রাপ্ত কর্মকর্তা (ওসি),চরজব্বার থানার ভারপ্রাপ্ত কর্মকর্তা (ওসি)",Related,,1.0
1828,somoynews.tv,2018-09-20 09:38:35,Miscellaneous,Reporter,Related,,1.0
1829,bangla.bdnews24.com,2018-09-21 20:13:25,National,ঢাকা বিশ্ববিদ্যালয় ছাত্রলীগের সভাপতি,Related,,1.0
1830,dailynayadiganta.com,2018-09-21 00:27:01,National,Reporter,Related,,1.0
1831,bd24live.com,2018-09-20 15:29:02,National,"এলাকাবাসী,কলমাকান্দা উপজেলা শিক্ষা অফিসার",Related,,1.0
1832,risingbd.com,2018-09-20 13:04:25,Miscellaneous,আবহাওয়া অধিদপ্তর,Related,,1.0
1833,kalerkantho.com,2018-09-19 23:50:03,Entertainment,Journalist,Related,,1.0
1834,dailynayadiganta.com,2018-09-20 07:02:13,Miscellaneous,reporter,Related,,1.0
1835,banglatribune.com,2018-09-19 19:16:22,National,বর্ডার গার্ড বাংলাদেশ,Related,,1.0
1836,independent24.com,2018-09-21 10:50:05,Politics,বিরোধী দলীয় নেতা রওশন এরশাদ,Related,,1.0
1837,bd-pratidin.com,2018-09-20 12:30:17,International,পর্নস্টার,Related,,1.0
1838,bd24live.com,2018-09-22 15:27:45,National,পুলিশ,Related,,1.0
1839,samakal.com,2018-09-22 13:13:50,Sports,reporter,Related,,1.0
1840,jagonews24.com,2018-09-22 10:36:24,Sports,মাশরাফি,Related,,1.0
1841,prothomalo.com,2018-09-19 19:01:43,National,দকের উপপরিচালক (জনসংযোগ) প্রণব কুমার ভট্টাচার্য,Related,,1.0
1842,bd24live.com,2018-09-19 17:54:36,National,Reporter,Related,,1.0
1843,independent24.com,2018-09-22 16:15:07,National,reporter,Related,,1.0
1844,dailynayadiganta.com,2018-09-20 01:02:20,Miscellaneous,"ফরিদপুর মহানগর যুবদলের সভাপতি,জেলা যুবদলের সাবেক সাধারণ সম্পাদক",Related,,1.0
1845,banglanews24.com,2018-09-20 00:07:11,Sports,Reporter,Related,,1.0
1846,kalerkantho.com,2018-09-22 02:49:29,International,জামালপুর সদর থানার ভারপ্রাপ্ত কর্মকর্তা (ওসি),Related,,1.0
1847,dailynayadiganta.com,2018-09-20 18:26:37,National,প্রধান শিক্ষক,Related,,1.0
1848,kalerkantho.com,2018-09-20 14:49:58,Politics,বিএনপির সিনিয়র যুগ্ম মহাসচিব,Related,,1.0
1849,bhorerkagoj.net,2018-10-07 16:59:45,International,reporter,Related,,1.0
1850,jugantor.com,2018-09-19 19:44:31,Editorial,বিএনপি চেয়ারপারসন এর আইনজীবী,Related,,1.0
1851,jagonews24.com,2018-09-20 12:24:40,International,Not Found,Related,,1.0
1852,bd24live.com,2018-09-22 09:27:20,National,পৌরসভার ক্যাম্পাস,Related,,1.0
1853,jagonews24.com,2018-09-21 15:24:30,International,জাতিসংঘে নিযুক্ত মার্কিন দূত,Related,,1.0
1854,bangla.thereport24.com,2018-09-20 12:29:20,Crime,বিচারপতি,Related,,1.0
1855,dailyjanakantha.com,2018-09-21 18:25:09,Miscellaneous,reporter,Related,,1.0
1856,dailyjanakantha.com,2018-09-22 16:37:06,Finance,অর্থনৈতিক রিপোর্টার,Related,,1.0
1857,jagonews24.com,2018-09-20 23:12:27,Sports,Reporter,Related,,1.0
1858,banglatribune.com,2018-09-20 17:29:47,Politics,নাগরিক ঐক্যের আহ্বায়ক,Related,,1.0
1859,dailynayadiganta.com,2018-09-19 20:50:43,National,reporter,Related,,1.0
1860,samakal.com,2018-09-23 17:24:59,Lifestyle,এনডিটিভি,Related,,1.0
1861,ittefaq.com.bd,2018-09-20 19:13:41,International,ভারতের পররাষ্ট্রমন্ত্রীর,Related,,1.0
1862,mzamin.com,2018-09-20 09:27:53,Sports,journalist,Related,,1.0
1863,bd24live.com,2018-09-20 14:16:11,National,কোচ স্টিভ রোডস,Related,,1.0
1864,bangla.thereport24.com,2018-09-20 14:53:29,National,"নারায়ণগঞ্জের অতিরিক্ত পুলিশ সুপার,রূপগঞ্জ থানার ভারপ্রাপ্ত কর্মকর্তা",Related,,1.0
1865,jugantor.com,2018-09-21 18:31:33,Editorial,reporter,Related,,1.0
1866,bd24live.com,2018-09-22 09:27:21,Education,ইউনিভার্সিটি অব ডেভেলপমেন্ট অল্টানেটিভের অডিটোরিয়াম,Related,,1.0
1867,banglanews24.com,2018-09-20 15:15:30,Miscellaneous,Reporter,Related,,1.0
1868,kalerkantho.com,2018-09-22 01:02:01,International,কংগ্রেস,Related,,1.0
1869,bangla.thereport24.com,2018-09-21 14:52:59,Finance,অর্থমন্ত্রী,Related,,1.0
1870,jagonews24.com,2018-09-20 21:24:29,Sports,Reporter,Related,,1.0
1871,bangla.bdnews24.com,2018-09-21 00:25:25,Sports,Reporter,Related,,1.0
1872,dhakatimes24.com,2018-09-22 08:58:25,Sports,বিসিবি,Related,,1.0
1873,prothomalo.com,2018-09-20 16:02:04,Entertainment,অভিনেতা,Related,,1.0
1874,dailynayadiganta.com,2018-09-22 10:38:12,Sports,reporter,Related,,1.0
1875,banglatribune.com,2018-09-19 22:54:42,Finance,Reporter,Related,,1.0
1876,prothomalo.com,2018-09-19 22:02:01,National,মন্ত্রী,Related,,1.0
1877,somoynews.tv,2018-09-22 04:11:20,Sports,reporter,Related,,1.0
1879,prothomalo.com,2018-09-19 05:52:00,International,এনডিটিভি,Related,,1.0
1880,risingbd.com,2018-09-21 01:04:23,Sports,Reporter,Related,,1.0
1881,banglanews24.com,2018-09-20 17:34:30,Crime,প্রধান বিচারপতি,Related,,1.0
1882,independent24.com,2018-09-23 15:05:49,Sports,reporter,Related,,1.0
1884,independent24.com,2018-09-21 10:14:26,National,প্রধানমন্ত্রী,Related,,1.0
1885,independent24.com,2018-09-21 07:49:02,Politics,reporter,Related,,1.0
1887,jagonews24.com,2018-09-19 13:11:00,National,জনপ্রশাসন মন্ত্রণালয়,Related,,1.0
1889,dailyjanakantha.com,2018-09-20 18:25:03,National,রাজৈর থানার ওসি (তদন্ত),Related,,1.0
1890,ittefaq.com.bd,2018-09-20 11:26:27,National,কোটালীপাড়া থানার অফিসার ইনচার্জ (ওসি),Related,,1.0
1891,kalerkantho.com,2018-09-20 02:49:40,International,বিজিবি-কুমিল্লার সেক্টর কমান্ডার মো. আমিরুল ইসলাম সিকদার,Related,,1.0
1892,somoynews.tv,2018-09-20 18:02:41,National,জেলা প্রশাসক,Related,,1.0
1893,somoynews.tv,2018-09-19 21:38:56,National,Reporter,Related,,1.0
1894,dhakatimes24.com,2018-09-19 18:35:17,Crime,আদালত,Related,,1.0
1895,banglanews24.com,2018-09-23 03:38:59,National,ঝলমলিয়া হাইওয়ে থানার ইনচার্জ উপ-পরিদর্শক,Related,,1.0
1896,banglanews24.com,2018-09-22 18:13:17,National,reporter,Related,,1.0
1897,dhakatimes24.com,2018-09-21 16:11:01,Sports,Reporter,Related,,1.0
1899,somoynews.tv,2018-09-21 12:38:05,National,reporter,Related,,1.0
1900,jugantor.com,2018-09-21 20:19:19,Editorial,Reporter,Related,,1.0
1901,somoynews.tv,2018-09-21 13:49:35,Sports,reporter,Related,,1.0
1902,jugantor.com,2018-09-20 20:20:09,Editorial,বিএনপির স্থায়ী কমিটির সদস্য,Related,,1.0
1903,bd-pratidin.com,2018-09-22 13:06:32,National,আওয়ামী লীগ সাধারণ সম্পাদক,Related,,1.0
1904,banglatribune.com,2018-09-22 11:27:45,International,"সূত্র: ইন্ডিপেনডেন্ট, ডিডব্লিউ, পার্স টুডে।",Related,,1.0
1905,rtnn.net,2018-09-22 13:46:55,National,ইউএনডিপি,Related,,1.0
1906,bangla.bdnews24.com,2018-09-19 20:49:25,Politics,বিএনপির মহাসচিব,Related,,1.0
1908,risingbd.com,2018-09-20 14:16:45,Sports,সহকারি কিউরেটর,Related,,1.0
1909,somoynews.tv,2018-09-19 18:16:55,Sports,Reporter,Related,,1.0
1911,kalerkantho.com,2018-09-22 14:50:08,National,সাভার মডেল থানার উপপরিদর্শক (এসআই),Related,,1.0
1912,independent24.com,2018-09-20 15:02:37,International,Not Found,Related,,1.0
1913,kalerkantho.com,2018-09-20 02:13:47,Politics,Journalist,Related,,1.0
1914,samakal.com,2018-09-20 13:49:57,Sports,Reporter,Related,,1.0
1915,banglatribune.com,2018-09-20 17:30:28,International,টাইমস অব ইন্ডিয়া,Related,,1.0
1917,jugantor.com,2018-09-20 13:07:16,Editorial,Reporter,Related,,1.0
1918,jagonews24.com,2018-09-22 14:12:32,International,বিলাওয়া থানার পুলিশ কর্মকর্তা,Related,,1.0
1919,jagonews24.com,2018-09-22 09:24:28,Miscellaneous,reporter,Related,,1.0
1920,banglanews24.com,2018-09-21 01:19:04,National,ঢামেক হাসপাতালের পুলিশ ক্যাম্পের ইনচার্জ (এসআই),Related,,1.0
1921,kalerkantho.com,2018-09-20 18:26:00,International,কৃষি সম্প্রসারণ অধিদপ্তর,Related,,1.0
1922,dhakatimes24.com,2018-09-22 16:52:21,National,পুলিশের কাউন্টার টেররিজম অ্যান্ড ট্রান্সন্যাশনাল ক্রাইম (সিটিটিসি),Related,,1.0
1923,jagonews24.com,2018-09-21 17:12:31,Politics,বিএনপির স্থায়ী কমিটির সদস্য,Related,,1.0
1924,kalerkantho.com,2018-09-20 20:14:08,International,Not Found,Related,,1.0
1925,banglatribune.com,2018-09-19 19:16:16,Miscellaneous,সুপ্রিম কোর্টের হাইকোর্ট বিভাগের বিচারপতি,Related,,1.0
1926,jugantor.com,2018-09-20 04:06:33,Editorial,"অর্থনীতিবিদ,ব্যবসায়ীরা",Related,,1.0
1927,banglanews24.com,2018-09-21 13:52:39,Finance,অর্থমন্ত্রী,Related,,1.0
1928,kalerkantho.com,2018-09-19 18:26:00,Crime,আদালতের রাষ্ট্রপক্ষের অতিরিক্ত সরকারী কৌসূলি,Related,,1.0
1929,jagonews24.com,2018-09-20 12:24:26,Entertainment,সর্বভারতীয় সংবাদমাধ্যম,Related,,1.0
1930,somoynews.tv,2018-09-22 16:14:45,National,Reporter,Related,,1.0
1931,somoynews.tv,2018-09-19 18:18:18,Sports,বিসিবি,Related,,1.0
1932,jagonews24.com,2018-09-21 10:00:28,International,reporter,Related,,1.0
1933,dailynayadiganta.com,2018-09-20 20:14:33,National,জাহাজ কতৃপক্ষ,Related,,1.0
1934,bd-pratidin.com,2018-09-20 01:05:28,National,আধুনিক মেডিকেল কলেজ হাসপাতালে’র কার্ডিওলজি বিভাগের প্রধান চিকিৎসক,Related,,1.0
1935,kalerkantho.com,2018-09-20 13:37:57,Sports,reporter,Related,,1.0
1937,banglanews24.com,2018-09-22 19:53:24,Sports,হবিগঞ্জ সদর মডেল থানার ভারপ্রাপ্ত কর্মকর্তা (ওসি),Related,,1.0
1938,bangla.bdnews24.com,2018-09-20 10:01:20,Sports,Reporter,Related,,1.0
1939,dhakatimes24.com,2018-09-19 19:11:45,Crime,আদালত,Related,,1.0
1940,ittefaq.com.bd,2018-09-22 09:01:24,National,কুষ্টিয়া জেলার মিরপুর থানার প্রধান কর্মকর্তা,Related,,1.0
1942,dailyjanakantha.com,2018-09-20 11:13:15,Entertainment,Reporter,Related,,1.0
1943,dailyjanakantha.com,2018-09-21 19:01:12,Sports,reporter,Related,,1.0
1945,prothomalo.com,2018-09-19 20:13:48,Sports,journalist,Related,,1.0
1946,channelionline.com,2018-09-21 13:13:49,Sports,reporter,Related,,1.0
1947,bangla.thereport24.com,2018-09-22 12:29:23,Finance,Reporter,Related,,1.0
1948,bangla.thereport24.com,2018-09-24 13:06:53,Politics,আওয়ামী লীগের সাধারণ সম্পাদক,Related,,1.0
1949,risingbd.com,2018-09-21 08:52:29,National,সংসদ প্রতিবেদক,Related,,1.0
1950,channelionline.com,2018-09-21 12:37:52,Politics,বিএনপি মহাসচিব,Related,,1.0
1951,risingbd.com,2018-09-19 19:40:56,Sports,ক্রীড়াবান্ধব প্রতিষ্ঠান,Related,,1.0
1952,kalerkantho.com,2018-09-21 11:50:07,National,যুক্তরাষ্ট্রের পররাষ্ট্রমন্ত্রী,Related,,1.0
1953,jugantor.com,2018-09-20 13:07:14,Editorial,দশমিনা থানার ওসি,Related,,1.0
1954,banglanews24.com,2018-09-20 06:03:58,Sports,Reporter,Related,,1.0
1955,ittefaq.com.bd,2018-09-20 02:25:00,Sports,Reporter,Related,,1.0
1956,prothomalo.com,2018-09-19 18:25:37,National,বিএনপির জ্যেষ্ঠ যুগ্ম মহাসচিব,Related,,1.0
1957,kalerkantho.com,2018-09-20 12:26:10,National,reporter,Related,,1.0
1958,banglanews24.com,2018-09-22 11:29:53,National,দেবহাটা থানার ভারপ্রাপ্ত কর্মকর্তা,Related,,1.0
1959,banglanews24.com,2018-09-20 20:19:08,National,"সদর থানার পরিদর্শক (তদন্ত),নিহতের স্বামী",Related,,1.0
1961,bangla.thereport24.com,2018-09-22 21:31:19,Crime,দুদকের জনসংযোগ কর্মকর্তা,Related,,1.0
1962,jagonews24.com,2018-09-21 16:00:31,International,Reporter,Related,,1.0
1963,jagonews24.com,2018-09-22 16:36:22,Politics,নাগরিক ঐক্যের আহ্বায়ক,Related,,1.0
1964,dhakatimes24.com,2018-09-20 19:11:43,National,শ্রীপুর উপজেলা সহকারী মৎস্য কর্মকর্তা,Related,,1.0
1967,independent24.com,2018-09-23 21:06:19,International,আন্তর্জাতিক অপরাধ আদালত আইসিসি,Related,,1.0
1968,bd-pratidin.com,2018-09-21 13:05:54,National,ওয়াজ মাহফিলের অন্যতম আয়োজক,Related,,1.0
1969,dhakatimes24.com,2018-09-19 21:37:51,Politics,বিএনপির সিনিয়র যুগ্ম মহাসচিব,Related,,1.0
1970,prothomalo.com,2018-09-20 17:13:48,National,সমাজকল্যাণ মন্ত্রণালয় সম্পর্কিত সংসদীয় স্থায়ী কমিটি,Related,,1.0
1971,risingbd.com,2018-09-19 21:28:52,Sports,Reporter,Related,,1.0
1972,independent24.com,2018-09-22 16:15:06,National,Not Found,Related,,1.0
1973,ittefaq.com.bd,2018-09-21 22:14:37,National,ফুলবাড়ী থানার ভারপ্রাপ্ত কর্মকর্তা (ওসি),Related,,1.0
1974,bangla.bdnews24.com,2018-09-21 15:25:37,National,থানার পরিদর্শক,Related,,1.0
1975,channelionline.com,2018-09-23 16:18:27,Entertainment,reporter,Related,,1.0
1976,banglatribune.com,2018-09-22 09:02:43,Entertainment,reporter,Related,,1.0
1977,banglanews24.com,2018-09-20 05:27:04,Sports,ভারতের সাবেক ওপেনার চৌহান,Related,,1.0
1978,bd-pratidin.com,2018-09-20 05:52:36,National,Reporter,Related,,1.0
1979,kalerkantho.com,2018-09-19 19:38:07,National,উপজেলার জোড়াবাড়ী ইউনিয়নের ৭ নং ওয়ার্ডের ইউপি সদস্য আব্দুল হাই,Related,,1.0
1981,dailynayadiganta.com,2018-09-20 20:01:52,National,র‌্যাব-৭ কক্সবাজার ক্যাম্পের কোম্পানি কমান্ডার,Related,,1.0
1982,bangla.bdnews24.com,2018-09-19 18:25:26,National,সদরঘাট থানার ওসি নেজাম উদ্দিন,Related,,1.0
1983,bd-pratidin.com,2018-09-21 18:30:09,Sports,reporter,Related,,1.0
1984,dhakatimes24.com,2018-09-20 20:25:00,Sports,Reporter,Related,,1.0
1985,prothomalo.com,2018-09-21 12:25:47,National,reporter,Related,,1.0
1986,samakal.com,2018-09-19 21:02:06,National,আড়াইহাজার থানার ওসি,Related,,1.0
1987,jugantor.com,2018-09-22 02:54:01,Editorial,থানার ওসি রেজাউল করিম,Related,,1.0
1988,jagonews24.com,2018-09-19 11:43:00,National,মনোহরদী থানা পুলিশের ভারপ্রাপ্ত কর্মকর্তা (ওসি),Related,,1.0
1989,dailyjanakantha.com,2018-09-22 13:01:14,International,reporter,Related,,1.0
1990,dhakatimes24.com,2018-09-20 21:00:42,National,Reporter,Related,,1.0
1991,banglanews24.com,2018-09-22 08:27:19,National,Reporter,Related,,1.0
1992,bangla.bdnews24.com,2018-09-20 22:01:32,National,Reporter,Related,,1.0
1993,bangla.thereport24.com,2018-09-21 11:52:40,National,Reporter,Related,,1.0
1994,banglatribune.com,2018-09-22 13:17:50,National,পুলিশ ও স্থানীয়দের সূত্র,Related,,1.0
1995,dhakatimes24.com,2018-09-19 21:00:23,National,জননিরাপত্তা বিঘ্নকারী অপরাধ দমন ট্রাইব্যুনালের বিচারক,Related,,1.0
1996,mzamin.com,2018-09-24 14:18:37,International,reporter,Related,,1.0
1997,dailynayadiganta.com,2018-09-20 15:27:54,Politics,সিপিবি’র সভাপতি,Related,,1.0
1998,dhakatimes24.com,2018-09-20 14:59:41,National,কোটালীপাড়া থানার পরিদর্শক,Related,,1.0
1999,jugantor.com,2018-09-22 19:43:54,Editorial,reporter,Related,,1.0
2000,jugantor.com,2018-09-21 05:18:03,Editorial,প্রাথমিক ও গণশিক্ষামন্ত্রী,Related,,1.0
2001,bd24live.com,2018-09-22 19:40:12,Sports,reporter,Related,,1.0
2002,channelionline.com,2018-09-23 17:25:43,Entertainment,reporter,Related,,1.0
2003,jugantor.com,2018-09-20 14:55:17,Editorial,ভারতীয় সংবাদমাধ্যম,Related,,1.0
2004,banglatribune.com,2018-09-21 18:38:30,Finance,অর্থমন্ত্রী,Related,,1.0
2005,banglanews24.com,2018-09-21 10:56:46,National,উপজেলা সদর হাসপাতালের চিকিৎসক,Related,,1.0
2007,independent24.com,2018-09-20 18:37:56,National,আওয়ামী লীগের সাধারণ সম্পাদক,Related,,1.0
2008,bd24live.com,2018-09-19 17:54:44,National,আল আরাবিয়া টেলিভিশন,Related,,1.0
2010,bangla.thereport24.com,2018-09-21 23:18:17,Crime,আদালত,Related,,1.0
2011,banglanews24.com,2018-09-20 00:07:19,National,চট্টগ্রাম জেলা সড়ক পরিবহন মালিক গ্রুপের মহাসচিব,Related,,1.0
2012,somoynews.tv,2018-09-21 21:39:36,Politics,ব্রাহ্মণবাড়িয়া-তিন আসনের সংসদ সদস্য,Related,,1.0
2013,bangla.bdnews24.com,2018-09-20 17:50:26,Sports,Reporter,Related,,1.0
2014,banglanews24.com,2018-09-22 12:10:10,Politics,reporter,Related,,1.0
2015,jagonews24.com,2018-09-22 08:48:28,Sports,reporter,Related,,1.0
2016,jagonews24.com,2018-09-22 14:48:30,Politics,বিএনপির সিনিয়র যুগ্ম মহাসচিব,Related,,1.0
2018,bd-pratidin.com,2018-09-20 00:30:11,National,সদরঘাট থানার ওসি,Related,,1.0
2019,rtnn.net,2018-09-21 09:33:57,National,Reporter,Related,,1.0
2020,independent24.com,2018-09-21 16:49:12,National,নাঙ্গলকোট থানার তদন্ত কর্মকর্তা,Related,,1.0
2021,kalerkantho.com,2018-09-22 17:49:46,Entertainment,এনডিটিভি,Related,,1.0
2022,jagonews24.com,2018-09-20 09:24:27,National,আখাউড়া রেলওয়ে থানা পুলিশের ভারপ্রাপ্ত কর্মকর্তা (ওসি),Related,,1.0
2023,jugantor.com,2018-09-20 14:55:09,Editorial,রাজৈর থানার ওসি,Related,,1.0
2024,bangla.bdnews24.com,2018-09-21 13:01:51,National,হল প্রাধ্যক্ষ,Related,,1.0
2025,dhakatimes24.com,2018-09-21 19:49:02,National,আড়াইহাজার থানার ভারপ্রাপ্ত কর্মকর্তা,Related,,1.0
2026,jagonews24.com,2018-09-22 12:24:30,Editorial,reporter,Related,,1.0
2027,dhakatimes24.com,2018-09-19 19:48:44,Finance,Not Found,Related,,1.0
2028,banglatribune.com,2018-09-20 20:28:51,National,মুক্তিযুদ্ধ বিষয়ক মন্ত্রী,Related,,1.0
2029,jagonews24.com,2018-09-20 01:36:28,Sports,reporter,Related,,1.0
2030,banglanews24.com,2018-09-22 16:18:10,National,জামালপুর সদর থানা ভারপ্রাপ্ত কর্মকর্তা (ওসি),Related,,1.0
2031,ittefaq.com.bd,2018-09-19 21:39:40,Sports,reporter,Related,,1.0
2032,risingbd.com,2018-09-20 14:52:32,National,"সিরাজগঞ্জ সদর থানার পুলিশ পরিদর্শক (তদন্ত),নিহতের স্বামী",Related,,1.0
2033,mzamin.com,2018-09-26 10:26:49,National,প্রধানমন্ত্রী,Related,,1.0
2035,banglatribune.com,2018-09-19 21:04:04,International,"লন্ডন মেট্রোপলিটন পুলিশ, হুসাইনি অ্যাসোসিয়েশনর একজন মুখপাত্র",Related,,1.0
2036,prothomalo.com,2018-09-21 14:49:43,International,ভারতের পশ্চিমবঙ্গের সুপ্রিম কোর্ট,Related,,1.0
2037,kalerkantho.com,2018-09-20 15:27:05,International,নৌকাবাইচের প্রধান আয়োজক লক্ষ্মীকুণ্ডা ইউনিয়ন পরিষদ চেয়ারম্যান,Related,,1.0
2038,prothomalo.com,2018-09-20 14:14:11,Entertainment,ইনস্টাগ্রাম,Related,,1.0
2039,banglatribune.com,2018-09-21 11:27:49,International,বিবিসি,Related,,1.0
2040,banglanews24.com,2018-09-20 15:45:32,Finance,reporter,Related,,1.0
2041,dhakatimes24.com,2018-09-21 20:59:16,Sports,reporter,Related,,1.0
2042,bd24live.com,2018-09-20 22:04:32,National,Reporter,Related,,1.0
2043,banglanews24.com,2018-09-20 05:26:55,National,সড়ক পরিবহন ও সেতুমন্ত্রী,Related,,1.0
2044,somoynews.tv,2018-09-20 15:40:55,National,খাদ্যমন্ত্রী,Related,,1.0
2045,banglanews24.com,2018-09-22 10:55:12,National,Reporter,Related,,1.0
2046,prothomalo.com,2018-09-22 17:49:29,National,র‍্যাব-২ সূত্রে,Related,,1.0
2047,jugantor.com,2018-09-19 20:55:54,Editorial,প্রকল্প বাস্তবায়ন কর্মকর্তা,Related,,1.0
2048,samakal.com,2018-09-22 12:38:14,Sports,reporter,Related,,1.0
2049,dailynayadiganta.com,2018-09-20 10:38:39,Miscellaneous,ঢাবি ভিসি,Related,,1.0
2050,samakal.com,2018-09-20 16:47:41,National,আদালত,Related,,1.0
2051,channelionline.com,2018-09-20 13:13:43,Politics,বিএনপির জ্যেষ্ঠ যুগ্ম মহাসচিব রুহুল কবির রিজভী,Related,,1.0
2052,banglanews24.com,2018-09-22 13:21:13,International,reporter,Related,,1.0
2053,kalerkantho.com,2018-09-21 16:38:06,Lifestyle,কোরআনের পাণ্ডুলিপি প্রস্তুতকারক,Related,,1.0
2054,banglanews24.com,2018-09-20 19:16:22,Politics,"মত্স্য ও প্রাণিসম্পদ মন্ত্রী,জামায়াতের কেন্দ্রীয় নায়েবে আমির ,",Related,,1.0
2055,banglatribune.com,2018-09-21 21:05:20,Sports,reporter,Related,,1.0
2056,bhorerkagoj.net,2018-10-03 16:59:51,National,not found,Related,,1.0
2057,dhakatimes24.com,2018-09-19 22:14:59,Sports,reporter,Related,,1.0
2058,jagonews24.com,2018-09-19 19:36:14,National,গোপালগঞ্জের এএসপি,Related,,1.0
2059,prothomalo.com,2018-09-20 22:01:39,International,reporter,Related,,1.0
2060,prothomalo.com,2018-09-21 13:02:08,Entertainment,reporter,Related,,1.0
2061,jagonews24.com,2018-09-21 20:12:29,National,ধর্মমন্ত্রী,Related,,1.0
2063,prothomalo.com,2018-09-19 22:37:49,International,এনডিটিভি,Related,,1.0
2064,kalerkantho.com,2018-09-19 21:26:20,National,মন্ত্রিপরিষদসচিব আলী ইমাম মজুমদার,Related,,1.0
2065,bd24live.com,2018-09-19 19:04:06,National,ন্যাশনাল বারন এন্ড প্লাস্টিক সার্জারি ইনস্টিটিটিউটের সম্বয়কারী,Related,,1.0
2066,banglatribune.com,2018-09-20 00:40:12,Sports,Reporter,Related,,1.0
2067,banglanews24.com,2018-09-22 18:44:58,National,ঢাকা দক্ষিণ সিটি করপোরেশনের (ডিএসসিসি) মেয়র,Related,,1.0
2068,bd-pratidin.com,2018-09-20 23:53:26,Editorial,নির্বাসিত লেখিকা,Related,,1.0
2069,risingbd.com,2018-09-19 17:56:14,Sports,Reporter,Related,,1.0
2070,banglatribune.com,2018-09-21 16:30:12,National,Reporter,Related,,1.0
2072,dailyjanakantha.com,2018-09-21 13:01:24,National,reporer,Related,,1.0
2074,dhakatimes24.com,2018-09-22 15:35:31,Sports,Not Found,Related,,1.0
2075,jugantor.com,2018-09-19 23:20:01,Editorial,মনোহরদী থানার ওসি,Related,,1.0
2076,jagonews24.com,2018-09-21 11:48:30,Sports,reporter,Related,,1.0
2077,kalerkantho.com,2018-09-20 03:25:46,International,Journalist,Related,,1.0
2079,bd24live.com,2018-09-20 11:15:50,National,ডোমার থানার ভারপ্রাপ্ত কর্মকর্তা (ওসি),Related,,1.0
2081,bd-pratidin.com,2018-09-19 23:53:18,National,সদরপুর বিএনপি সভাপতি,Related,,1.0
2082,banglanews24.com,2018-09-20 19:16:24,National,"শংকর মঠ পূজা উদযাপন কমিটির সভাপতি , বরিশাল মহানগর পূজা উদযাপন পরিষদের সাংগঠনিক সম্পাদক",Related,,1.0
2083,bd-pratidin.com,2018-09-21 23:55:44,Sports,reporter,Related,,1.0
2085,bd24live.com,2018-09-22 11:51:02,Politics,গণফোরামের নির্বাহী সভাপতি,Related,,1.0
2086,bd-pratidin.com,2018-09-22 04:04:10,National,শাহআলী থানার ভারপ্রাপ্ত কর্মকর্তা (ওসি),Related,,1.0
2087,bd24live.com,2018-09-20 14:16:11,National,Reporter,Related,,1.0
2088,kalerkantho.com,2018-09-20 02:13:44,Education,Not Found,Related,,1.0
2090,jugantor.com,2018-09-19 20:20:23,Editorial,প্রত্যক্ষদর্শী বিএনপি নেতা,Related,,1.0
2091,jagonews24.com,2018-09-19 10:24:00,Sports,reporter,Related,,1.0
2092,ittefaq.com.bd,2018-09-21 00:05:02,Politics,বিএনপি মহাসচিব,Related,,1.0
2093,banglanews24.com,2018-09-22 15:13:41,Editorial,reporter,Related,,1.0
2094,dhakatimes24.com,2018-09-22 17:59:23,Politics,reporter,Related,,1.0
2095,bangla.thereport24.com,2018-09-21 13:40:31,National,ময়নামতি হাইওয়ে থানার অফিসার ইনচার্জ (ওসি),Related,,1.0
2096,somoynews.tv,2018-09-20 10:50:21,Politics,"ব্রাহ্মণবাড়িয়া জেলা আওয়ামী লীগের সভাপতি,ব্রাহ্মণবাড়িয়া জেলা বিএনপির সিনিয়র সহ-সভাপতি",Related,,1.0
2097,prothomalo.com,2018-09-20 10:37:33,International,পশ্চিমবঙ্গের বিজেপির সংখ্যালঘু মোর্চার রাজ্য সভাপতি,Related,,1.0
2098,risingbd.com,2018-09-21 08:15:49,Sports,Reporter,Related,,1.0
2099,somoynews.tv,2018-09-22 16:14:41,Lifestyle,Reporter,Related,,1.0
2100,rtnn.net,2018-09-21 17:58:10,Entertainment,Reporter,Related,,1.0
2101,banglanews24.com,2018-09-22 23:36:04,Crime,আদালত,Related,,1.0
2102,banglanews24.com,2018-09-22 19:53:58,Politics,ঝিনাইদহের অতিরিক্ত পুলিশ সুপার,Related,,1.0
2105,channelionline.com,2018-09-20 20:28:10,Sports,reporter,Related,,1.0
2106,banglanews24.com,2018-09-22 14:35:03,Sports,reporter,Related,,1.0
2107,bd-pratidin.com,2018-09-19 23:18:04,National,বিএনপি মহাসচিব,Related,,1.0
2108,kalerkantho.com,2018-09-19 17:52:16,Entertainment,Journalist,Related,,1.0
2109,independent24.com,2018-09-20 21:39:55,Finance,বিশ্বব্যাংকের কান্ট্রি ডিরেক্টর,Related,,1.0
2110,banglatribune.com,2018-09-20 01:14:14,Sports,ক্রিকইনফো,Related,,1.0
2111,banglatribune.com,2018-09-20 20:33:04,Entertainment,Reporter,Related,,1.0
2113,kalerkantho.com,2018-09-21 13:02:26,International,দক্ষিণ  কোরিয়ার প্রেসিডেন্ট,Related,,1.0
2114,bd-pratidin.com,2018-09-19 23:53:08,International,ঊর্ধ্বতন কর্মকর্তা,Related,,1.0
2115,somoynews.tv,2018-09-19 18:17:25,Finance,বাণিজ্য মন্ত্রণালয়,Related,,1.0
2116,dailynayadiganta.com,2018-09-19 19:38:52,Miscellaneous,reporter,Related,,1.0
2117,prothomalo.com,2018-09-21 11:13:50,National,reporter,Related,,1.0
2118,banglanews24.com,2018-09-22 14:35:02,Sports,reporter,Related,,1.0
2119,bangla.bdnews24.com,2018-09-21 17:49:33,International,Reporter,Related,,1.0
2120,bangla.bdnews24.com,2018-09-21 18:25:42,Politics,বিএনপি মহাসচিব,Related,,1.0
2122,jugantor.com,2018-09-22 17:55:24,Editorial,সিনিয়র যুগ্ম মহাসচিব,Related,,1.0
2124,independent24.com,2018-09-22 10:49:22,Sports,reporter,Related,,1.0
2125,prothomalo.com,2018-09-19 23:49:44,Lifestyle,অধুনা প্রতিবেদক,Related,,1.0
2126,bd24live.com,2018-09-20 17:16:29,National,"আওয়ামী লীগের যুগ্ম সাধারণ সম্পাদক ও স্বাচিক নেতা ,শিবগঞ্জ উপজেলা পরিষদের চেয়ারম্যান ও জামায়াত নেতা",Related,,1.0
2127,rtnn.net,2018-09-22 21:37:25,Politics,জাতীয় পার্টির (জাপা) চেয়ারম্যান,Related,,1.0
2128,dailyjanakantha.com,2018-09-21 19:01:11,National,reporter,Related,,1.0
2129,kalerkantho.com,2018-09-20 09:25:44,National,গৃহায়ণ ও গণপূর্ত মন্ত্রী ইঞ্জিনিয়ার,Related,,1.0
2131,bangla.bdnews24.com,2018-09-20 23:13:51,Sports,Reporter,Related,,1.0
2132,bd-pratidin.com,2018-09-20 18:30:02,National,Reporter,Related,,1.0
2133,risingbd.com,2018-09-21 09:28:17,Miscellaneous,reporter,Related,,1.0
2134,bd-pratidin.com,2018-09-22 01:04:26,National,গোয়েন্দা সূত্রে,Related,,1.0
2135,somoynews.tv,2018-09-22 12:00:29,International,সাংবাদিক সম্মেলন,Related,,1.0
2137,jugantor.com,2018-09-19 19:07:33,Editorial,Reporter,Related,,1.0
2138,jagonews24.com,2018-09-20 20:48:28,International,Reporter,Related,,1.0
2140,dailynayadiganta.com,2018-09-20 16:03:21,National,reporter,Related,,1.0
2141,risingbd.com,2018-09-21 17:52:42,National,নাঙ্গলকোট থানার ওসি,Related,,1.0
2142,bangla.thereport24.com,2018-09-23 11:17:15,National,বা‌গেরহাট ম‌ডেল থানার ভারপ্রাপ্ত কর্মকর্তা,Related,,1.0
2143,prothomalo.com,2018-09-20 23:49:45,National,প্রধানমন্ত্রী,Related,,1.0
2144,bangla.thereport24.com,2018-09-22 01:40:33,National,Reporter,Related,,1.0
2145,prothomalo.com,2018-09-22 14:49:48,International,স্থায়ী প্রতিনিধি,Related,,1.0
2146,jagonews24.com,2018-09-20 08:12:27,National,আশুলিয়া থানার ভারপ্রাপ্ত কর্মকর্তা (ওসি),Related,,1.0
2147,prothomalo.com,2018-09-20 16:37:40,Technology,জিগমাটেক,Related,,1.0
2148,jugantor.com,2018-09-19 22:09:18,Editorial,Reporter,Related,,1.0
2149,kalerkantho.com,2018-09-20 23:49:55,International,রোডস এন্ড হাইওয়ে পাবনার নির্বাহী প্রকৌশলী,Related,,1.0
2150,bd24live.com,2018-09-19 23:51:41,Education,বরিশাল বিশ্ববিদ্যালয়ের জনসংযোগ বিভাগের উপ-পরিচালক,Related,,1.0
2151,kalerkantho.com,2018-09-20 01:37:33,International,কুলাউড়া থানার অফিসার ইনচার্জ মো. শামীম মূসা,Related,,1.0
2152,bangla.bdnews24.com,2018-09-20 16:01:51,International,রয়টার্সের,Related,,1.0
2153,kalerkantho.com,2018-09-19 19:02:15,National,Journalist,Related,,1.0
2154,jugantor.com,2018-09-20 22:07:57,National,স্বাস্থ্যমন্ত্রী,Related,,1.0
2155,kalerkantho.com,2018-09-22 10:01:39,International,রাশিয়ার বিশেষজ্ঞরা,Related,,1.0
2156,bd-pratidin.com,2018-09-20 20:05:32,National,reporter,Related,,1.0
2157,kalerkantho.com,2018-09-21 13:02:26,International,reporter,Related,,1.0
2158,banglanews24.com,2018-09-22 06:02:15,Politics,বিএনপি মহাসচিব,Related,,1.0
2159,jagonews24.com,2018-09-21 01:00:28,National,প্রধানমন্ত্রী,Related,,1.0
2160,bhorerkagoj.net,2018-10-07 16:59:43,International,যুক্তরাষ্ট্র আওয়ামীলীগরে ভারপ্রাপ্ত সাধারন সম্পাদক,Related,,1.0
2161,dailynayadiganta.com,2018-09-19 22:03:31,National,সামাজিক যোগাযোগ মাধ্যম,Related,,1.0
2162,independent24.com,2018-09-20 20:28:28,National,মার্কিন প্রতিনিধি ব্রায়ান হুক,Related,,1.0
2164,kalerkantho.com,2018-09-20 11:13:59,Miscellaneous,প্রাক্তন বিচারপতি সুরেন্দ্র কুমার সিনহা,Related,,1.0
2165,jagonews24.com,2018-09-22 12:24:22,Miscellaneous,reporter,Related,,1.0
2166,somoynews.tv,2018-09-20 12:39:36,National,সিনিয়র সাংবাদিক,Related,,1.0
2167,rtnn.net,2018-09-22 08:57:21,International,Reporter,Related,,1.0
2168,bhorerkagoj.net,2018-10-03 16:59:54,Entertainment,reporter,Related,,1.0
2170,kalerkantho.com,2018-09-20 08:49:41,National,বাকলিয়া থানার ওসি,Related,,1.0
2171,dhakatimes24.com,2018-09-20 23:24:50,Sports,reporter,Related,,1.0
2172,kalerkantho.com,2018-09-19 20:14:10,National,জাতীয় পার্টির সদস্য ফখরুল ইমাম,Related,,1.0
2174,ittefaq.com.bd,2018-09-22 13:15:26,International,আল জাজিরা,Related,,1.0
2175,mzamin.com,2018-09-19 23:16:28,Miscellaneous,বিবিসি,Related,,1.0
2176,ittefaq.com.bd,2018-09-21 08:25:17,International,যুক্তরাজ্য,Related,,1.0
2177,dhakatimes24.com,2018-09-22 17:23:45,National,ভৈরব স্বাস্থ্য কমপ্লেক্স হাসপাতালের কর্তব্যরত চিকিৎসক,Related,,1.0
2178,dailynayadiganta.com,2018-09-20 21:27:01,National,বাসন থানার ওসি,Related,,1.0
2179,kalerkantho.com,2018-09-20 23:50:04,National,Journalist,Related,,1.0
2180,bangla.bdnews24.com,2018-09-20 16:37:24,Sports,বসনিয়ার মিডফিল্ডার পিয়ানিচ,Related,,1.0
2181,prothomalo.com,2018-09-21 20:49:39,National,পল্লবী থানার ভারপ্রাপ্ত কর্মকর্তা (ওসি),Related,,1.0
2182,banglatribune.com,2018-09-20 20:36:36,National,ডেপুটি অ্যাটর্নি,Related,,1.0
2183,jagonews24.com,2018-09-19 12:03:00,National,অর্থনৈতিক ক্রয়-সংক্রান্ত মন্ত্রিসভা কমিটি,Related,,1.0
2184,jugantor.com,2018-09-19 21:31:39,Editorial,হালট্রিপের প্রধান নির্বাহী কর্মকর্তা,Related,,1.0
2185,rtnn.net,2018-09-21 10:46:01,National,তুরস্কের প্রেসিডেন্ট,Related,,1.0
2186,prothomalo.com,2018-09-19 20:49:39,National,সালথা থানার ভারপ্রাপ্ত কর্মকর্তা (ওসি) দেলোয়ার হোসেন,Related,,1.0
2187,bangla.bdnews24.com,2018-09-21 12:25:36,National,আদিবাসী কোটা সংরক্ষণ পরিষদ,Related,,1.0
2188,kalerkantho.com,2018-09-19 19:02:18,Miscellaneous,Reporter,Related,,1.0
2189,dailyjanakantha.com,2018-09-21 19:01:12,Sports,reporter,Related,,1.0
2190,ittefaq.com.bd,2018-09-20 18:05:00,Politics,বিএনপি সিনিয়র যুগ্ম মহাসচিব,Related,,1.0
2191,kalerkantho.com,2018-09-20 20:50:27,International,বিবিসি,Related,,1.0
2192,dailynayadiganta.com,2018-09-20 02:14:07,Miscellaneous,জামায়াতে ইসলামীর কেন্দ্রীয় কর্মপরিষদ সদস্য ও ঢাকা মহানগরী সেক্রেটারি,Related,,1.0
2193,banglanews24.com,2018-09-22 13:20:55,Entertainment,reporter,Related,,1.0
2194,ittefaq.com.bd,2018-09-21 12:04:40,Finance,সূত্র,Related,,1.0
2195,bd-pratidin.com,2018-09-19 23:53:09,National,আইনজীবী ইউনুস আলী আকন্দ,Related,,1.0
2196,jugantor.com,2018-09-22 08:18:18,Editorial,reporter,Related,,1.0
2197,ittefaq.com.bd,2018-09-21 07:49:07,National,উপজেলা নির্বাহী কর্মকর্তা,Related,,1.0
2198,somoynews.tv,2018-09-20 10:15:29,National,Reporter,Related,,1.0
2199,jugantor.com,2018-09-20 03:30:26,Editorial,বিএনপিপন্থী আইনজীবী,Related,,1.0
2200,channelionline.com,2018-09-20 17:26:06,Sports,প্রধানমন্ত্রীর উপপ্রেস সচিব,Related,,1.0
2201,bangla.bdnews24.com,2018-09-20 17:13:43,International,বিবিসি,Related,,1.0
2202,bd24live.com,2018-09-19 20:52:05,National,Reporter,Related,,1.0
2203,jugantor.com,2018-09-20 04:05:05,Editorial,ঢাকা মহানগর গোয়েন্দা ও অপরাধ তথ্য বিভাগের সিনিয়র সহকারী কমিশনার,Related,,1.0
2204,somoynews.tv,2018-09-20 20:14:53,National,টাস্কফোর্সের সভাপতি নৌ পরিবহন মন্ত্রী,Related,,1.0
2205,rtnn.net,2018-09-19 23:58:26,International,মসজিদের প্রতিষ্ঠাতা,Related,,1.0
2206,independent24.com,2018-09-20 09:01:27,National,পরিবহন বিশেষজ্ঞ,Related,,1.0
2207,jagonews24.com,2018-09-21 13:36:29,Sports,reporter,Related,,1.0
2208,jagonews24.com,2018-09-20 11:48:29,Sports,reporter,Related,,1.0
2209,rtnn.net,2018-09-21 13:10:31,Education,আওয়ামী লীগের প্রচার ও প্রকাশনা সম্পাদক,Related,,1.0
2210,samakal.com,2018-09-21 21:01:23,Sports,reporter,Related,,1.0
2211,banglatribune.com,2018-09-20 15:08:04,International,দ্য হিন্দু,Related,,1.0
2212,samakal.com,2018-09-20 03:36:44,Sports,Reporter,Related,,1.0
2213,banglanews24.com,2018-09-19 21:06:53,National,প্রধানমন্ত্রীর মুখ্যসচিব,Related,,1.0
2217,dailyjanakantha.com,2018-09-19 19:36:55,National,reporter,Related,,1.0
2218,somoynews.tv,2018-09-22 13:14:47,Politics,প্রধান নির্বাচন কমিশনার,Related,,1.0
2219,channelionline.com,2018-09-22 09:37:16,National,reporter,Related,,1.0
2220,prothomalo.com,2018-09-21 14:13:42,National,বারআউলিয়া হাইওয়ে থানার ভারপ্রাপ্ত কর্মকর্তা(ওসি),Related,,1.0
2221,channelionline.com,2018-09-19 21:02:37,Entertainment,reporter,Related,,1.0
2222,independent24.com,2018-09-23 20:27:27,National,Not Found,Related,,1.0
2223,risingbd.com,2018-09-19 23:16:44,National,Reporter,Related,,1.0
2224,mzamin.com,2018-09-24 21:29:27,National,বার্তা সংস্থা পিটিআই,Related,,1.0
2225,dhakatimes24.com,2018-09-21 20:59:20,Sports,Reporter,Related,,1.0
2226,somoynews.tv,2018-09-22 17:27:33,International,আল জাজিরা,Related,,1.0
2227,somoynews.tv,2018-09-22 10:13:32,Entertainment,reporter,Related,,1.0
2228,dhakatimes24.com,2018-09-19 18:35:11,International,আনন্দবাজার,Related,,1.0
2229,jugantor.com,2018-09-22 13:08:01,Editorial,আনন্দবাজারপত্রিকা,Related,,1.0
2230,bhorerkagoj.net,2018-10-03 16:59:40,National,বিবিসি,Related,,1.0
2231,samakal.com,2018-09-22 17:26:17,National,উপজেলা নির্বাহী কর্মকর্তা,Related,,1.0
2232,prothomalo.com,2018-09-20 09:25:31,National,তিতাস গ্যাস সঞ্চালন ও বিতরণ কোম্পানি লিমিটেডের ব্যবস্থাপনা পরিচালক,Related,,1.0
2233,risingbd.com,2018-09-19 19:04:43,Sports,Reporter,Related,,1.0
2234,kalerkantho.com,2018-09-20 19:02:27,Sports,reporter,Related,,1.0
2235,bd-pratidin.com,2018-09-20 19:06:14,National,আওয়ামী লীগের যুগ্ম সাধারণ সম্পাদক,Related,,1.0
2236,somoynews.tv,2018-09-20 13:13:56,National,মন্ত্রিপরিষদ বিভাগের অতিরিক্ত সচিব,Related,,1.0
2237,dhakatimes24.com,2018-09-20 12:36:26,Entertainment,"তথ্যমন্ত্রী,সংস্কৃতিমন্ত্রী",Related,,1.0
2238,jagonews24.com,2018-09-20 00:24:34,International,reporter,Related,,1.0
2239,bangla.bdnews24.com,2018-09-20 18:25:31,International,ডাইরেক্টরেট জেনারেল অব সিভিল অ্যাভিয়েশন,Related,,1.0
2240,jugantor.com,2018-09-20 22:07:39,Editorial,Reporter,Related,,1.0
2241,banglanews24.com,2018-09-21 01:19:02,Miscellaneous,Reporter,Related,,1.0
2242,prothomalo.com,2018-09-22 13:37:51,Entertainment,নেটফ্লিক্সের ভাইস প্রেসিডেন্ট,Related,,1.0
2243,risingbd.com,2018-09-21 22:41:04,National,আওয়ামী লীগের প্রেসিডিয়াম সদস্য,Related,,1.0
2244,dailyjanakantha.com,2018-09-21 19:38:19,National,কোতয়ালী থানার ভারপ্রাপ্ত কর্মকর্তা (ওসি),Related,,1.0
2245,dhakatimes24.com,2018-09-20 10:12:03,National,সংসদ,Related,,1.0
2246,banglanews24.com,2018-09-20 10:20:48,Politics,কৃষিমন্ত্রী,Related,,1.0
2247,bd24live.com,2018-09-20 14:51:52,National,ইন্ডিপেন্ডেন্ট,Related,,1.0
2248,somoynews.tv,2018-09-20 12:04:01,International,Not Found,Related,,1.0
2249,ittefaq.com.bd,2018-09-22 17:28:00,Politics,সমাজকল্যাণ মন্ত্রী,Related,,1.0
2250,kalerkantho.com,2018-09-20 16:02:43,International,আদালত,Related,,1.0
2251,banglanews24.com,2018-09-20 09:04:05,National,প্রধানমন্ত্রী শেখ হাসিনা,Related,,1.0
2252,jagonews24.com,2018-09-22 14:48:29,Entertainment,Not Found,Related,,1.0
2253,rtnn.net,2018-09-21 12:34:42,Sports,Reporter,Related,,1.0
2254,bangla.bdnews24.com,2018-09-20 19:01:54,Miscellaneous,থিয়েটার আর্ট ইউনিট,Related,,1.0
2255,ittefaq.com.bd,2018-09-21 08:25:18,National,গণফোরাম সভাপতি,Related,,1.0
2256,banglatribune.com,2018-09-20 15:07:46,Miscellaneous,আদালত,Related,,1.0
2257,channelionline.com,2018-09-22 13:14:33,Miscellaneous,reporter,Related,,1.0
2258,prothomalo.com,2018-09-22 11:49:21,Entertainment,reporter,Related,,1.0
2259,kalerkantho.com,2018-09-20 13:38:01,International,ফরিদপুর জেলা স্বেচ্ছাসেবক দল,Related,,1.0
2260,independent24.com,2018-09-20 08:25:15,Sports,reporter,Related,,1.0
2261,bd-pratidin.com,2018-09-22 20:57:10,National,reporter,Related,,1.0
2262,risingbd.com,2018-09-21 16:40:16,National,Reporter,Related,,1.0
2263,dailyjanakantha.com,2018-09-20 17:50:01,National,Reporter,Related,,1.0
2264,jagonews24.com,2018-09-20 19:00:27,Sports,Reporter,Related,,1.0
2265,dailyjanakantha.com,2018-09-20 15:25:16,National,আনন্দবাজার,Related,,1.0
2266,kalerkantho.com,2018-09-22 13:02:10,International,স্থানীয় লোকজন ও থানা পুলিশ সূত্র,Related,,1.0
2267,banglatribune.com,2018-09-21 16:52:15,National,সারিয়াকান্দি উপজেলা কৃষি কর্মক,Related,,1.0
2268,bd-pratidin.com,2018-09-19 23:53:11,National,Reporter,Related,,1.0
2269,independent24.com,2018-09-20 15:41:31,National,reporter,Related,,1.0
2270,kalerkantho.com,2018-09-21 20:13:53,Sports,reporter,Related,,1.0
2271,dhakatimes24.com,2018-09-20 22:49:27,National,Reporter,Related,,1.0
2272,banglanews24.com,2018-09-22 07:13:51,National,Reporter,Related,,1.0
2273,somoynews.tv,2018-09-22 08:24:37,National,reporter,Related,,1.0
2274,dhakatimes24.com,2018-09-20 21:36:17,Sports,Reporter,Related,,1.0
2275,kalerkantho.com,2018-09-20 19:02:26,Miscellaneous,reporter,Related,,1.0
2276,rtnn.net,2018-09-21 19:10:46,Sports,পাক অধিনায়ক,Related,,1.0
2278,independent24.com,2018-09-25 15:45:05,National,জাতীয় শিক্ষাক্রম ও পাঠ্যপুস্তক বোর্ড- এনসিটিবি,Related,,1.0
2279,jagonews24.com,2018-09-20 12:24:29,Education,"হল প্রভোস্ট,সহকারী প্রক্টর",Related,,1.0
2280,rtnn.net,2018-09-20 22:11:00,National,ঢাকা মহানগর পুলিশ (ডিএমপি) কমিশনার,Related,,1.0
2281,ittefaq.com.bd,2018-09-20 10:15:52,National,"আশ্রমের সভাপতি,নির্য্যান তিথী উদযাপন কমিটির সদস্য সচিব",Related,,1.0
2282,banglatribune.com,2018-09-19 19:15:53,National,প্রধান বিচারপতি,Related,,1.0
2283,somoynews.tv,2018-09-20 21:39:38,National,বিএনপির স্থায়ী কমিটির সদস্য,Related,,1.0
2284,bangla.bdnews24.com,2018-09-20 10:37:29,National,বাংলাদেশের সাবেক  প্রধান বিচারপতি সিনহা,Related,,1.0
2285,prothomalo.com,2018-09-19 22:37:47,National,সংসদ,Related,,1.0
2286,bangla.bdnews24.com,2018-09-20 17:13:42,Technology,Reporter,Related,,1.0
2287,dhakatimes24.com,2018-09-22 14:58:59,Politics,জেলা পরিষদের সদস্য ও জেলা কৃষকলীগের সদস্য সচিব,Related,,1.0
2289,independent24.com,2018-09-24 07:48:28,Sports,reporter,Related,,1.0
2290,banglanews24.com,2018-09-22 19:54:01,National,বেলাবো থানার ভারপ্রাপ্ত কর্মকর্তা (ওসি তদন্ত),Related,,1.0
2291,banglatribune.com,2018-09-22 18:41:28,Sports,reporter,Related,,1.0
2292,somoynews.tv,2018-09-21 15:02:49,Sports,Reporter,Related,,1.0
2293,kalerkantho.com,2018-09-20 11:14:18,Miscellaneous,reporter,Related,,1.0
2294,mzamin.com,2018-09-23 16:05:09,National,নগর পুলিশের বিমানবন্দর থানার ওসি,Related,,1.0
2295,ittefaq.com.bd,2018-09-19 19:15:16,Sports,Reporter,Related,,1.0
2296,bangla.thereport24.com,2018-09-23 15:31:57,National,"এভিয়েশন বিশেষজ্ঞ এবং বিমান বোর্ডের সাবেক পরিচালক,রিজেন্ট এয়ার-এর চিফ কমার্শিয়াল অফিসার",Related,,1.0
2297,kalerkantho.com,2018-09-21 04:01:36,International,প্রত্যক্ষদর্শীরা,Related,,1.0
2298,banglanews24.com,2018-09-20 16:20:43,National,আওয়ামী লীগের কেন্দ্রীয় উপ-প্রচার ও প্রকাশনা সম্পাদক,Related,,1.0
2299,somoynews.tv,2018-09-22 12:00:34,Entertainment,reporter,Related,,1.0
2300,banglanews24.com,2018-09-23 00:45:06,National,সংবাদমাধ্যম,Related,,1.0
2301,banglanews24.com,2018-09-22 21:09:23,International,আন্তর্জাতিক সংবাদমাধ্যম,Related,,1.0
2302,jagonews24.com,2018-09-20 10:36:31,Editorial,Reporter,Related,,1.0
2303,mzamin.com,2018-09-20 16:05:24,International,Tahmina.yasmin88@gmail.com,Related,,1.0
2304,dhakatimes24.com,2018-09-22 13:12:02,National,ডিএনসিসি,Related,,1.0
2305,banglanews24.com,2018-09-22 09:41:48,Entertainment,Reproter,Related,,1.0
2306,banglanews24.com,2018-09-23 09:46:07,National,reporter,Related,,1.0
2307,banglanews24.com,2018-09-21 13:17:20,National,সৈয়দপুর থানার ভারপ্রাপ্ত কর্মকর্তা,Related,,1.0
2309,bangla.bdnews24.com,2018-09-19 20:13:23,Politics,বিএনপির জ্যেষ্ঠ যুগ্ম মহাসচিব,Related,,1.0
2310,banglanews24.com,2018-09-22 19:53:57,National,"বেনাপোল বন্দরের আমদানি-রফতানি সমিতির সহ-সভাপতি,  বেনাপোল স্থলবন্দরের পরিচালক",Related,,1.0
2311,banglatribune.com,2018-09-21 18:38:09,Miscellaneous,বিআরটিএ’র (বাংলাদেশ রোড ট্রান্সপোর্ট অথরিটি) পরিচালক (এনফোর্সমেন্ট),Related,,1.0
2312,independent24.com,2018-09-25 10:50:00,Sports,reporter,Related,,1.0
2313,jagonews24.com,2018-09-20 20:48:24,Education,শিক্ষামন্ত্রী,Related,,1.0
2314,dhakatimes24.com,2018-09-19 19:11:48,Sports,reporter,Related,,1.0
2315,banglanews24.com,2018-09-20 09:40:05,Politics,সিলেট জেলা বিএনপির সহ-সভাপতি,Related,,1.0
2316,jugantor.com,2018-09-22 17:19:50,Editorial,Reporter,Related,,1.0
2317,bd24live.com,2018-09-22 19:40:10,National,reporter,Related,,1.0
2318,prothomalo.com,2018-09-21 16:37:48,Sports,Reporter,Related,,1.0
2319,dhakatimes24.com,2018-09-20 19:11:38,Sports,Reporter,Related,,1.0
2320,jagonews24.com,2018-09-22 17:48:33,Politics,গণফোরামের সভাপতি,Related,,1.0
2321,banglanews24.com,2018-09-23 11:32:01,National,reporter,Related,,1.0
2322,bangla.thereport24.com,2018-09-21 17:53:21,Editorial,Reporter,Related,,1.0
2323,kalerkantho.com,2018-09-20 01:37:44,Education,Not Found,Related,,1.0
2324,prothomalo.com,2018-09-19 20:49:40,Finance,এডিবির এক সংবাদ বিজ্ঞপ্তি,Related,,1.0
2326,dailynayadiganta.com,2018-09-22 15:26:23,National,"উপজেলা নির্বাহী কর্মকর্তা ,আওয়ামী লীগের সাধারণ সম্পাদক",Related,,1.0
2327,jugantor.com,2018-09-21 04:06:08,National,নন্দীগ্রাম পৌরসভার মেয়র,Related,,1.0
2328,samakal.com,2018-09-19 18:36:34,National,তথ্য ও যোগাযোগ প্রযুক্তি প্রতিমন্ত্রী,Related,,1.0
2330,somoynews.tv,2018-09-22 08:24:42,Sports,reporter,Related,,1.0
2331,samakal.com,2018-09-20 11:25:34,International,Reporter,Related,,1.0
2332,bangla.thereport24.com,2018-09-23 14:56:01,National,Reporter,Related,,1.0
2333,independent24.com,2018-09-25 13:15:29,National,reporter,Related,,1.0
2334,somoynews.tv,2018-09-19 19:50:49,Sports,Reporter,Related,,1.0
2335,bangla.thereport24.com,2018-09-22 20:19:56,National,শ্রম প্রতিমন্ত্রী,Related,,1.0
2337,samakal.com,2018-09-21 21:38:03,International,বিবিসি,Related,,1.0
2338,dhakatimes24.com,2018-09-19 20:24:24,National,সালথা থানার ভারপ্রাপ্ত কর্মকর্তা (ওসি),Related,,1.0
2339,banglanews24.com,2018-09-21 13:17:18,Sports,Reporter,Related,,1.0
2340,bd24live.com,2018-09-22 10:02:58,National,reporter,Related,,1.0
2341,jagonews24.com,2018-09-22 16:00:29,Entertainment,"বিএসএমএমইউ’র ইউরোলজি বিভাগের অধ্যাপক,চলচ্চিত্র পরিচালক",Related,,1.0
2343,bd24live.com,2018-09-21 14:51:47,Entertainment,reporter,Related,,1.0
2344,ittefaq.com.bd,2018-09-20 18:04:58,National,রূপসা থানার ভারপ্রাপ্ত কর্মকর্তা (ওসি),Related,,1.0
2345,dailyjanakantha.com,2018-09-20 20:00:00,National,বাজিতপুর থানার ওসি,Related,,1.0
2346,dhakatimes24.com,2018-09-20 14:24:44,Entertainment,Reporter,Related,,1.0
2347,banglanews24.com,2018-09-22 16:17:59,National,কাঁঠালবাড়ী ফেরিঘাটের ব্যবস্থাপক,Related,,1.0
2348,bd-pratidin.com,2018-09-20 23:53:29,Miscellaneous,Reporter,Related,,1.0
2349,kalerkantho.com,2018-09-21 15:25:59,International,Reporter,Related,,1.0
2350,bangla.thereport24.com,2018-09-20 08:15:46,Sports,তামিম ইকবাল,Related,,1.0
2351,bd-pratidin.com,2018-09-20 11:53:56,International,Not found,Related,,1.0
2352,somoynews.tv,2018-09-21 08:24:57,Miscellaneous,Reporter,Related,,1.0
2355,channelionline.com,2018-09-22 16:14:35,Sports,reporter,Related,,1.0
2356,ittefaq.com.bd,2018-09-21 20:26:12,National,কিশোরগঞ্জ থানার ভারপ্রাপ্ত কর্মকর্তা (ওসি),Related,,1.0
2357,jagonews24.com,2018-09-20 18:24:30,Sports,Reporter,Related,,1.0
2358,samakal.com,2018-09-23 16:51:00,Politics,জাসদ সভাপতি ও তথ্যমন্ত্রী,Related,,1.0
2359,somoynews.tv,2018-09-21 09:02:24,Sports,reporter,Related,,1.0
2360,jagonews24.com,2018-09-20 10:00:25,Sports,reporter,Related,,1.0
2361,kalerkantho.com,2018-09-20 17:50:59,Entertainment,চিত্রনায়ক ফেরদৌস,Related,,1.0
2363,dailynayadiganta.com,2018-09-20 01:02:24,Miscellaneous,reporter,Related,,1.0
2364,kalerkantho.com,2018-09-21 17:50:11,Sports,reporter,Related,,1.0
2366,jugantor.com,2018-09-21 03:30:20,Editorial,বিশিষ্ট নাগরিকরা,Related,,1.0
2367,samakal.com,2018-09-21 17:24:19,National,Reporter,Related,,1.0
2368,risingbd.com,2018-09-22 17:16:47,Politics,reporter,Related,,1.0
2369,banglanews24.com,2018-09-20 20:46:25,Education,Reporter,Related,,1.0
2370,mzamin.com,2018-09-22 20:18:33,Miscellaneous,Journalist,Related,,1.0
2371,ittefaq.com.bd,2018-09-21 10:50:08,Entertainment,reporter,Related,,1.0
2372,dhakatimes24.com,2018-09-19 19:11:43,National,ডিএমপির মিডিয়া ও পাবলিক রিলেশন্স বিভাগ,Related,,1.0
2373,dailynayadiganta.com,2018-09-20 21:27:00,National,Reporter,Related,,1.0
2374,ittefaq.com.bd,2018-09-22 09:01:24,National,ইত্তেফাক/নূহু,Related,,1.0
2375,banglatribune.com,2018-09-19 19:55:09,National,বুধবার প্রধানমন্ত্রীর কার্যালয়ের মুখ্য সচিব স্বাক্ষরিত এক পরিপত্রে,Related,,1.0
2376,bangla.thereport24.com,2018-09-21 12:29:17,National,আশুলিয়া থানার ভারপ্রাপ্ত কর্মকর্তা (ওসি),Related,,1.0
2377,banglanews24.com,2018-09-22 02:26:55,National,reporter,Related,,1.0
2378,jagonews24.com,2018-09-22 11:12:30,Editorial,reporter,Related,,1.0
2379,bangla.thereport24.com,2018-09-22 13:41:18,Politics,বিএনপির সিনিয়র যুগ্ম মহাসচিব,Related,,1.0
2380,bangla.thereport24.com,2018-09-20 20:54:10,National,জাতীয় পার্টির চেয়ারম্যান ও সাবেক রাষ্ট্রপতি,Related,,1.0
2381,risingbd.com,2018-09-20 08:51:52,Miscellaneous,দুর্নীতি দমন কমিশন,Related,,1.0
2382,rtnn.net,2018-09-21 23:23:41,International,Not Found,Related,,1.0
2383,ittefaq.com.bd,2018-09-22 18:04:27,International,মিরর,Related,,1.0
2384,bangla.bdnews24.com,2018-09-20 19:01:55,Finance,ব্যাংকের বোর্ড অডিট কমিটির চেয়ারম্যান,Related,,1.0
2385,bd-pratidin.com,2018-09-21 10:41:23,Sports,ফিফা র‍্যাঙ্কিং,Related,,1.0
2386,jagonews24.com,2018-09-22 11:12:29,Editorial,reporter,Related,,1.0
2387,dailynayadiganta.com,2018-09-19 21:26:41,National,জেলা পুলিশ সুপার,Related,,1.0
2388,dhakatimes24.com,2018-09-21 11:23:40,National,ফায়ার সার্ভিস ও সিভিল ডিফেন্সের রাজশাহী সদর স্টেশনের সিনিয়র স্টেশন,Related,,1.0
2389,jugantor.com,2018-09-22 11:54:15,Editorial,reporter,Related,,1.0
2390,mzamin.com,2018-09-23 13:04:30,Sports,reporter,Related,,1.0
2392,samakal.com,2018-09-19 21:38:13,National,রংপুর মহানগর সভাপতি,Related,,1.0
2393,bangla.thereport24.com,2018-09-21 11:17:28,National,কোতয়ালি মডেল থানার ওসি,Related,,1.0
2394,rtnn.net,2018-09-22 08:57:20,Politics,গোয়েন্দা পুলিশের উপপরিদর্শক,Related,,1.0
2395,banglatribune.com,2018-09-22 10:19:36,Sports,reporter,Related,,1.0
2396,bangla.thereport24.com,2018-09-23 10:06:55,Sports,reporter,Related,,1.0
2397,risingbd.com,2018-09-21 16:04:26,Sports,Reporter,Related,,1.0
2398,channelionline.com,2018-09-22 10:49:01,Politics,আওয়ামী লীগের দলের সাধারণ সম্পাদক,Related,,1.0
2399,mzamin.com,2018-09-23 23:58:17,Sports,reporter,Related,,1.0
2400,bangla.thereport24.com,2018-09-23 00:30:07,Sports,Reporter,Related,,1.0
2401,prothomalo.com,2018-09-22 10:37:24,Editorial,ডন নিউজের খবর,Related,,1.0
2402,jugantor.com,2018-09-19 22:44:58,Editorial,"প্রত্যক্ষদর্শী,ক্ষতিগ্রস্ত রুবেল ফার্মার মালিক,এসআই",Related,,1.0
2403,somoynews.tv,2018-09-19 18:18:50,National,তথ্যমন্ত্রী,Related,,1.0
2404,kalerkantho.com,2018-09-20 19:02:26,International,কেন্দুয়া থানার ভারপ্রাপ্ত কর্মকর্তা (ওসি),Related,,1.0
2405,dailyjanakantha.com,2018-09-22 12:25:18,International,reporter,Related,,1.0
2406,dhakatimes24.com,2018-09-20 19:11:33,National,কুড়িগ্রাম সদর থানার ভারপ্রাপ্ত অফিসার ইনচার্জ,Related,,1.0
2407,kalerkantho.com,2018-09-19 23:13:53,International,বেনাপোল পৌর প্যানেল মেয়র সাহাবুদ্দিন মন্টু,Related,,1.0
2408,channelionline.com,2018-09-20 08:24:50,Sports,reporter,Related,,1.0
2409,bd24live.com,2018-09-22 12:27:47,National,উপজেলা নির্বাহী অফিসার,Related,,1.0
2410,samakal.com,2018-09-21 17:24:33,Entertainment,সামাজিক যোগাযোগ,Related,,1.0
2411,dhakatimes24.com,2018-09-21 22:47:47,National,কাশিয়ানীর রামদিয়া পুলিশ তদন্ত কেন্দ্রের পরিদর্শক,Related,,1.0
2412,dailynayadiganta.com,2018-09-20 23:14:48,Sports,Reporter,Related,,1.0
2413,banglanews24.com,2018-09-20 17:34:24,National,বাসন মেট্টোপলিটন থানার পরিদর্শক (তদন্ত),Related,,1.0
2414,jagonews24.com,2018-09-19 14:29:00,Sports,reporter,Related,,1.0
2415,prothomalo.com,2018-09-21 13:37:37,Entertainment,reporter,Related,,1.0
2416,dhakatimes24.com,2018-09-21 01:11:49,National,ফরিদপুর জেলা প্রশাসক,Related,,1.0
2417,somoynews.tv,2018-09-19 18:17:06,International,সামাজিক যোগাযোগ মাধ্যম,Related,,1.0
2418,bd24live.com,2018-09-20 19:04:24,National,Reporter,Related,,1.0
2419,bd24live.com,2018-09-22 14:51:54,National,রূপগঞ্জ থানার ওসি,Related,,1.0
2420,banglanews24.com,2018-09-22 19:53:21,Sports,reporter,Related,,1.0
2421,channelionline.com,2018-09-21 13:13:48,National,reporter,Related,,1.0
2422,kalerkantho.com,2018-09-20 22:02:08,Technology,বাংলাদেশ টেলিযোগাযোগ নিয়ন্ত্রণ কমিশন (বিটিআরসি),Related,,1.0
2423,samakal.com,2018-09-23 13:15:41,International,বিএনপি,Related,,1.0
2424,bangla.thereport24.com,2018-09-22 18:29:35,National,যুক্তরাষ্ট্রের রাষ্ট্রদূত,Related,,1.0
2425,jagonews24.com,2018-09-20 11:12:26,Entertainment,অভিনেত্রী,Related,,1.0
2427,jagonews24.com,2018-09-20 14:48:26,Sports,reporter,Related,,1.0
2428,dhakatimes24.com,2018-09-21 14:23:23,International,রয়টার্স,Related,,1.0
2431,somoynews.tv,2018-09-19 20:26:54,National,আওয়ামিলীর সাধারণ সম্পাদক,Related,,1.0
2432,ittefaq.com.bd,2018-09-20 17:27:02,National,বটিয়াঘাটা উপজেলা নির্বাহী অফিসার,Related,,1.0
2433,bd24live.com,2018-09-20 14:16:15,National,রাজশাহীর বাঘা উপজেলা ইউএনও,Related,,1.0
2434,dhakatimes24.com,2018-09-20 20:11:39,National,নৌপরিবহনমন্ত্রী,Related,,1.0
2435,bd24live.com,2018-09-20 14:51:48,Editorial,খালেদা জিয়ার আইনজীবী,Related,,1.0
2436,jagonews24.com,2018-09-21 15:24:30,International,জাতীয় স্বাস্থ্য সেবা কমিশনের কর্মকর্তারা,Related,,1.0
2437,bangla.bdnews24.com,2018-09-21 15:25:37,National,স্টেশনের সুপারিনটেনডেন্ট,Related,,1.0
2438,bangla.bdnews24.com,2018-09-19 21:25:04,National,"‘বাংলাদেশ সাধারণ ছাত্র অধিকার সংরক্ষণ পরিষদের’ যুগ্ম-আহ্বায়ক,ছাত্রলীগের সাধারণ সম্পাদক,আন্দোলকারীদের যুগ্ম-আহ্বায়ক,বাংলাদেশ সাধারণ ছাত্র অধিকার সংরক্ষণ পরিষদের আহ্বায়ক",Related,,1.0
2439,jugantor.com,2018-09-22 10:42:24,Editorial,বিসিবি,Related,,1.0
2440,prothomalo.com,2018-09-19 18:25:38,National,Reporter,Related,,1.0
2441,somoynews.tv,2018-09-21 13:13:58,Lifestyle,reporter,Related,,1.0
2442,dhakatimes24.com,2018-09-20 22:49:14,Sports,Related,Related,,1.0
2443,bangla.bdnews24.com,2018-09-20 14:49:15,Sports,বাংলাদেশের কোচ,Related,,1.0
2444,risingbd.com,2018-09-21 17:52:39,Sports,Reporter,Related,,1.0
2445,channelionline.com,2018-09-19 23:26:47,Sports,reporter,Related,,1.0
2446,dailyjanakantha.com,2018-09-21 11:49:11,National,reporter,Related,,1.0
2447,rtnn.net,2018-09-24 11:24:21,International,অন্তর্জাতিক ডেস্ক আরটিএনএন নয়াদিল্লি,Related,,1.0
2448,mzamin.com,2018-09-24 21:29:25,National,গণফোরাম সভাপতি,Related,,1.0
2449,independent24.com,2018-09-22 19:50:56,National,জেলা প্রশাসক,Related,,1.0
2451,kalerkantho.com,2018-09-19 21:26:02,International,উপজেলা নির্বাহী অফিসার আসিফ আনাম সিদ্দিক,Related,,1.0
2452,bd24live.com,2018-09-22 20:18:11,National,দেশটির কর্তৃপক্ষ,Related,,1.0
2454,jugantor.com,2018-09-22 10:06:22,Editorial,reporter,Related,,1.0
2455,banglatribune.com,2018-09-20 23:41:10,Entertainment,Reporter,Related,,1.0
2456,kalerkantho.com,2018-09-20 14:49:58,Entertainment,হিন্দুস্তান টাইমস,Related,,1.0
2457,jugantor.com,2018-09-22 12:31:54,Editorial,উত্তর সিটির জনসংযোগ কর্মকর্তা,Related,,1.0
2458,kalerkantho.com,2018-09-21 11:49:54,Lifestyle,"লেকচারার, আরবি বিভাগ, চট্টগ্রাম বিশ্ববিদ্যালয়",Related,,1.0
2459,bangla.bdnews24.com,2018-09-19 22:01:41,National,দুদকের উপ-পরিচালক,Related,,1.0
2461,bangla.thereport24.com,2018-09-21 14:16:44,Politics,আওয়ামী লীগের সাধারণ সম্পাদক,Related,,1.0
2462,prothomalo.com,2018-09-20 18:25:45,National,জাতীয় পার্টির চেয়ারম্যান,Related,,1.0
2463,ittefaq.com.bd,2018-09-22 16:15:13,International,এনডিটিভি,Related,,1.0
2464,bd-pratidin.com,2018-09-20 12:30:14,Sports,পাকিস্তানের অধিনায়ক,Related,,1.0
2465,prothomalo.com,2018-09-22 09:25:34,National,reporter,Related,,1.0
2466,samakal.com,2018-09-22 16:53:53,National,reporter,Related,,1.0
2467,jugantor.com,2018-09-22 20:58:27,Editorial,reporter,Related,,1.0
2468,somoynews.tv,2018-09-21 14:26:38,Sports,Reporter,Related,,1.0
2469,dailynayadiganta.com,2018-09-20 11:50:43,International,Not Found,Related,,1.0
2470,channelionline.com,2018-09-20 19:13:16,National,তারানা হালিম,Related,,1.0
2471,dhakatimes24.com,2018-09-19 22:14:07,Politics,বিএনপি মহাসচিব,Related,,1.0
2472,banglanews24.com,2018-09-20 18:10:38,International,Not Found,Related,,1.0
2474,bd24live.com,2018-09-19 19:04:04,National,সিভিল সার্জন ও রাঙ্গামাটি মেডিকেল কলেজের প্রকল্প পরিচালক,Related,,1.0
2477,risingbd.com,2018-09-20 14:52:37,National,"চট্টগ্রাম সিটি কর্পোরেশনের মেয়র,পিটুপি থ্রি সিক্সটি’র স্থপতি",Related,,1.0
2478,bd24live.com,2018-09-19 22:41:01,Entertainment,Reporter,Related,,1.0
2479,dhakatimes24.com,2018-09-19 19:48:43,Politics,খালেদা জিয়ার আইনজীবী,Related,,1.0
2480,kalerkantho.com,2018-09-22 18:26:01,National,গণফোরাম সভাপতি ও জাতীয় ঐক্য প্রক্রিয়ার আহ্বায়ক,Related,,1.0
2481,banglanews24.com,2018-09-19 23:30:09,Politics,সাবেক সংসদ সদস্য,Related,,1.0
2482,prothomalo.com,2018-09-20 20:13:49,Sports,প্রধানমন্ত্রী,Related,,1.0
2483,bangla.bdnews24.com,2018-09-20 17:50:26,National,আইনজীবী,Related,,1.0
2484,banglanews24.com,2018-09-20 19:16:10,National,ঢামেক হাসপাতালের পুলিশ ক্যাম্পের ইনচার্জ (এসআই) বাচ্চু মিয়া,Related,,1.0
2485,bangla.bdnews24.com,2018-09-20 17:13:43,National,কোটালীপাড়া থানার ওসি,Related,,1.0
2486,dhakatimes24.com,2018-09-20 23:24:42,National,Reporter,Related,,1.0
2487,bd24live.com,2018-09-21 08:51:46,Education,Reporter,Related,,1.0
2488,dhakatimes24.com,2018-09-20 14:59:39,National,নড়াইল সদর থানার ওসি,Related,,1.0
2490,rtnn.net,2018-09-21 20:22:15,Sports,মঙ্গলবার পাকিস্তানি সংবাদমাধ্যম জিও,Related,,1.0
2491,banglanews24.com,2018-09-20 16:20:43,Finance,Reporter,Related,,1.0
2492,ittefaq.com.bd,2018-09-20 20:28:38,National,Reporter,Related,,1.0
2493,kalerkantho.com,2018-09-19 19:02:12,International,Journalist,Related,,1.0
2494,banglanews24.com,2018-09-22 19:53:17,National,থানার ভারপ্রাপ্ত কর্মকর্তা,Related,,1.0
2495,independent24.com,2018-09-19 22:52:35,International,ভেনেজুয়েলার প্রেসিডেন্ট,Related,,1.0
2496,bangla.bdnews24.com,2018-09-19 18:25:27,Politics,মামলার তদন্ত কর্মকর্তা গোয়েন্দা পুলিশের এসআই,Related,,1.0
2497,mzamin.com,2018-09-21 14:52:07,International,"অ্যা ব্রোকেন ড্রিম: রুল অব ল’, হিউম্যান রাইটস অ্যান্ড ডেমোক্রেসি",Related,,1.0
2498,prothomalo.com,2018-09-22 11:49:30,National,ঢাকা উত্তর সিটি করপোরেশনের প্রধান নির্বাহী কর্মকর্তা,Related,,1.0
2499,independent24.com,2018-09-20 07:48:24,International,আইসিসির প্রধান প্রসেকিউটর,Related,,1.0
2500,dhakatimes24.com,2018-09-20 08:58:41,International,জিও নিউজ,Related,,1.0
2501,mzamin.com,2018-09-24 13:05:56,International,reporter,Related,,1.0
2502,bangla.thereport24.com,2018-09-21 21:29:10,Politics,ঢাকা মহানগর পুলিশের তেজগাঁও অঞ্চলের সহকারী কমিশনার,Related,,1.0
2503,banglatribune.com,2018-09-22 14:28:50,Politics,বিএনপির সিনিয়র যুগ্ম মহাসচিব,Related,,1.0
2504,jagonews24.com,2018-09-21 20:48:31,Education,শেরেবাংলা কৃষি বিশ্ববিদ্যালয়ের। (শেকৃবি),Related,,1.0
2505,banglanews24.com,2018-09-22 12:43:13,National,রাবেয়া,Related,,1.0
2506,kalerkantho.com,2018-09-21 16:38:06,International,Reporter,Related,,1.0
2507,somoynews.tv,2018-09-22 10:13:34,National,বরিশাল পুলিশ সুপার,Related,,1.0
2508,ittefaq.com.bd,2018-09-20 08:25:19,International,আনন্দবাজার পত্রিকা,Related,,1.0
2509,jugantor.com,2018-09-20 22:07:41,Editorial,Reporter,Related,,1.0
2510,banglanews24.com,2018-09-19 19:18:25,International,প্রেসিডেন্ট মুন,Related,,1.0
2511,jugantor.com,2018-09-20 11:55:07,Editorial,Reporter,Related,,1.0
2512,bd24live.com,2018-09-22 11:51:02,Miscellaneous,নেটফ্লিক্স,Related,,1.0
2513,bd24live.com,2018-09-22 19:04:40,National,শ্রীপুর থানার ভারপ্রাপ্ত কর্মকর্তা (ওসি),Related,,1.0
2514,banglatribune.com,2018-09-22 02:24:52,Sports,reporter,Related,,1.0
2515,dhakatimes24.com,2018-09-22 18:36:20,Education,reporter,Related,,1.0
2516,kalerkantho.com,2018-09-20 04:01:36,International,Not Found,Related,,1.0
2517,mzamin.com,2018-09-19 22:05:49,National,যুক্তফ্রন্টের জনসভা,Related,,1.0
2519,jugantor.com,2018-09-20 20:20:08,Editorial,Reporter,Related,,1.0
2520,somoynews.tv,2018-09-22 11:26:43,Politics,জাতীয় পর্টির চেয়ারম্যান,Related,,1.0
2521,banglanews24.com,2018-09-20 12:07:38,National,"প্রধান শিক্ষক,উপজেলা ছাত্রলীগের সভাপতি,বাবুগঞ্জ থানার ভারপ্রাপ্ত কর্মকর্তা (ওসি)",Related,,1.0
2523,kalerkantho.com,2018-09-22 16:02:03,Finance,হুয়াওয়ের গ্লোবাল করপোরেট সোশ্যাল রেসপনসিবিলিটি (সিএসআর) প্রধান,Related,,1.0
2524,samakal.com,2018-09-21 15:01:30,National,থানার উপপরিদর্শক,Related,,1.0
2526,prothomalo.com,2018-09-22 03:25:34,International,এনডিটিভি,Related,,1.0
2527,dailyjanakantha.com,2018-09-20 16:01:15,International,-টাইমসনাউনিউজ,Related,,1.0
2528,bd-pratidin.com,2018-09-20 19:06:03,National,বাংলাদেশ ফেডারেল সাংবাদিক ইউনিয়নের (বিএফইউজে) সভাপতি,Related,,1.0
2530,banglanews24.com,2018-09-20 16:20:40,Entertainment,Reporter,Related,,1.0
2531,jugantor.com,2018-09-22 13:44:00,Editorial,বিবিসি,Related,,1.0
2532,jagonews24.com,2018-09-21 22:00:34,Education,রাজধানীর ধানমন্ডিতে ইউনিভার্সিটি অব ডেভেলপমেন্ট অল্টানেটিভের অডিটোরিয়াম,Related,,1.0
2533,banglanews24.com,2018-09-20 21:06:45,Politics,"সাতক্ষীরা সদর থানার ভারপ্রাপ্ত কর্মকর্তা (ওসি),প্রত্যক্ষদর্শী",Related,,1.0
2534,dhakatimes24.com,2018-09-21 15:35:29,National,reporter,Related,,1.0
2535,banglanews24.com,2018-09-22 13:21:03,National,আখাউড়া রেলওয়ে থানার ভারপ্রাপ্ত কর্মকর্তা (ওসি),Related,,1.0
2536,risingbd.com,2018-09-19 23:16:44,Miscellaneous,ফরিদপুরের জেলা প্রশাসক,Related,,1.0
2537,rtnn.net,2018-09-22 08:21:10,National,আদালত,Related,,1.0
2538,banglanews24.com,2018-09-21 00:07:56,National,ব্রাহ্মণবাড়িয়া রেলওয়ে ফাঁড়ির সহকারী উপ-পরিদর্শক (এএসআই),Related,,1.0
2539,somoynews.tv,2018-09-20 15:40:53,National,আদালত,Related,,1.0
2540,prothomalo.com,2018-09-20 22:01:48,International,"সুদীপ্তা চৌধুরী: লন্ডন, যুক্তরাজ্য",Related,,1.0
2541,bangla.bdnews24.com,2018-09-19 17:50:43,National,Reporter,Related,,1.0
2542,jagonews24.com,2018-09-21 08:48:23,National,Reporter,Related,,1.0
2543,samakal.com,2018-09-20 16:14:30,National,চুয়েটের রেজিস্ট্রার (অতিরিক্ত দায়িত্ব),Related,,1.0
2545,mzamin.com,2018-09-25 19:28:17,Miscellaneous,রাষ্ট্রের প্রধান আইনজীবী,Related,,1.0
2546,somoynews.tv,2018-09-21 12:38:00,International,সংবাদমাধ্যম,Related,,1.0
2547,banglatribune.com,2018-09-21 12:42:20,National,ইনচার্জ পরিদর্শক,Related,,1.0
2548,banglanews24.com,2018-09-22 19:54:03,Education,Reporter,Related,,1.0
2549,independent24.com,2018-09-20 06:36:42,National,প্রধানমন্ত্রী,Related,,1.0
2550,banglatribune.com,2018-09-21 18:38:16,Miscellaneous,পবা’র সাধারণ সম্পাদক প্রকৌশলী,Related,,1.0
2551,risingbd.com,2018-09-21 21:28:38,National,ধর্মমন্ত্রী,Related,,1.0
2552,dhakatimes24.com,2018-09-22 08:22:08,National,নারায়নপুর তদন্ত কেন্দ্রের ইনচার্জ ইন্সপেক্টর,Related,,1.0
2553,bd24live.com,2018-09-19 20:16:24,National,reporter,Related,,1.0
2554,jugantor.com,2018-09-22 11:54:16,Editorial,শাহআলী থানার ওসি,Related,,1.0
2556,somoynews.tv,2018-09-19 18:16:17,International,সামাজিক যোগাযোগ মাধ্যম,Related,,1.0
2557,bangla.bdnews24.com,2018-09-20 00:25:30,National,বাসন থানার ওসি,Related,,1.0
2559,somoynews.tv,2018-09-19 18:17:18,National,Reporter,Related,,1.0
2561,banglatribune.com,2018-09-22 15:48:19,Entertainment,লেখক,Related,,1.0
2562,mzamin.com,2018-09-25 14:18:19,Miscellaneous,বিএনপির স্থায়ী কমিটির সদস্য,Related,,1.0
2563,channelionline.com,2018-09-20 15:02:07,Entertainment,মডেল ও অভিনেত্রী সাফা কবির,Related,,1.0
2564,banglatribune.com,2018-09-22 15:04:39,Sports,Reporter,Related,,1.0
2565,banglanews24.com,2018-09-22 16:59:10,Sports,reporter,Related,,1.0
2566,bangla.bdnews24.com,2018-09-21 02:13:26,National,কালাই থানার ওসি,Related,,1.0
2567,jugantor.com,2018-09-22 19:43:50,Editorial,reporter,Related,,1.0
2568,banglatribune.com,2018-09-19 21:04:10,National,Reporter,Related,,1.0
2569,banglanews24.com,2018-09-20 07:15:24,National,কৃষিমন্ত্রী,Related,,1.0
2571,banglatribune.com,2018-09-20 15:07:49,Lifestyle,Reporter,Related,,1.0
2572,dhakatimes24.com,2018-09-20 16:46:11,National,দক্ষিণ আইচা থানার ভারপ্রাপ্ত কর্মকর্তা (ওসি),Related,,1.0
2573,ittefaq.com.bd,2018-09-20 18:05:08,Entertainment,Reporter,Related,,1.0
2574,kalerkantho.com,2018-09-20 17:50:58,Entertainment,Reporter,Related,,1.0
2575,kalerkantho.com,2018-09-20 03:26:01,National,সাইদুর রহমান বাচ্চু,Related,,1.0
2576,prothomalo.com,2018-09-21 08:49:23,Sports,reporter,Related,,1.0
2577,mzamin.com,2018-09-25 21:17:08,National,প্রধানমন্ত্রী,Related,,1.0
2578,jagonews24.com,2018-09-20 10:36:32,Sports,reporter,Related,,1.0
2579,samakal.com,2018-09-20 22:14:58,National,টেক্সটাইল বিশ্ববিদ্যালয় শাখা ছাত্রলীগের সভাপতি,Related,,1.0
2580,rtnn.net,2018-09-23 08:20:53,Sports,reporter,Related,,1.0
2581,jugantor.com,2018-09-20 08:53:55,Editorial,আনন্দবাজার,Related,,1.0
2582,jagonews24.com,2018-09-21 10:36:27,Sports,reporter,Related,,1.0
2583,risingbd.com,2018-09-20 22:05:07,Finance,অর্থমন্ত্রী,Related,,1.0
2584,bangla.bdnews24.com,2018-09-22 10:01:18,National,সীমান্ত দিপু,Related,,1.0
2585,jugantor.com,2018-09-20 13:07:21,Editorial,Reporter,Related,,1.0
2586,bd-pratidin.com,2018-09-22 15:29:49,Miscellaneous,কলকাতা টোয়েন্টিফোর সেভেন,Related,,1.0
2587,samakal.com,2018-09-19 20:25:42,Sports,Reporter,Related,,1.0
2588,ittefaq.com.bd,2018-09-22 16:15:15,Entertainment,বাংলাদেশ ব্যাংকের সাবেক গভর্নর,Related,,1.0
2590,bd-pratidin.com,2018-09-20 15:31:23,Sports,Reporter,Related,,1.0
2591,ittefaq.com.bd,2018-09-19 19:51:19,National,reporter,Related,,1.0
2592,dhakatimes24.com,2018-09-22 13:11:53,Sports,reporter,Related,,1.0
2593,bangla.bdnews24.com,2018-09-22 11:13:35,National,বাগমারা থানার ওসি,Related,,1.0
2594,independent24.com,2018-09-23 18:07:01,National,reporter,Related,,1.0
2595,bd24live.com,2018-09-20 16:39:43,National,"ইয়াছিন শেখ,গোপালগঞ্জের এএসপি (সার্কেল সদর),টুঙ্গিপাড়া থানার ওসি",Related,,1.0
2596,prothomalo.com,2018-09-21 19:38:56,International,reporter,Related,,1.0
2597,prothomalo.com,2018-09-20 20:13:41,International,Reporter,Related,,1.0
2598,banglanews24.com,2018-09-21 15:41:46,National,রাজৈর থানার ভারপ্রাপ্ত কর্মকর্তা,Related,,1.0
2599,dhakatimes24.com,2018-09-20 20:11:33,Politics,বিএনপির স্থায়ী কমিটির সদস্য,Related,,1.0
2600,prothomalo.com,2018-09-20 20:13:59,Education,বিশ্ববিদ্যালয় প্রশাসন,Related,,1.0
2601,bd24live.com,2018-09-19 22:05:27,Sports,Reporter,Related,,1.0
2602,samakal.com,2018-09-22 19:24:11,Entertainment,জি-নিউজ,Related,,1.0
2603,independent24.com,2018-09-21 18:04:05,National,এনডিটিভি,Related,,1.0
2604,dailynayadiganta.com,2018-09-20 20:14:31,Politics,তথ্য প্রতিমন্ত্রী,Related,,1.0
2605,dailynayadiganta.com,2018-09-22 11:14:39,Lifestyle,reporter,Related,,1.0
2606,banglanews24.com,2018-09-22 19:53:52,Sports,নৌ পরিবহনমন্ত্রী,Related,,1.0
2607,mzamin.com,2018-09-23 21:29:34,National,আওয়ামী লীগ সাধারণ সম্পাদক,Related,,1.0
2608,bd-pratidin.com,2018-09-20 20:17:54,National,"কেন্দুয়া থানার ওসি,কেন্দুয়া থানার ওসি",Related,,1.0
2609,dailynayadiganta.com,2018-09-22 15:26:16,Politics,বিএনপি মহাসচিব,Related,,1.0
2610,samakal.com,2018-09-19 19:50:13,Entertainment,জিনিউজ,Related,,1.0
2611,bangla.thereport24.com,2018-09-21 17:17:15,International,ডন,Related,,1.0
2612,somoynews.tv,2018-09-22 10:49:09,National,reporter,Related,,1.0
2613,jagonews24.com,2018-09-20 14:48:26,Miscellaneous,জাহাজ কেয়ারী সিন্দাবাদ ও ক্রুজ অ্যান্ড ডাইনের টেকনাফ ইনচার্জ শাহ আলম,Related,,1.0
2614,bd-pratidin.com,2018-09-22 20:20:51,International,"ইরানের সংবাদ সংস্থা ইরনা,  ফারস নিউজ",Related,,1.0
2616,bd24live.com,2018-09-21 14:51:48,Miscellaneous,reporter,Related,,1.0
2617,dhakatimes24.com,2018-09-21 10:11:04,Sports,টা্মইগার অধিনায়ক,Related,,1.0
2618,banglanews24.com,2018-09-23 09:46:17,Sports,বিসিবি,Related,,1.0
2620,bd-pratidin.com,2018-09-20 11:17:43,National,প্রধানমন্ত্রীর কার্যালয়ের মুখ্য সচিব,Related,,1.0
2621,somoynews.tv,2018-09-19 18:18:26,National,বরগুনা বন ও বন্য প্রাণী সংরক্ষণ কমিটির সভাপতি,Related,,1.0
2622,mzamin.com,2018-09-20 10:03:48,National,National Assembly,Related,,1.0
2623,ittefaq.com.bd,2018-09-20 19:13:37,International,পুলিশ ও স্থানীয় সূত্র,Related,,1.0
2624,dailyjanakantha.com,2018-09-21 17:13:15,Sports,reporter,Related,,1.0
2625,dhakatimes24.com,2018-09-20 21:36:24,Lifestyle,দুর্নীতি দমন কমিশন,Related,,1.0
2626,mzamin.com,2018-09-22 23:53:03,Miscellaneous,Journalist,Related,,1.0
2628,samakal.com,2018-09-19 19:49:52,National,ঢাকা বিশ্ববিদ্যালয় উপাচার্য,Related,,1.0
2629,rtnn.net,2018-09-22 10:45:22,National,প্রধানমন্ত্রী,Related,,1.0
2630,mzamin.com,2018-09-23 21:29:32,Sports,জাতীয় ক্রিকেট দলের প্রধান নির্বাচক মিনহাজুল আবেদিন নান্নু,Related,,1.0
2631,somoynews.tv,2018-09-22 16:54:55,International,প্রেসিডেন্ট,Related,,1.0
2632,somoynews.tv,2018-09-19 18:18:06,Miscellaneous,Reporter,Related,,1.0
2633,dailyjanakantha.com,2018-09-19 17:49:10,National,reporter,Related,,1.0
2634,jagonews24.com,2018-09-19 18:24:19,National,সাতক্ষীরার সিনিয়র সহকারী জজ,Related,,1.0
2635,banglanews24.com,2018-09-22 16:17:57,Politics,জেলা আওয়ামী লীগ সভাপতি,Related,,1.0
2636,kalerkantho.com,2018-09-20 12:26:08,International,হাতিয়া থানার ওসি,Related,,1.0
2638,prothomalo.com,2018-09-19 23:13:25,National,আইনজীবী ইউনুছ আলী আকন্দ,Related,,1.0
2639,bangla.bdnews24.com,2018-09-21 22:37:48,National,জ্যেষ্ঠ আবহাওয়াবিদ,Related,,1.0
2640,bangla.bdnews24.com,2018-09-20 13:37:09,Sports,বাংলাদেশ কোচ,Related,,1.0
2641,bangla.bdnews24.com,2018-09-20 12:25:45,Sports,Reporter,Related,,1.0
2642,bangla.thereport24.com,2018-09-21 14:16:44,Politics,সাবেক প্রধান বিচারপতি,Related,,1.0
2643,independent24.com,2018-09-19 23:27:02,International,দাতব্য সংস্থা সেভ দা চিলড্রেন,Related,,1.0
2644,somoynews.tv,2018-09-20 22:15:41,National,আওয়ামী লীগের যুগ্ম সাধারণ সম্পাদক,Related,,1.0
2645,jugantor.com,2018-09-20 19:07:29,Editorial,ইআরডি সচিব,Related,,1.0
2646,banglatribune.com,2018-09-20 11:29:13,Miscellaneous,ঢাকা মেট্রোপলিটন পুলিশের (ডিএমপি) উত্তরা জোনের সহকারী কমিশনার (এসি),Related,,1.0
2647,dailyjanakantha.com,2018-09-20 14:48:54,Sports,টুইটার,Related,,1.0
2648,banglanews24.com,2018-09-22 16:59:16,National,হাইওয়ে পুলিশের উপ পরিদর্শক,Related,,1.0
2649,jagonews24.com,2018-09-19 20:12:14,National,জননিরাপত্তা বিঘ্নকারী অপরাধ দমন ট্রাইব্যুনালের বিচারক,Related,,1.0
2650,bangla.bdnews24.com,2018-09-19 19:37:33,Finance,ডিএসইর সাবেক সভাপতি ও বর্তমান পরিচালক রকিবুর রহমান,Related,,1.0
2651,somoynews.tv,2018-09-22 04:46:53,International,মোঙ্গেলা সরকারি টেলিভিশন,Related,,1.0
2652,prothomalo.com,2018-09-20 08:49:35,Sports,Reporter,Related,,1.0
2653,jagonews24.com,2018-09-22 14:48:28,Sports,Reporter,Related,,1.0
2654,kalerkantho.com,2018-09-21 15:26:00,Politics,বিএনপির মহাসচিব,Related,,1.0
2655,bd24live.com,2018-09-20 17:16:28,National,ময়নামতি হাইওয়ে থানা পুলিশের এস আই,Related,,1.0
2656,mzamin.com,2018-09-21 21:28:31,Miscellaneous,"অ্যা ব্রোকেন ড্রিম: রুল অব ল’, হিউম্যান রাইটস অ্যান্ড ডেমোক্রেসি",Related,,1.0
2657,ittefaq.com.bd,2018-09-21 09:02:47,Entertainment,reporter,Related,,1.0
2658,risingbd.com,2018-09-20 20:53:09,International,দক্ষিণ কোরিয়ার প্রেসিডেন্ট,Related,,1.0
2659,dailyjanakantha.com,2018-09-19 19:01:18,National,reporter,Related,,1.0
2660,bangla.bdnews24.com,2018-09-20 18:25:29,Lifestyle,পরিবার ও সম্পর্কবিষয়ক প্রতিবেদন,Related,,1.0
2661,bangla.bdnews24.com,2018-09-20 21:25:59,Sports,Reporter,Related,,1.0
2662,ittefaq.com.bd,2018-09-19 21:03:15,Sports,Reporter,Related,,1.0
2663,banglatribune.com,2018-09-22 15:38:46,Editorial,নির্বাহী সম্পাদক,Related,,1.0
2664,banglanews24.com,2018-09-20 19:16:13,National,হাসপাতালের পরিচালক,Related,,1.0
2665,bd24live.com,2018-09-20 13:04:03,National,সড়ক পরিবহন ও সেতুমন্ত্রী,Related,,1.0
2666,bangla.bdnews24.com,2018-09-20 00:25:32,National,"জাতীয় পার্টির সাংসদ , শিক্ষামন্ত্রী",Related,,1.0
2667,banglanews24.com,2018-09-21 19:16:45,National,ডুমুরিয়া থানার ভারপ্রাপ্ত কর্মকর্তা (ওসি),Related,,1.0
2668,banglatribune.com,2018-09-20 18:07:53,Education,নোয়াখালী বিজ্ঞান ও প্রযুক্তি বিশ্ববিদ্যালয়,Related,,1.0
2669,channelionline.com,2018-09-20 22:15:33,Editorial,history,Related,,1.0
2670,prothomalo.com,2018-09-19 18:25:29,Sports,journalist,Related,,1.0
2671,kalerkantho.com,2018-09-22 13:37:58,International,পুলিশ কর্মকর্তা,Related,,1.0
2672,prothomalo.com,2018-09-20 11:13:53,National,দুদক,Related,,1.0
2673,prothomalo.com,2018-09-21 08:13:21,Editorial,writer,Related,,1.0
2674,risingbd.com,2018-09-21 10:04:14,National,জনপ্রশাসন মন্ত্রণালয়,Related,,1.0
2675,banglatribune.com,2018-09-22 14:28:52,National,হাইওয়ে পুলিশের বার আউলিয়া ফাঁড়ির পরিদর্শক,Related,,1.0
2676,dailyjanakantha.com,2018-09-21 17:49:04,Miscellaneous,Reporter,Related,,1.0
2677,risingbd.com,2018-09-21 13:04:33,International,বিবিসি,Related,,1.0
2678,bangla.thereport24.com,2018-09-24 11:55:16,National,নাইক্ষ্যংছ‌ড়ি থানার ভারপ্রাপ্ত কর্মকর্তা (ওসি),Related,,1.0
2679,jagonews24.com,2018-09-19 20:12:22,National,reporter,Related,,1.0
2680,bangla.bdnews24.com,2018-09-21 14:49:21,International,চ্যাথাম হাউজ,Related,,1.0
2681,banglatribune.com,2018-09-21 21:10:06,Sports,reporter,Related,,1.0
2683,banglanews24.com,2018-09-21 09:41:32,Education,বাংলানিউজ ক্যারিয়ার বিভাগ,Related,,1.0
2684,kalerkantho.com,2018-09-21 04:01:35,International,সেন্টার ফর এনআরবি’র চেয়ারপারসন,Related,,1.0
2685,banglatribune.com,2018-09-22 07:47:35,National,গোয়েন্দা  ও সংশ্লিষ্ট সূত্র,Related,,1.0
2686,samakal.com,2018-09-20 21:39:22,Sports,Reporter,Related,,1.0
2687,risingbd.com,2018-09-22 14:52:23,National,স্বপ্ন’র সিনিয়র ম্যানেজার,Related,,1.0
2688,dailynayadiganta.com,2018-09-20 16:38:29,Politics,reporter,Related,,1.0
2689,samakal.com,2018-09-21 16:12:30,Lifestyle,Reporter,Related,,1.0
2690,banglanews24.com,2018-09-19 21:06:22,National,সিলেট মহানগর পুলিশের অতিরিক্ত উপ কমিশনার (মিডিয়া),Related,,1.0
2691,ittefaq.com.bd,2018-09-20 01:13:45,National,বিবিসি,Related,,1.0
2692,channelionline.com,2018-09-20 15:02:04,Crime,আদালত,Related,,1.0
2693,banglanews24.com,2018-09-19 20:33:27,Lifestyle,"হাসপাতালের স্টোর কিপার,শেবাচিম হাসপাতালের ওয়ার্ড মাস্টার",Related,,1.0
2694,somoynews.tv,2018-09-22 14:27:07,Sports,ব্রাজিল কোচ,Related,,1.0
2695,somoynews.tv,2018-09-22 01:12:44,Sports,reporter,Related,,1.0
2696,dhakatimes24.com,2018-09-20 16:46:16,Entertainment,জাজের কর্ণধার,Related,,1.0
2697,dailyjanakantha.com,2018-09-20 20:49:02,National,reporter,Related,,1.0
2698,prothomalo.com,2018-09-21 16:01:39,International,পশ্চিমবঙ্গের উচ্চ শিক্ষামন্ত্রী,Related,,1.0
2699,dhakatimes24.com,2018-09-20 21:00:40,Sports,Reporter,Related,,1.0
2700,banglanews24.com,2018-09-21 11:31:52,National,কিশোরগঞ্জ রেলওয়ে থানার ভারপ্রাপ্ত কর্মকর্তা (ওসি),Related,,1.0
2701,banglanews24.com,2018-09-22 19:52:46,Sports,reporter,Related,,1.0
2702,bd-pratidin.com,2018-09-21 09:29:41,Sports,reporter,Related,,1.0
2703,bd24live.com,2018-09-20 14:51:52,National,বিএনপির নীতিনির্ধারণী পর্যায়ের এক নেতা,Related,,1.0
2705,somoynews.tv,2018-09-19 18:17:54,International,মিয়ানমার বিষয়ক জাতিসংঘের স্বাধীন তদন্ত কমিটির চেয়ারম্যান,Related,,1.0
2706,risingbd.com,2018-09-20 20:16:26,Crime,ডিএমপির উপ-কমিশনার,Related,,1.0
2707,channelionline.com,2018-09-22 12:38:40,Politics,আওয়ামী লীগের সাধারণ সম্পাদক,Related,,1.0
2708,jagonews24.com,2018-09-21 10:00:28,Sports,reporter,Related,,1.0
2709,independent24.com,2018-09-21 19:50:32,National,ইইউ কাউন্সিল প্রধান,Related,,1.0
2710,risingbd.com,2018-09-22 12:28:21,National,নিজস্ব প্রতিবেদক,Related,,1.0
2711,kalerkantho.com,2018-09-21 21:26:06,Miscellaneous,ফিলিপে গিলেট,Related,,1.0
2712,somoynews.tv,2018-09-20 13:13:57,Technology,Reporter,Related,,1.0
2713,independent24.com,2018-09-23 00:15:17,National,বন্দর কর্তৃপক্ষ,Related,,1.0
2714,banglanews24.com,2018-09-19 21:42:49,Entertainment,জনপ্রিয় চিত্রনায়িকা পূর্ণিমা,Related,,1.0
2715,risingbd.com,2018-09-21 14:16:18,National,reporter,Related,,1.0
2716,bd24live.com,2018-09-20 19:04:24,National,সিলেটের পুলিশ সুপার,Related,,1.0
2717,bangla.bdnews24.com,2018-09-20 10:01:21,National,দোহার থানার ওসি,Related,,1.0
2718,banglanews24.com,2018-09-21 18:39:58,Sports,Reporter,Related,,1.0
2720,independent24.com,2018-09-22 16:15:05,Sports,reporter,Related,,1.0
2721,dailynayadiganta.com,2018-09-20 14:50:27,Sports,reporter,Related,,1.0
2722,jugantor.com,2018-09-21 23:20:25,Editorial,reporter,Related,,1.0
2723,banglanews24.com,2018-09-23 08:27:39,National,শেরপুর হাইওয়ে জোনের উপ-পরিদর্শক,Related,,1.0
2724,prothomalo.com,2018-09-20 17:24:00,National,দশমিনা থানার ভারপ্রাপ্ত কর্মকর্তা (ওসি),Related,,1.0
2726,jugantor.com,2018-09-20 09:30:33,Editorial,আদমদীঘি থানা পরিদর্শক (তদন্ত),Related,,1.0
2727,dhakatimes24.com,2018-09-20 08:22:20,National,চকবাজার থানার ভারপ্রাপ্ত কর্মকর্তা (ওসি),Related,,1.0
2728,independent24.com,2018-09-20 07:12:39,National,প্রধানমন্ত্রী,Related,,1.0
2729,prothomalo.com,2018-09-20 16:37:38,Technology,www.nextuber.com,Related,,1.0
2730,somoynews.tv,2018-09-21 20:25:45,Sports,reporter,Related,,1.0
2732,channelionline.com,2018-09-20 18:02:28,Sports,reporter,Related,,1.0
2733,jagonews24.com,2018-09-21 17:12:27,International,ন্যাশনাল এক্সচেঞ্জের প্রতিষ্ঠাতা চেয়ারম্যান,Related,,1.0
2734,kalerkantho.com,2018-09-21 13:37:52,International,তুরস্কের পররাষ্ট্রমন্ত্রী,Related,,1.0
2735,ittefaq.com.bd,2018-09-22 17:28:12,International,চীনের প্রতিরক্ষামন্ত্রীর মুখপাত্র,Related,,1.0
2736,jagonews24.com,2018-09-20 21:24:27,Editorial,Reporter,Related,,1.0
2738,bangla.bdnews24.com,2018-09-19 21:25:29,National,বাকলিয়া থানার ওসি,Related,,1.0
2739,dailynayadiganta.com,2018-09-20 11:50:44,Miscellaneous,এএফপি,Related,,1.0
2740,kalerkantho.com,2018-09-22 13:38:01,Entertainment,reporter,Related,,1.0
2741,prothomalo.com,2018-09-20 15:26:40,International,Not Found,Related,,1.0
2742,jugantor.com,2018-09-20 17:55:55,Editorial,Reporter,Related,,1.0
2743,jugantor.com,2018-09-20 22:44:38,Editorial,কারখানার এইচআর অ্যাডমিন,Related,,1.0
2744,banglanews24.com,2018-09-19 19:18:26,National,জুড়ি থানার ভারপ্রাপ্ত কর্মকর্তা (ওসি),Related,,1.0
2745,channelionline.com,2018-09-22 10:13:20,Sports,reporter,Related,,1.0
2746,ittefaq.com.bd,2018-09-20 10:50:35,Sports,reporter,Related,,1.0
2747,kalerkantho.com,2018-09-19 19:01:59,National,আশরাফুল আলম খোকন,Related,,1.0
2748,jagonews24.com,2018-09-20 17:48:27,Politics,খাদ্যমন্ত্রী,Related,,1.0
2749,banglatribune.com,2018-09-19 18:38:35,National,লালমনিরহাট পুলিশ সুপার,Related,,1.0
2750,bangla.thereport24.com,2018-09-21 11:52:37,International,যুক্তরাজ্যের প্রথম নারী দেহরক্ষী,Related,,1.0
2751,kalerkantho.com,2018-09-20 11:14:03,National,বাসস,Related,,1.0
2752,kalerkantho.com,2018-09-19 22:02:31,International,Journalist,Related,,1.0
2753,ittefaq.com.bd,2018-09-20 07:48:49,National,ব্রাহ্মণবাড়িয়া রেল স্টেশনের পুলিশ ক্যাম্পের ইনচার্জ,Related,,1.0
2754,kalerkantho.com,2018-09-20 20:50:27,National,স্বাস্থ্যমন্ত্রী,Related,,1.0
2755,dhakatimes24.com,2018-09-22 11:58:08,National,reporter,Related,,1.0
2756,bangla.bdnews24.com,2018-09-21 22:37:48,Miscellaneous,তুরঙ্গমীর আর্টিস্টিক ডিরেক্টর পূজা সেনগুপ্ত,Related,,1.0
2757,prothomalo.com,2018-09-19 22:37:38,International,বার্তা সংস্থা এএফপির,Related,,1.0
2758,risingbd.com,2018-09-20 16:40:12,Sports,মার্সেলের ফার্স্ট সিনিয়র অ্যাসিস্ট্যান্ট ডিরেক্টর,Related,,1.0
2759,samakal.com,2018-09-23 12:07:08,Politics,জাতীয় ঐক্য প্রক্রিয়া,Related,,1.0
2760,somoynews.tv,2018-09-21 15:02:41,Education,Reporter,Related,,1.0
2761,risingbd.com,2018-09-20 14:52:36,Sports,Reporter,Related,,1.0
2762,banglatribune.com,2018-09-21 18:38:19,National,ইনস্টাগ্রাম,Related,,1.0
2763,dhakatimes24.com,2018-09-20 09:36:49,International,ডন নিউজ,Related,,1.0
2764,ittefaq.com.bd,2018-09-20 13:51:17,National,নয়াপাড়া শরণার্থী পুলিশ ক্যাম্পের আইসি,Related,,1.0
2765,dhakatimes24.com,2018-09-19 20:24:14,Crime,আদালত,Related,,1.0
2766,bd24live.com,2018-09-21 20:15:45,National,আইনমন্ত্রী,Related,,1.0
2767,prothomalo.com,2018-09-21 20:13:30,National,আবহাওয়া অধিদপ্তরের পূর্বাভাস,Related,,1.0
2768,banglanews24.com,2018-09-23 09:46:05,National,শিশুর মামা,Related,,1.0
2770,risingbd.com,2018-09-22 08:15:00,National,প্রেসক্লাব,Related,,1.0
2771,ittefaq.com.bd,2018-09-21 12:38:33,National,গণমাধ্যম,Related,,1.0
2772,kalerkantho.com,2018-09-19 20:49:56,Sports,Journalist,Related,,1.0
2774,bd-pratidin.com,2018-09-20 23:53:41,Sports,বিসিবি'র সভাপতি,Related,,1.0
2775,channelionline.com,2018-09-21 13:49:20,Sports,ফিফা র‍্যাঙ্কিং,Related,,1.0
2777,bangla.bdnews24.com,2018-09-19 19:37:32,National,Reporter,Related,,1.0
2778,banglanews24.com,2018-09-21 14:37:26,National,ঢাকা রেলওয়ে থানার (কমলাপুর) সহকারী উপ পরিদর্শক,Related,,1.0
2779,bangla.thereport24.com,2018-09-23 10:41:31,International,কানাডার বিএনএন ব্লুমবার্গ টিভি চ্যানেলের তথ্য,Related,,1.0
2780,bangla.bdnews24.com,2018-09-20 09:25:17,National,"ফুলছড়ি উপজেলা প্রকল্প বাস্তবায়ন কর্মকর্তা,সুন্দরগঞ্জ উপজেলা প্রকল্প বাস্তবায়ন কর্মকর্তা,গাইবান্ধা জেলা প্রাথমিক শিক্ষা কর্মকর্তা",Related,,1.0
2781,channelionline.com,2018-09-20 14:28:11,International,Not Found,Related,,1.0
2782,banglanews24.com,2018-09-20 12:46:27,Sports,ভেন্যু ম্যানেজার,Related,,1.0
2783,risingbd.com,2018-09-19 19:40:53,National,প্রধানমন্ত্রী,Related,,1.0
2784,ittefaq.com.bd,2018-09-20 04:48:16,Crime,আদালত,Related,,1.0
2785,ittefaq.com.bd,2018-09-22 13:15:19,International,বিবিসি,Related,,1.0
2786,prothomalo.com,2018-09-22 10:01:27,Sports,reporter,Related,,1.0
2788,dailynayadiganta.com,2018-09-22 16:02:30,National,Reporter,Related,,1.0
2789,ittefaq.com.bd,2018-09-20 20:15:43,Politics,আওয়ামী লীগের যুগ্ম-সাধারণ সম্পাদক,Related,,1.0
2790,bd24live.com,2018-09-22 19:40:11,Sports,reporter,Related,,1.0
2791,dhakatimes24.com,2018-09-22 14:58:54,National,প্রত্যক্ষদর্শী,Related,,1.0
2792,ittefaq.com.bd,2018-09-19 18:20:22,Sports,reporter,Related,,1.0
2793,bangla.bdnews24.com,2018-09-22 17:13:46,National,Reporter,Related,,1.0
2794,ittefaq.com.bd,2018-09-22 15:38:05,Entertainment,অভিনেত্রী,Related,,1.0
2795,banglatribune.com,2018-09-20 00:40:08,Crime,অর্গানাইজড ক্রাইমের অতিরিক্ত বিশেষ পুলিশ সুপার,Related,,1.0
2796,dailyjanakantha.com,2018-09-19 19:36:51,National,উপজেলা সহকারি কমিশনার ভূমি ও নির্বাহী ম্যাজিষ্ট্রেট,Related,,1.0
2798,banglanews24.com,2018-09-23 09:06:48,Entertainment,reporter,Related,,1.0
2799,bd24live.com,2018-09-19 20:52:12,Sports,Reporter,Related,,1.0
2800,somoynews.tv,2018-09-21 20:25:47,Sports,reporter,Related,,1.0
2802,kalerkantho.com,2018-09-19 23:50:07,Miscellaneous,আহমদ শুভ,Related,,1.0
2803,jugantor.com,2018-09-19 22:09:11,Editorial,Reporter,Related,,1.0
2804,bd24live.com,2018-09-20 11:51:53,National,Reporter,Related,,1.0
2805,kalerkantho.com,2018-09-20 19:02:21,Editorial,সোহেল রানা ফেসবুক পোস্ট,Related,,1.0
2806,banglatribune.com,2018-09-22 19:50:14,Politics,বিকল্প ধারার সভাপতি,Related,,1.0
2807,risingbd.com,2018-09-19 23:16:45,Entertainment,মাননীয় প্রধানমন্ত্রী,Related,,1.0
2808,banglatribune.com,2018-09-21 20:28:10,International,হিন্দুস্তান টাইমস,Related,,1.0
2809,jagonews24.com,2018-09-22 14:12:33,Finance,চট্টগ্রাম স্টক এক্সচেঞ্জের সাবেক পরিচালক,Related,,1.0
2810,bangla.bdnews24.com,2018-09-20 02:49:18,International,মালয়েশিয়ার দুর্নীতি-বিরোধী কমিশন,Related,,1.0
2811,ittefaq.com.bd,2018-09-20 23:27:31,National,নির্বাচন কমিশনের যুগ্ম-সচিব,Related,,1.0
2812,bangla.bdnews24.com,2018-09-21 20:49:26,National,সদর থানার ওসি,Related,,1.0
2813,banglanews24.com,2018-09-23 11:32:06,Sports,reporter,Related,,1.0
2814,kalerkantho.com,2018-09-22 01:37:34,National,রাঙ্গাবালী থানার ওসি,Related,,1.0
2815,prothomalo.com,2018-09-19 19:37:48,National,প্রধানমন্ত্রী,Related,,1.0
2816,banglanews24.com,2018-09-22 19:53:29,Politics,হাতিরঝিল থানার ভারপ্রাপ্ত কর্মকর্তা,Related,,1.0
2817,banglatribune.com,2018-09-21 18:38:40,National,হর্ষবর্ধন শ্রিংলা,Related,,1.0
2818,dailynayadiganta.com,2018-09-22 16:39:12,National,reporter,Related,,1.0
2819,ittefaq.com.bd,2018-09-20 13:51:18,Entertainment,Reporter,Related,,1.0
2820,jagonews24.com,2018-09-19 23:12:20,National,reporter,Related,,1.0
2821,dailyjanakantha.com,2018-09-20 17:50:00,National,Reporter,Related,,1.0
2822,kalerkantho.com,2018-09-22 13:02:09,International,ফায়ার সার্ভিস ও পুলিশ,Related,,1.0
2823,dhakatimes24.com,2018-09-20 21:00:44,National,জেলা মৎস্য কর্মকর্তা,Related,,1.0
2824,jagonews24.com,2018-09-21 17:48:29,Sports,Reporter,Related,,1.0
2825,kalerkantho.com,2018-09-21 11:14:10,International,reporter,Related,,1.0
2826,dailynayadiganta.com,2018-09-22 16:02:31,National,তথ্য প্রতিমন্ত্রী,Related,,1.0
2827,banglanews24.com,2018-09-20 18:10:34,National,Reporter,Related,,1.0
2828,dhakatimes24.com,2018-09-20 13:47:56,Editorial,Reporter,Related,,1.0
2829,jagonews24.com,2018-09-22 16:00:34,Politics,Reporter,Related,,1.0
2830,dhakatimes24.com,2018-09-20 18:35:17,National,কালিয়াকৈর থানার ভারপ্রাপ্ত কর্মকর্তা,Related,,1.0
2831,bd24live.com,2018-09-19 23:51:46,National,সরকার দলীয় সংসদ সদস্য,Related,,1.0
2832,prothomalo.com,2018-09-19 23:13:36,National,সরকার,Related,,1.0
2834,banglanews24.com,2018-09-19 19:57:16,National,র‍্যাব-৫ নাটোর ক্যাম্প কমান্ডার (ভারপ্রাপ্ত) ও সহকারী পুলিশ সুপার (এএসপি),Related,,1.0
2835,dhakatimes24.com,2018-09-19 19:11:46,Technology,আইসিটি প্রতিমন্ত্রী জুনাইদ আহমেদ পলক,Related,,1.0
2836,banglanews24.com,2018-09-22 19:52:49,National,খাদ্যমন্ত্রী,Related,,1.0
2837,independent24.com,2018-09-20 18:37:56,Politics,আদালত,Related,,1.0
2838,jugantor.com,2018-09-20 20:56:13,Editorial,আওয়ামী লীগের সাধারণ সম্পাদক,Related,,1.0
2840,somoynews.tv,2018-09-19 18:18:12,Sports,মোহামেডান,Related,,1.0
2841,independent24.com,2018-09-22 18:40:36,International,তানজানিয়ায় রাষ্ট্রীয় সংবাদ মাধ্যম,Related,,1.0
2842,prothomalo.com,2018-09-20 14:14:12,Editorial,সাংবাদিক,Related,,1.0
2843,dhakatimes24.com,2018-09-22 17:59:19,National,পুলিশ,Related,,1.0
2844,ittefaq.com.bd,2018-09-22 10:14:00,International,খবর বিবিসি।,Related,,1.0
2845,somoynews.tv,2018-09-21 00:02:11,Miscellaneous,ওইসিডি,Related,,1.0
2846,prothomalo.com,2018-09-21 08:49:29,Lifestyle,"অধ্যাপক প্রণব কুমার চৌধুরী, বিভাগীয় প্রধান, শিশুরোগ বিভাগ, চট্টগ্রাম মেডিকেল কলেজ",Related,,1.0
2847,banglanews24.com,2018-09-22 18:44:55,National,উজিরপুর থানার ভারপ্রাপ্ত কর্মকর্তা (ওসি),Related,,1.0
2848,jagonews24.com,2018-09-20 13:00:25,International,মার্কিন পররাষ্ট্রমন্ত্রী,Related,,1.0
2849,bd-pratidin.com,2018-09-20 17:54:36,Sports,Reporter,Related,,1.0
2850,dailynayadiganta.com,2018-09-22 16:02:32,National,পুলিশ পরিদর্শক (তদন্ত),Related,,1.0
2851,mzamin.com,2018-09-21 02:15:29,Sports,journalist,Related,,1.0
2852,banglanews24.com,2018-09-20 17:34:28,National,লক্ষ্মীপুর সদর থানার ভারপ্রাপ্ত কর্মকর্তা (ওসি),Related,,1.0
2853,ittefaq.com.bd,2018-09-22 09:01:23,Sports,reporter,Related,,1.0
2854,bd-pratidin.com,2018-09-21 23:55:45,Sports,reporter,Related,,1.0
2855,banglanews24.com,2018-09-23 13:20:27,Politics,গণফোরামের তথ্য ও গবেষণা সম্পাদক,Related,,1.0
2856,independent24.com,2018-09-23 14:29:10,National,reporter,Related,,1.0
2857,jugantor.com,2018-09-20 14:55:04,Editorial,পররাষ্ট্রমন্ত্রী,Related,,1.0
2858,bd24live.com,2018-09-19 20:16:23,National,Reporter,Related,,1.0
2859,banglatribune.com,2018-09-20 16:51:04,Miscellaneous,"বিএসএমএমইউয়ের হার্ট ফেইলিয়র ডিভিশনের প্রধান অধ্যাপক,হেপাটোলজি (লিভার) বিভাগের চেয়ারম্যান",Related,,1.0
2860,banglanews24.com,2018-09-21 13:17:20,Politics,কৃষক শ্রমিক জনতা লীগের সভাপতি,Related,,1.0
2862,jugantor.com,2018-09-20 17:55:54,Editorial,কামতাল তদন্ত কেন্দ্রের ইনচার্জ ইন্সপেক্টর,Related,,1.0
2863,dailyjanakantha.com,2018-09-20 23:48:56,National,reporter,Related,,1.0
2864,mzamin.com,2018-09-22 20:18:27,Entertainment,টাইমস অব ইন্ডিয়া,Related,,1.0
2865,banglanews24.com,2018-09-21 16:55:12,Miscellaneous,Reporter,Related,,1.0
2866,prothomalo.com,2018-09-20 11:49:35,National,এএসপি,Related,,1.0
2867,bangla.bdnews24.com,2018-09-20 10:01:12,Sports,Reporter,Related,,1.0
2868,risingbd.com,2018-09-20 20:53:07,National,তথ্য প্রতিমন্ত্রী,Related,,1.0
2869,jagonews24.com,2018-09-20 17:12:22,Politics,বিএনপির স্থায়ী কমিটির সদস্য,Related,,1.0
2870,bangla.thereport24.com,2018-09-21 12:29:19,National,জয়দেপুর থানার এএসআই,Related,,1.0
2871,dailynayadiganta.com,2018-09-19 21:26:38,National,সংসদ,Related,,1.0
2873,banglatribune.com,2018-09-20 14:30:02,Politics,বিএনপির সিনিয়র যুগ্ম মহাসচিব,Related,,1.0
2874,jagonews24.com,2018-09-21 11:48:31,Education,reporter,Related,,1.0
2875,dhakatimes24.com,2018-09-21 19:48:17,National,আখাউড়া রেলওয়ে জংশনের (লোকোসেড) উর্ধ্বতন উপসহকারী প্রকৌশলী,Related,,1.0
2876,jagonews24.com,2018-09-21 10:36:28,International,রয়টার্স,Related,,1.0
2877,somoynews.tv,2018-09-21 15:02:53,Sports,Reporter,Related,,1.0
2878,dhakatimes24.com,2018-09-22 10:10:22,Sports,reporter,Related,,1.0
2879,kalerkantho.com,2018-09-20 23:50:01,National,reporter,Related,,1.0
2880,kalerkantho.com,2018-09-20 23:49:59,Sports,Journalist,Related,,1.0
2881,jugantor.com,2018-09-19 19:44:14,Editorial,Reporter,Related,,1.0
2882,samakal.com,2018-09-22 10:48:32,National,সোনাহাট স্থল বন্দরের সিএন্ডএফ এজেন্ট অ্যাসোসিয়েশনের সাধারণ সম্পাদক,Related,,1.0
2883,somoynews.tv,2018-09-22 16:54:59,International,ইরানের পররাষ্ট্রমন্ত্রী,Related,,1.0
2884,banglatribune.com,2018-09-20 13:14:59,International,সিবিএস নিউজ,Related,,1.0
2885,prothomalo.com,2018-09-21 12:25:55,Entertainment,reporter,Related,,1.0
2886,samakal.com,2018-09-20 17:25:18,National,"গণসংহতি আন্দোলনের সমন্বয়ক,প্রত্যক্ষদর্শী",Related,,1.0
2887,banglanews24.com,2018-09-20 12:46:28,Finance,Reporter,Related,,1.0
2888,independent24.com,2018-09-23 17:26:47,National,পানি উন্নয়ন বোর্ড,Related,,1.0
2889,kalerkantho.com,2018-09-21 17:13:57,International,প্রত্যক্ষদর্শী,Related,,1.0
2890,somoynews.tv,2018-09-21 14:26:39,Miscellaneous,Reporter,Related,,1.0
2891,dailynayadiganta.com,2018-09-20 23:14:50,International,ফিলিস্তিন ইনস্টিটিউশন ফর হিউম্যান রাইটস,Related,,1.0
2892,mzamin.com,2018-09-22 23:53:11,Miscellaneous,ইউএস আওয়ামী লীগের ডেপুটি প্রেস সেক্রেটারি,Related,,1.0
2893,risingbd.com,2018-09-20 15:29:51,Education,শিক্ষামন্ত্রী,Related,,1.0
2894,bd-pratidin.com,2018-09-22 16:47:03,International,Reporter,Related,,1.0
2895,banglanews24.com,2018-09-19 21:06:11,National,জনপ্রশাসন মন্ত্রণালয়,Related,,1.0
2896,dhakatimes24.com,2018-09-22 13:49:11,Politics,সাধারণ সম্পাদক,Related,,1.0
2898,somoynews.tv,2018-09-20 09:38:36,Lifestyle,"সমাজ সেবা কর্মকর্তা,সমাজসেবা অধিদফতরের মহাপরিচালক",Related,,1.0
2899,bangla.bdnews24.com,2018-09-20 20:49:50,National,চট্টগ্রামের পুলিশ কমিশনার,Related,,1.0
2900,independent24.com,2018-09-22 15:01:40,National,reporter,Related,,1.0
2901,kalerkantho.com,2018-09-20 22:38:11,Sports,Reporter,Related,,1.0
2902,dailynayadiganta.com,2018-09-20 22:03:16,National,Reporter,Related,,1.0
2903,jugantor.com,2018-09-20 22:07:58,Editorial,Reporter,Related,,1.0
2904,banglanews24.com,2018-09-23 07:14:57,Sports,reporter,Related,,1.0
2905,bangla.thereport24.com,2018-09-24 09:29:09,National,জামালপুর সদর থানার ভারপ্রাপ্ত কর্মকর্তা,Related,,1.0
2906,banglanews24.com,2018-09-22 14:00:52,Sports,reporter,Related,,1.0
2907,bd-pratidin.com,2018-09-21 08:17:20,Editorial,Reporter,Related,,1.0
2908,ittefaq.com.bd,2018-09-21 00:04:59,National,জারারগঞ্জ হাইওয়ে পুলিশ,Related,,1.0
2909,risingbd.com,2018-09-22 06:26:57,National,reporter,Related,,1.0
2910,banglatribune.com,2018-09-20 14:30:02,National,র‌্যাব-৭ কক্সবাজার ক্যাম্পের ইনচার্জ,Related,,1.0
2911,risingbd.com,2018-09-20 16:40:07,National,বাংলাদেশ সাধারণ ছাত্র পরিষদ (কেন্দ্রীয় কমিটি),Related,,1.0
2912,bd24live.com,2018-09-20 17:52:48,National,ডেপুটি রেজিস্ট্রার,Related,,1.0
2913,kalerkantho.com,2018-09-20 22:02:06,Sports,reporter,Related,,1.0
2914,dailynayadiganta.com,2018-09-21 19:39:39,National,নাঙ্গলকোট থানার পরিদর্শক তদন্ত,Related,,1.0
2915,bangla.bdnews24.com,2018-09-20 21:26:00,National,কাস্টমস কমিশনার,Related,,1.0
2916,bangla.bdnews24.com,2018-09-22 17:49:22,Miscellaneous,reporter,Related,,1.0
2917,banglanews24.com,2018-09-21 18:39:56,National,নগর গোয়েন্দা পুলিশের অতিরিক্ত উপ-কমিশনার,Related,,1.0
2918,jugantor.com,2018-09-20 02:18:48,Editorial,পরিবেশ বন ও জলবায়ু পরিবর্তনবিষয়কমন্ত্রী,Related,,1.0
2919,bd24live.com,2018-09-20 10:39:50,National,Reporter,Related,,1.0
2920,dhakatimes24.com,2018-09-21 19:48:15,Sports,Reporter,Related,,1.0
2922,banglanews24.com,2018-09-22 14:00:49,National,পানি উন্নয়ন বোর্ডের (পাউবো),Related,,1.0
2923,jagonews24.com,2018-09-21 17:48:26,Sports,reporter,Related,,1.0
2924,kalerkantho.com,2018-09-21 20:13:52,Entertainment,সূত্র: ডেকান ক্রনিকল,Related,,1.0
2925,prothomalo.com,2018-09-22 17:49:30,Sports,reporter,Related,,1.0
2926,dhakatimes24.com,2018-09-19 19:49:33,National,আবহাওয়া অফিস,Related,,1.0
2929,ittefaq.com.bd,2018-09-20 01:49:18,National,পরিকল্পনামন্ত্রী,Related,,1.0
2930,prothomalo.com,2018-09-20 11:49:32,International,বিবিসি অনলাইন,Related,,1.0
2931,dailynayadiganta.com,2018-09-20 18:26:43,National,যুক্তফ্রন্টের নেতা জেএসডি সাধারণ সম্পাদক,Related,,1.0
2932,dailyjanakantha.com,2018-09-20 11:13:17,National,খালেদা জিয়া,Related,,1.0
2933,dailynayadiganta.com,2018-09-20 13:02:30,International,টাইগার অধিনায়ক,Related,,1.0
2934,samakal.com,2018-09-23 12:06:53,Technology,হালট্রিপের প্রধান নির্বাহী কর্মকর্তা (সিইও),Related,,1.0
2935,banglatribune.com,2018-09-20 16:17:18,Education,শিক্ষামন্ত্রী,Related,,1.0
2936,bangla.bdnews24.com,2018-09-20 10:37:29,Sports,Reporter,Related,,1.0
2938,kalerkantho.com,2018-09-21 17:50:07,Finance,মেঘনা অয়েল কম্পানি ডিপো ইনচার্জ (ডিএস),Related,,1.0
2940,somoynews.tv,2018-09-20 09:38:37,National,বগুড়া কৃষি সম্প্রসারণ বিভাগের উপ-পরিচালক,Related,,1.0
2941,kalerkantho.com,2018-09-21 22:38:20,International,বাংলাদেশে নিযুক্ত ভারতীয় হাই কমিশনার,Related,,1.0
2942,jugantor.com,2018-09-22 16:07:38,Editorial,"মহালছড়ি সদর থানার ভারপ্রাপ্ত ওসি ,খাগড়াছড়ি স্থানীয় সরকার প্রকৌশল অধিদফতরের নির্বাহী প্রকৌশলী",Related,,1.0
2943,jugantor.com,2018-09-20 11:19:03,Editorial,বাংলাদেশের সাবেক প্রধান বিচারপতি,Related,,1.0
2944,bangla.bdnews24.com,2018-09-21 13:37:22,Sports,reporter,Related,,1.0
2946,channelionline.com,2018-09-22 18:40:12,National,সিইসি,Related,,1.0
2947,jagonews24.com,2018-09-19 13:48:00,National,তথ্য ও যোগাযোগ প্রযুক্তি প্রতিমন্ত্রী,Related,,1.0
2948,channelionline.com,2018-09-21 15:37:41,International,ভারতের পররাষ্ট্র মন্ত্রণালয়ের মুখপাত্র,Related,,1.0
2949,bangla.bdnews24.com,2018-09-22 13:01:30,National,সদর থানার ওসি,Related,,1.0
2950,bd24live.com,2018-09-19 19:04:05,National,বিটিআরসি  নিয়ন্ত্রক সংস্থা,Related,,1.0
2951,kalerkantho.com,2018-09-20 02:13:55,Finance,বেনাপোল সিঅ্যান্ডএফ এজেন্টস স্টাফ অ্যাসোসিয়েশনের সাধারণ সম্পাদক নাসির উদ্দিন জানান,Related,,1.0
2954,somoynews.tv,2018-09-19 18:17:50,National,দুর্যোগ ব্যবস্থাপনা ও ত্রাণমন্ত্রী,Related,,1.0
2955,banglanews24.com,2018-09-19 21:42:50,Politics,Reporter,Related,,1.0
2956,bd-pratidin.com,2018-09-22 17:18:32,Sports,reporter,Related,,1.0
2957,samakal.com,2018-09-21 19:49:40,National,নৌ-পরিবহনমন্ত্রী,Related,,1.0
2958,jagonews24.com,2018-09-22 17:12:33,National,reporter,Related,,1.0
2959,ittefaq.com.bd,2018-09-20 01:13:44,National,reporter,Related,,1.0
2960,dailynayadiganta.com,2018-09-20 17:14:55,Sports,reporter,Related,,1.0
2961,banglanews24.com,2018-09-20 20:46:24,National,রূপসা থানার ভারপ্রাপ্ত কর্মকর্তা (ওসি),Related,,1.0
2962,kalerkantho.com,2018-09-20 14:14:29,Entertainment,Reporter,Related,,1.0
2963,dailyjanakantha.com,2018-09-19 20:13:14,National,লালপুর থানার ওসি,Related,,1.0
2964,dhakatimes24.com,2018-09-21 12:35:51,Sports,reporter,Related,,1.0
2965,bd24live.com,2018-09-19 18:27:54,National,Reporter,Related,,1.0
2966,banglatribune.com,2018-09-20 01:49:40,National,পানি উন্নয়ন বোর্ডের নির্বাহী প্রকৌশলী,Related,,1.0
2968,ittefaq.com.bd,2018-09-20 12:04:48,International,বাসস ও গালফ নিউজ,Related,,1.0
2969,ittefaq.com.bd,2018-09-19 21:03:10,National,সিরাজগঞ্জ থানার ভারপ্রাপ্ত কর্মকর্তা (ওসি তদন্ত),Related,,1.0
2970,independent24.com,2018-09-24 23:27:40,National,পররাষ্ট্র মন্ত্রণালয়,Related,,1.0
2971,jugantor.com,2018-09-20 23:55:16,Editorial,আওয়ামী লীগ ওমান কেন্দ্রীয় কমিটি সাবেক সাধারণ সম্পাদক,Related,,1.0
2972,banglanews24.com,2018-09-22 17:46:17,National,হাইওয়ে থানার ভারপ্রাপ্ত কর্মকর্তা,Related,,1.0
2973,bd-pratidin.com,2018-09-22 01:04:19,National,কেন্দুয়া থানার ওসি,Related,,1.0
2974,banglatribune.com,2018-09-21 13:14:56,Sports,reporter,Related,,1.0
2975,somoynews.tv,2018-09-22 12:38:48,Finance,reporter,Related,,1.0
2976,mzamin.com,2018-09-23 22:05:31,National,journalist,Related,,1.0
2977,mzamin.com,2018-09-22 20:18:23,Miscellaneous,Journalist,Related,,1.0
2979,somoynews.tv,2018-09-22 13:14:44,Entertainment,ভারতীয় সংবাদমাধ্যম,Related,,1.0
2981,kalerkantho.com,2018-09-19 19:02:10,National,Reporter,Related,,1.0
2982,ittefaq.com.bd,2018-09-19 18:37:56,National,সুপ্রিম কোর্টের হাইকোর্ট বিভাগের বিচারপতি,Related,,1.0
2983,ittefaq.com.bd,2018-09-20 21:03:57,International,Reporter,Related,,1.0
2984,prothomalo.com,2018-09-22 16:01:47,International,Reporter,Related,,1.0
2985,bangla.bdnews24.com,2018-09-21 09:25:35,National,জেলা প্রাথমিক শিক্ষা অফিসার,Related,,1.0
2986,bangla.bdnews24.com,2018-09-20 11:13:36,Finance,"অ্যাসোসিয়েশন অব মোবাইল টেলিকম অপারেটরস অব বাংলাদেশের (অ্যামটব) মহাসচিব,বিটিআরসির ভারপ্রাপ্ত চেয়ারম্যান",Related,,1.0
2987,dhakatimes24.com,2018-09-19 23:59:54,International,Not Found,Related,,1.0
2988,jagonews24.com,2018-09-22 17:12:31,Finance,reporter,Related,,1.0
2989,samakal.com,2018-09-22 18:38:31,Politics,আওয়ামী লীগের সাধারণ সম্পাদক এবং সড়ক পরিবহন ও সেতুমন্ত্রী,Related,,1.0
2990,banglatribune.com,2018-09-20 15:07:46,International,এএফপি,Related,,1.0
2991,bd24live.com,2018-09-20 14:16:12,National,আবহাওয়া অধিদফতর,Related,,1.0
2993,banglanews24.com,2018-09-22 17:46:18,Education,reporter,Related,,1.0
2995,jagonews24.com,2018-09-19 11:37:00,Entertainment,reporter,Related,,1.0
2997,bd24live.com,2018-09-20 12:28:04,National,মিয়াবাজার হাইওয়ে ফাঁড়ির ইনচার্জ,Related,,1.0
2998,kalerkantho.com,2018-09-21 10:02:05,National,পররাষ্ট্রমন্ত্রী,Related,,1.0
2999,channelionline.com,2018-09-21 21:01:31,Editorial,মতামত,Related,,1.0
3000,somoynews.tv,2018-09-22 10:13:36,Politics,ব্রাহ্মণবাড়িয়া নবীনগর উপজেলা বিএনপি সিনিয়র সহ-সভাপতি,Related,,1.0
3001,bd24live.com,2018-09-19 19:04:03,National,Reporter,Related,,1.0
3002,prothomalo.com,2018-09-20 11:49:30,Lifestyle,চক্ষু বিশেষজ্ঞ,Related,,1.0
3004,banglanews24.com,2018-09-22 20:33:59,National,র‌্যাব-৮ এর মাদারীপুর ক্যাম্পের ভারপ্রাপ্ত কোম্পানির অধিনায়ক,Related,,1.0
3005,banglanews24.com,2018-09-22 09:41:47,Politics,সড়ক পরিবহন ও সেতুমন্ত্রী,Related,,1.0
3006,samakal.com,2018-09-21 21:38:04,National,কিশোরগঞ্জ রেলওয়ে থানার ওসি,Related,,1.0
3007,banglatribune.com,2018-09-22 03:36:01,Miscellaneous,সিএনএন,Related,,1.0
3008,bd24live.com,2018-09-21 20:51:41,National,বাংলাদেশ নদী বাঁচাও আন্দোলন কমিটির কেন্দ্রেীয় সদস্য,Related,,1.0
3009,samakal.com,2018-09-20 16:47:51,International,বিবিসি,Related,,1.0
3010,dailyjanakantha.com,2018-09-22 11:48:56,National,মহিপুর ফিশিং বোট ও আড়ত মালিক সমিতির সভাপতি,Related,,1.0
3011,kalerkantho.com,2018-09-20 15:27:04,Entertainment,Reporter,Related,,1.0
3012,banglanews24.com,2018-09-22 21:45:18,Sports,ক্রিকেটার শাহরিয়ার নাফিস,Related,,1.0
3013,banglatribune.com,2018-09-20 15:07:47,Sports,বাংলাদেশের অধিনায়ক,Related,,1.0
3014,dailyjanakantha.com,2018-09-20 11:49:09,Miscellaneous,জাহাঙ্গীরনগর বিশ্ববিদ্যালয়ের প্রাণীবিদা বিভাগের অধ্যাপক ও গবেষক,Related,,1.0
3015,banglanews24.com,2018-09-23 10:22:28,National,থানার উপ-পরিদর্শক,Related,,1.0
3016,kalerkantho.com,2018-09-20 10:38:03,International,রয়টার্স,Related,,1.0
3017,ittefaq.com.bd,2018-09-19 18:38:02,National,এলজিআরডি ও সমবায় প্রতিমন্ত্রী,Related,,1.0
3018,risingbd.com,2018-09-19 19:40:51,Sports,Reporter,Related,,1.0
3019,channelionline.com,2018-09-20 20:14:42,Editorial,Not Found,Related,,1.0
3021,ittefaq.com.bd,2018-09-21 12:04:40,International,আল জাজিরা,Related,,1.0
3022,bangla.bdnews24.com,2018-09-20 13:37:24,Finance,ভিশন ইলেকট্রনিক্সের মহাব্যবস্থাপক (বিপণন),Related,,1.0
3023,ittefaq.com.bd,2018-09-22 13:15:26,Technology,ফেসবুক,Related,,1.0
3024,bangla.bdnews24.com,2018-09-22 18:25:33,National,বেলাবো থানার ওসি,Related,,1.0
3025,jugantor.com,2018-09-21 22:43:47,Editorial,আখাউড়া রেলওয়ে থানার ভারপ্রাপ্ত কর্মকর্তা (ওসি),Related,,1.0
3026,bd-pratidin.com,2018-09-21 09:29:39,Miscellaneous,ধর্মগুরু স্বামী নিত্যানন্দ,Related,,1.0
3027,dhakatimes24.com,2018-09-22 14:59:00,Technology,reporter,Related,,1.0
3028,banglanews24.com,2018-09-20 19:16:18,National,হাতিয়া থানার ভারপ্রাপ্ত কর্মকর্তা (ওসি),Related,,1.0
3029,banglatribune.com,2018-09-22 12:02:27,Miscellaneous,ডিএনসিসির প্রধান তথ্য কর্মকর্তা,Related,,1.0
3030,rtnn.net,2018-09-23 08:57:30,Politics,reporter,Related,,1.0
3031,banglatribune.com,2018-09-21 15:07:11,Lifestyle,Reporter,Related,,1.0
3032,banglatribune.com,2018-09-19 21:04:16,Lifestyle,স্বাস্থ্যমন্ত্রী,Related,,1.0
3033,banglatribune.com,2018-09-20 16:51:06,Sports,বাংলাদেশের মিডফিল্ডার,Related,,1.0
3035,somoynews.tv,2018-09-21 12:02:18,National,প্রধানমন্ত্রী,Related,,1.0
3036,jugantor.com,2018-09-22 14:19:25,Editorial,reporter,Related,,1.0
3037,rtnn.net,2018-09-23 09:33:45,National,বিএনপির স্থায়ী কমিটির সদস্য,Related,,1.0
3038,somoynews.tv,2018-09-19 19:14:26,Miscellaneous,Reporter,Related,,1.0
3039,jagonews24.com,2018-09-20 14:12:35,Entertainment,আয়োজক প্রতিষ্ঠান অন্তর শোবিজের কর্ণধার,Related,,1.0
3040,samakal.com,2018-09-23 16:51:15,National,ঈশ্বরদী থানার ভারপ্রাপ্ত কর্মকর্তা (ওসি),Related,,1.0
3042,risingbd.com,2018-09-19 22:41:29,National,Reporter,Related,,1.0
3043,bangla.thereport24.com,2018-09-23 10:41:38,Lifestyle,Reporter,Related,,1.0
3044,banglanews24.com,2018-09-19 20:33:25,Editorial,"ডা. মো. শফিকুল বারী তুহিন,মমেকের প্রিন্সিপাল",Related,,1.0
3045,prothomalo.com,2018-09-20 12:25:58,Entertainment,তরুণ অভিনেতা,Related,,1.0
3046,banglanews24.com,2018-09-22 20:34:02,International,জেলার পুলিশ সুপার,Related,,1.0
3047,prothomalo.com,2018-09-19 17:51:04,National,journalist,Related,,1.0
3048,bangla.bdnews24.com,2018-09-21 13:01:50,Sports,Reporter,Related,,1.0
3049,dhakatimes24.com,2018-09-20 07:45:52,National,reporter,Related,,1.0
3051,kalerkantho.com,2018-09-20 19:02:28,National,reporter,Related,,1.0
3052,kalerkantho.com,2018-09-20 23:50:07,National,প্রধানমন্ত্রীর কার্যালয় থেকে জারিকৃত এক পরিপত্র,Related,,1.0
3053,rtnn.net,2018-09-24 14:27:54,International,ডয়েচে ভেলে,Related,,1.0
3054,dhakatimes24.com,2018-09-19 21:01:36,International,বার্তা সংস্থা এএফপি,Related,,1.0
3055,banglanews24.com,2018-09-22 14:00:53,Politics,নৌপরিবহন মন্ত্রী,Related,,1.0
3056,banglatribune.com,2018-09-22 17:37:37,Lifestyle,reporter,Related,,1.0
3057,kalerkantho.com,2018-09-21 23:51:09,National,লটির মহাসচিব,Related,,1.0
3058,bangla.thereport24.com,2018-09-21 12:29:21,National,আবহাওয়া অধিদফতর,Related,,1.0
3059,banglatribune.com,2018-09-22 09:03:30,International,ইরানি সংবাদ মাধ্যম পার্স টুড,Related,,1.0
3061,channelionline.com,2018-09-20 18:02:29,Entertainment,Not Found,Related,,1.0
3063,somoynews.tv,2018-09-20 13:50:49,National,মার্কিন পররাষ্ট্র মন্ত্রণালয়,Related,,1.0
3064,banglanews24.com,2018-09-22 16:59:12,National,উপজেলা নির্বাহী কর্মকর্তা,Related,,1.0
3065,banglanews24.com,2018-09-22 15:13:52,National,আওয়ামী লীগের সাধারণ সম্পাদক এবং সড়ক পরিবহন ও সেতুমন্ত্রী,Related,,1.0
3066,kalerkantho.com,2018-09-20 15:26:59,National,আদালত,Related,,1.0
3067,channelionline.com,2018-09-20 09:38:28,Sports,"স্টেডিয়ামের ভেন্যু ম্যানেজার,বিসিবির গেম ডেভেলপমেন্ট বিভাগের ন্যাশনাল ম্যানেজার",Related,,1.0
3068,somoynews.tv,2018-09-21 18:37:14,International,reporter,Related,,1.0
3069,bangla.bdnews24.com,2018-09-22 17:49:23,International,reporter,Related,,1.0
3070,channelionline.com,2018-09-22 18:40:13,Sports,গণমাধ্যম,Related,,1.0
3071,ittefaq.com.bd,2018-09-21 12:04:40,International,রয়টার্স,Related,,1.0
3072,dailynayadiganta.com,2018-09-19 23:50:26,National,সহকারী শিক্ষা অফিসার,Related,,1.0
3073,banglatribune.com,2018-09-20 01:14:07,National,Reporter,Related,,1.0
3074,mzamin.com,2018-09-22 16:04:27,Miscellaneous,Journalist,Related,,1.0
3075,somoynews.tv,2018-09-22 15:37:38,National,বাংলাদেশ বার কাউন্সিলের ভাইস চেয়ারম্যান,Related,,1.0
3076,jagonews24.com,2018-09-19 19:00:23,Education,প্রাথমিক ও গণশিক্ষা মন্ত্রণালয়,Related,,1.0
3077,channelionline.com,2018-09-20 12:39:07,Education,reporter,Related,,1.0
3078,bangla.bdnews24.com,2018-09-20 20:00:28,Finance,শ্রম প্রতিমন্ত্রী,Related,,1.0
3081,bangla.bdnews24.com,2018-09-20 14:13:52,Finance,Reporter,Related,,1.0
3082,bangla.thereport24.com,2018-09-22 19:41:48,Education,শিক্ষামন্ত্রী,Related,,1.0
3083,banglatribune.com,2018-09-22 11:27:47,Crime,শাহআলী থানার ভারপ্রাপ্ত কর্মকর্তা (ওসি),Related,,1.0
3084,banglanews24.com,2018-09-21 00:07:55,International,যুক্তরাষ্ট্রর  পররাষ্ট্রমন্ত্রী,Related,,1.0
3085,banglanews24.com,2018-09-20 22:19:21,Education,Reporter,Related,,1.0
3086,dailynayadiganta.com,2018-09-19 21:26:40,Politics,স্বরাষ্ট্রমন্ত্রী,Related,,1.0
3087,jugantor.com,2018-09-20 14:55:06,Editorial,চরফ্যাশন মৎস্য সমিতির সভাপতি ও ঢালচর ইউপি চেয়ারম্যান,Related,,1.0
3088,banglatribune.com,2018-09-19 21:40:04,National,"ঠাকুরগাঁও চিনিকল ব্যবস্থাপনা পরিচালক,ঠাকুরগাঁও সরকারি কলেজের অর্থনীতি বিভাগের অধ্যাপক",Related,,1.0
3089,dailynayadiganta.com,2018-09-22 14:14:32,National,পরিবার ও এলাকাবাসী সূত্র,Related,,1.0
3090,banglanews24.com,2018-09-19 23:29:47,Politics,Reporter,Related,,1.0
3091,jagonews24.com,2018-09-22 16:00:29,Miscellaneous,রাজনীতিবিদ,Related,,1.0
3092,kalerkantho.com,2018-09-20 22:02:08,International,Reporter,Related,,1.0
3094,bangla.bdnews24.com,2018-09-20 13:01:26,Sports,Reporter,Related,,1.0
3095,bd-pratidin.com,2018-09-19 22:07:27,National,Reporter,Related,,1.0
3096,mzamin.com,2018-09-23 21:29:37,International,গার্ডিয়ান,Related,,1.0
3097,dailynayadiganta.com,2018-09-21 01:02:26,Politics,Reporter,Related,,1.0
3098,kalerkantho.com,2018-09-21 00:26:30,Politics,Reporter,Related,,1.0
3099,mzamin.com,2018-09-24 17:52:28,Miscellaneous,সুনামগঞ্জ জেলা পরিষদের (সংরক্ষিত) সদস্য ও সিলেট মহানগর মহিলা আওয়ামী লীগের সহ-সাধারণ সম্পাদক,Related,,1.0
3100,somoynews.tv,2018-09-20 22:52:22,National,তথ্য প্রতিমন্ত্রী,Related,,1.0
3101,ittefaq.com.bd,2018-09-19 18:20:02,National,তথ্য ও যোগাযোগ প্রযুক্তি প্রতিমন্ত্রী,Related,,1.0
3102,dailyjanakantha.com,2018-09-20 16:01:18,International,আনন্দবাজার,Related,,1.0
3103,banglatribune.com,2018-09-19 18:21:07,National,সমাজকল্যাণমন্ত্রী,Related,,1.0
3104,banglatribune.com,2018-09-20 23:37:04,International,ক্যাথলিক বিশপ কনফারেন্স অব ইন্ডিয়ার’ প্রধান,Related,,1.0
3105,prothomalo.com,2018-09-20 11:13:52,Editorial,Reporter,Related,,1.0
3106,bd24live.com,2018-09-21 20:51:41,National,২নংইলিশা ইউনিয়ন পরিষদ চেয়ারম্যান,Related,,1.0
3107,samakal.com,2018-09-21 16:12:33,Sports,reporter,Related,,1.0
3108,banglanews24.com,2018-09-20 18:10:37,Sports,Reporter,Related,,1.0
3109,jugantor.com,2018-09-20 13:07:19,Editorial,Reporter,Related,,1.0
3110,ittefaq.com.bd,2018-09-19 20:27:19,Politics,বিএনপির সিনিয়র যুগ্ম মহাসচিব,Related,,1.0
3111,banglatribune.com,2018-09-20 06:37:10,Technology,হালট্রিপের প্রধান নির্বাহী কর্মকর্তা (সিইও),Related,,1.0
3113,risingbd.com,2018-09-21 08:15:45,Editorial,Reporter,Related,,1.0
3114,rtnn.net,2018-09-21 20:22:19,International,আন্তর্জাতিক অপরাধ আদালত,Related,,1.0
3116,channelionline.com,2018-09-20 13:13:44,Sports,Not Found,Related,,1.0
3117,ittefaq.com.bd,2018-09-21 11:27:17,National,রেলওয়ে স্টেশনের সুপারিনটেনডেন্ট,Related,,1.0
3118,samakal.com,2018-09-20 21:38:35,National,শ্রমিক জনতা লীগের সভাপ,Related,,1.0
3119,somoynews.tv,2018-09-22 13:54:29,Entertainment,Reporter,Related,,1.0
3120,dailyjanakantha.com,2018-09-21 13:36:58,International,ইন্টারফ্যাক্স,Related,,1.0
3121,bangla.thereport24.com,2018-09-22 17:53:23,National,ঢামেক হাসপাতালের পুলিশ ক্যাম্পের ইনচার্জ (এসআই),Related,,1.0
3122,somoynews.tv,2018-09-19 18:17:44,National,চুয়াডাঙ্গা সদর থানার পরিদর্শক,Related,,1.0
3123,dailynayadiganta.com,2018-09-22 16:02:25,National,বাংলাদেশ জাতীয় যক্ষ্মা নিরোধ সমিতি,Related,,1.0
3124,banglanews24.com,2018-09-23 11:31:58,Lifestyle,reporter,Related,,1.0
3125,bd24live.com,2018-09-20 23:16:20,National,Reporter,Related,,1.0
3126,somoynews.tv,2018-09-20 18:02:39,National,Reporter,Related,,1.0
3127,prothomalo.com,2018-09-21 21:25:54,International,reporter,Related,,1.0
3128,jagonews24.com,2018-09-21 07:36:28,Miscellaneous,জাতীয় সংসদ,Related,,1.0
3129,banglanews24.com,2018-09-19 19:57:18,National,ডিএমপি সদর দফতর,Related,,1.0
3131,jugantor.com,2018-09-19 19:44:24,Editorial,হাজীগঞ্জ থানার ওসি,Related,,1.0
3132,banglanews24.com,2018-09-21 12:07:21,National,দুদকের উপ পরিচালক (জনসংযোগ),Related,,1.0
3133,dhakatimes24.com,2018-09-22 11:24:05,Politics,এলডিপির সিনিয়র যুগ্ম মহাসচিব,Related,,1.0
3134,bangla.bdnews24.com,2018-09-20 17:13:44,International,Reporter,Related,,1.0
3135,prothomalo.com,2018-09-22 10:37:31,National,দক্ষিণ জেলা আওয়ামী লীগের সাধারণ সম্পাদক,Related,,1.0
3136,kalerkantho.com,2018-09-22 17:14:17,International,reporter,Related,,1.0
3137,kalerkantho.com,2018-09-20 23:49:57,National,বিএনপি,Related,,1.0
3139,kalerkantho.com,2018-09-20 15:27:05,Entertainment,দক্ষিণী অভিনেত্রী,Related,,1.0
3140,risingbd.com,2018-09-19 19:04:41,Education,Reporter,Related,,1.0
3142,banglatribune.com,2018-09-20 16:51:07,Miscellaneous,ডিএসসিসির সহকারী সচিব-২,Related,,1.0
3143,somoynews.tv,2018-09-19 18:16:09,International,ভেনেজুয়েলার প্রেসিডেন্ট,Related,,1.0
3144,dailynayadiganta.com,2018-09-21 11:50:23,Miscellaneous,reporter,Related,,1.0
3145,bd24live.com,2018-09-21 22:40:37,National,ছাত্রলীগের সাধারণ সম্পাদক গোলাম রাব্বানী,Related,,1.0
3146,ittefaq.com.bd,2018-09-20 10:15:53,National,প্রধানমন্ত্রী,Related,,1.0
3147,dhakatimes24.com,2018-09-20 16:12:51,National,সাতক্ষীরা সদর থানার ভারপ্রাপ্ত কর্মকর্তা (ওসি),Related,,1.0
3148,dhakatimes24.com,2018-09-22 18:36:23,Politics,গণফোরামের সভাপতি,Related,,1.0
3149,kalerkantho.com,2018-09-19 18:25:52,Sports,Journalist,Related,,1.0
3150,kalerkantho.com,2018-09-20 23:50:05,National,"দুর্নীতি দমন কমিশন সমন্বিত জেলা কার্যালয়,বগুড়ার উপপরিচালক",Related,,1.0
3151,kalerkantho.com,2018-09-21 13:37:48,International,reporter,Related,,1.0
3152,dhakatimes24.com,2018-09-20 21:36:18,National,তুল্লা মডেল থানা পুলিশ,Related,,1.0
3153,banglanews24.com,2018-09-19 21:42:48,National,"নারায়ণগঞ্জ ৩০০ শয্যা বিশিষ্ট হাসপাতালের জরুরি বিভাগের ডাক্তার,সিদ্ধিরগঞ্জ থানার পরিদর্শক (তদন্ত)",Related,,1.0
3154,jugantor.com,2018-09-22 17:55:25,Editorial,Reporter,Related,,1.0
3155,samakal.com,2018-09-23 10:53:17,National,প্রধানমন্ত্রী,Related,,1.0
3156,independent24.com,2018-09-22 18:40:21,International,reporter,Related,,1.0
3157,ittefaq.com.bd,2018-09-21 16:14:14,International,Reporter,Related,,1.0
3158,ittefaq.com.bd,2018-09-21 00:04:58,National,আখাউড়া উত্তর ইউনিয়ন পরিষদের সদস্য,Related,,1.0
3159,kalerkantho.com,2018-09-22 09:25:47,International,আওয়ামী লীগের প্রেসিডিয়াম সদস্য,Related,,1.0
3160,risingbd.com,2018-09-20 14:52:37,Sports,Not Found,Related,,1.0
3161,jugantor.com,2018-09-19 18:30:46,Editorial,বাংলাদেশ সাধারণ ছাত্র অধিকার সংরক্ষণ পরিষদের যুগ্ম আহ্বায়ক,Related,,1.0
3162,prothomalo.com,2018-09-22 12:25:45,Sports,reporter,Related,,1.0
3163,mzamin.com,2018-09-21 14:52:07,National,journalist,Related,,1.0
3164,banglatribune.com,2018-09-20 09:01:55,National,Reporter,Related,,1.0
3165,bd-pratidin.com,2018-09-21 00:30:38,Sports,Reporter,Related,,1.0
3166,dhakatimes24.com,2018-09-21 19:48:18,National,উপজেলা নির্বাহী কর্মকর্তা,Related,,1.0
3167,bd24live.com,2018-09-22 17:16:16,National,পুলিশ,Related,,1.0
3168,dailynayadiganta.com,2018-09-20 13:03:23,National,reporter,Related,,1.0
3169,ittefaq.com.bd,2018-09-22 10:49:31,International,পর্যবেক্ষণকারী সংস্থা রিপোর্টার্স উইদাউট বর্ডার্স,Related,,1.0
3170,independent24.com,2018-09-21 10:50:05,Sports,reporter,Related,,1.0
3171,prothomalo.com,2018-09-21 13:37:30,Editorial,writer,Related,,1.0
3172,banglatribune.com,2018-09-20 12:41:21,National,পুলিশ সদর দফতরের জনসংযোগ শাখার এআইজি,Related,,1.0
3173,dailynayadiganta.com,2018-09-22 17:15:00,National,পুলিশ ও স্থানীয় সূত্রে,Related,,1.0
3174,banglanews24.com,2018-09-19 21:42:47,Miscellaneous,Reporter,Related,,1.0
3175,dailyjanakantha.com,2018-09-20 23:48:56,National,জয়দেপুর থানার এএসআই,Related,,1.0
3176,banglanews24.com,2018-09-21 06:03:54,Entertainment,Reporter,Related,,1.0
3177,banglatribune.com,2018-09-22 15:42:01,Politics,সমাজকল্যাণমন্ত্রী,Related,,1.0
3178,samakal.com,2018-09-20 21:38:39,Entertainment,Reporter,Related,,1.0
3179,risingbd.com,2018-09-21 14:52:12,Entertainment,Reporter,Related,,1.0
3180,mzamin.com,2018-09-22 23:53:14,Miscellaneous,reporter,Related,,1.0
3182,banglanews24.com,2018-09-22 12:10:14,National,আদিতমারী থানা ভারপ্রাপ্ত কর্মকর্তা (ওসি),Related,,1.0
3183,prothomalo.com,2018-09-21 23:50:53,Sports,reporter,Related,,1.0
3185,ittefaq.com.bd,2018-09-19 19:51:10,National,নাচোল থানার ভারপ্রাপ্ত কর্মকর্তা (ওসি),Related,,1.0
3186,samakal.com,2018-09-23 22:18:29,National,প্রধান বিচারপতি,Related,,1.0
3188,ittefaq.com.bd,2018-09-20 02:25:00,Sports,reporter,Related,,1.0
3189,somoynews.tv,2018-09-22 13:14:51,International,বিএমজেতে প্রকাশিত এক গবেষণা প্রতিবেদন,Related,,1.0
3190,jagonews24.com,2018-09-21 01:00:28,Sports,Reporter,Related,,1.0
3192,dhakatimes24.com,2018-09-20 08:58:28,National,reporter,Related,,1.0
3193,kalerkantho.com,2018-09-20 17:50:58,National,বন্যা পূর্বাভাস ও সতর্কীকরণ কেন্দ্র,Related,,1.0
3194,dailynayadiganta.com,2018-09-20 16:03:20,National,reporter,Related,,1.0
3196,bangla.bdnews24.com,2018-09-22 10:37:21,Sports,আকরাম,Related,,1.0
3197,channelionline.com,2018-09-19 23:26:46,Technology,"ব্রিটিশ কাউন্সিল, বাংলাদেশ ওপেন সোর্স নেটওয়ার্ক(বিডিওএসএন)",Related,,1.0
3198,kalerkantho.com,2018-09-20 18:26:07,International,উপজেলা নির্বাহী কর্মকর্তা (ইউএনও) ও এক্সিকিউটিভ ম্যাজিষ্ট্রেট,Related,,1.0
3199,banglatribune.com,2018-09-22 01:50:48,Miscellaneous,অস্ট্রিয়ার সালজবার্গ,Related,,1.0
3200,samakal.com,2018-09-21 20:25:00,Entertainment,Reporter,Related,,1.0
3201,mzamin.com,2018-09-25 20:41:02,Politics,১৪ দলীয় জোটের মুখপাত্র,Related,,1.0
3202,bangla.bdnews24.com,2018-09-21 23:50:40,Sports,reporter,Related,,1.0
3203,bd-pratidin.com,2018-09-20 20:17:53,National,পররাষ্ট্রমন্ত্রী,Related,,1.0
3204,banglatribune.com,2018-09-21 15:09:39,Sports,reporter,Related,,1.0
3205,independent24.com,2018-09-24 20:32:47,Crime,আদালত,Related,,1.0
3206,somoynews.tv,2018-09-20 16:49:52,International,রয়টার্স,Related,,1.0
3207,channelionline.com,2018-09-22 10:13:19,Crime,জেলা পুলিশ সুপার,Related,,1.0
3208,banglanews24.com,2018-09-20 01:52:06,Education,Reporter,Related,,1.0
3209,bd-pratidin.com,2018-09-22 01:04:16,International,বিবিসি,Related,,1.0
3210,jagonews24.com,2018-09-21 10:36:29,Sports,reporter,Related,,1.0
3212,samakal.com,2018-09-21 15:01:32,National,ঢাকা মহানগর পুলিশের (ডিএমপি) কমিশনার,Related,,1.0
3213,jugantor.com,2018-09-22 04:41:37,National,তথ্যমন্ত্রী,Related,,1.0
3214,jugantor.com,2018-09-20 18:31:28,Editorial,সলঙ্গা থানার ওসি,Related,,1.0
3215,risingbd.com,2018-09-21 21:28:37,Editorial,বিশিষ্ট শিক্ষাবিদ প্রফেসর সিরাজুল ইসলাম,Related,,1.0
3216,bd-pratidin.com,2018-09-20 21:30:27,National,মহিপুর মৎস্য আড়ৎদার সমবায় সমিতির সাবেক সভাপতি,Related,,1.0
3217,banglanews24.com,2018-09-20 17:34:26,Editorial,Reporter,Related,,1.0
3218,bd24live.com,2018-09-22 20:18:11,National,reporter,Related,,1.0
3219,somoynews.tv,2018-09-20 14:28:19,Sports,Reporter,Related,,1.0
3220,independent24.com,2018-09-20 18:04:46,National,পরিবহন বিশেষজ্ঞ,Related,,1.0
3221,banglatribune.com,2018-09-19 21:04:03,Politics,জাতীয় পার্টির চেয়ারম্যান,Related,,1.0
3222,risingbd.com,2018-09-19 17:56:46,National,প্রধানমন্ত্রী,Related,,1.0
3223,bd24live.com,2018-09-21 09:27:50,Miscellaneous,Reporter,Related,,1.0
3224,kalerkantho.com,2018-09-20 13:38:01,Sports,reporter,Related,,1.0
3225,bangla.bdnews24.com,2018-09-19 23:49:29,Sports,Not found,Related,,1.0
3226,samakal.com,2018-09-20 10:49:38,National,কমিশনের কর্মকর্তা,Related,,1.0
3228,ittefaq.com.bd,2018-09-22 19:51:25,National,বেলাব থানার ভারপ্রাপ্ত কর্মকর্তা,Related,,1.0
3229,jagonews24.com,2018-09-21 07:36:27,Sports,Reporter,Related,,1.0
3231,dailyjanakantha.com,2018-09-20 20:48:55,National,reporter,Related,,1.0
3232,jugantor.com,2018-09-22 10:42:28,Editorial,reporter,Related,,1.0
3233,kalerkantho.com,2018-09-21 18:26:19,Miscellaneous,লোরি বুকার,Related,,1.0
3234,bd24live.com,2018-09-20 14:16:13,National,খালেদা জিয়ার  আইনজীবী,Related,,1.0
3235,banglatribune.com,2018-09-20 11:29:56,National,কোতোয়ালি মডেল থানার ওসি,Related,,1.0
3237,samakal.com,2018-09-22 19:49:57,National,বেলাব থানার ওসি,Related,,1.0
3238,kalerkantho.com,2018-09-19 22:38:16,Lifestyle,Journalist,Related,,1.0
3239,risingbd.com,2018-09-22 18:28:17,Politics,reporter,Related,,1.0
3240,bangla.thereport24.com,2018-09-19 19:41:25,National,Reporter,Related,,1.0
3241,banglanews24.com,2018-09-22 14:00:35,National,র্ডার গার্ড বাংলাদেশের (বিজিবি),Related,,1.0
3242,prothomalo.com,2018-09-20 10:37:31,Entertainment,বলিউড তারকা,Related,,1.0
3243,risingbd.com,2018-09-20 13:04:27,Sports,Reporter,Related,,1.0
3244,dhakatimes24.com,2018-09-22 19:47:43,International,এনডিটিভি,Related,,1.0
3245,banglanews24.com,2018-09-20 03:04:16,National,সড়ক পরিবহন ও সেতুমন্ত্রী,Related,,1.0
3246,kalerkantho.com,2018-09-22 11:49:40,International,সূত্র: বিবিসি,Related,,1.0
3247,banglatribune.com,2018-09-19 18:38:33,National,প্রধানমন্ত্রী,Related,,1.0
3248,dailyjanakantha.com,2018-09-20 20:00:04,National,ঢাকা মহানগর গোয়েন্দা পশ্চিম বিভাগের সিনিয়র সহকারী পুলিশ কমিশনার,Related,,1.0
3249,bd-pratidin.com,2018-09-20 09:29:20,Entertainment,মারাঠি অভিনেত্রী নেহা পেন্ডসে,Related,,1.0
3250,ittefaq.com.bd,2018-09-19 22:17:35,National,খালিশপুর থানার ভারপ্রাপ্ত কর্মকর্তা (ওসি),Related,,1.0
3251,jagonews24.com,2018-09-20 13:00:31,International,এনডিটিভি,Related,,1.0
3252,bd24live.com,2018-09-20 11:51:57,Editorial,Reporter,Related,,1.0
3253,dhakatimes24.com,2018-09-19 22:13:56,Sports,reporter,Related,,1.0
3255,somoynews.tv,2018-09-20 15:02:16,Lifestyle,Reporter,Related,,1.0
3256,bd24live.com,2018-09-20 20:52:32,National,পিডিবির প্রধান প্রকৌশলী,Related,,1.0
3257,bd24live.com,2018-09-20 14:16:15,National,উপজেলা নির্বাহী কর্মকর্তা (ইউএনও),Related,,1.0
3258,somoynews.tv,2018-09-20 16:50:00,National,চট্টগ্রাম কাস্টমস হাউজের কমিশনার,Related,,1.0
3259,bangla.bdnews24.com,2018-09-20 15:26:00,National,"ফরিদপুর কৃষি সম্প্রসারণ অধিদপ্তরের উপ-পরিচালক , বিলমামুদপুর গ্রামের কৃষক",Related,,1.0
3261,bangla.bdnews24.com,2018-09-20 15:26:00,International,মার্কিন পররাষ্ট্রমন্ত্রী,Related,,1.0
3262,jugantor.com,2018-09-20 22:07:50,Editorial,Reporter,Related,,1.0
3263,dailynayadiganta.com,2018-09-20 14:50:28,Politics,আওয়ামী লীগের সাধারণ সম্পাদক,Related,,1.0
3267,dailyjanakantha.com,2018-09-21 17:13:15,National,সীতাকুন্ড এলাকার ইনচার্জ,Related,,1.0
3268,kalerkantho.com,2018-09-21 16:01:59,International,Reporter,Related,,1.0
3269,bangla.bdnews24.com,2018-09-19 18:25:27,National,"জেলার মহিপুর থানার পরিদর্শক (তদন্ত) মো. মাহবুবুর রহমান,জেলার পুলিশ সুপার মইনুল হোসেন",Related,,1.0
3270,prothomalo.com,2018-09-19 23:49:41,International,সংবাদমাধ্যম বিবিসি,Related,,1.0
3271,kalerkantho.com,2018-09-21 17:49:55,Sports,বাংলাদেশ অধিনায়ক,Related,,1.0
3272,rtnn.net,2018-09-24 09:34:05,International,আন্তর্জাতিক ডেস্ক আরটিএনএন মস্কো:,Related,,1.0
3273,bd-pratidin.com,2018-09-21 11:53:46,Sports,টুইটার,Related,,1.0
3275,jugantor.com,2018-09-21 18:31:31,Editorial,আদালত,Related,,1.0
3276,kalerkantho.com,2018-09-21 14:50:18,National,প্রধানমন্ত্রী,Related,,1.0
3277,banglanews24.com,2018-09-20 06:39:21,Education,Reporter,Related,,1.0
3278,bd-pratidin.com,2018-09-22 01:04:20,Miscellaneous,Reporter,Related,,1.0
3279,independent24.com,2018-09-22 18:40:23,National,reporter,Related,,1.0
3280,banglanews24.com,2018-09-21 20:37:49,National,বিআরটিএ’র চেয়ারম্যান,Related,,1.0
3281,jagonews24.com,2018-09-19 12:02:00,Sports,reporter,Related,,1.0
3282,dailyjanakantha.com,2018-09-20 12:25:18,Sports,reporter,Related,,1.0
3283,independent24.com,2018-09-21 15:03:01,National,আবহাওয়া অধিদপ্তর,Related,,1.0
3284,bangla.bdnews24.com,2018-09-20 13:01:26,National,ডবলমুরিং থানার পরিদর্শক (তদন্ত),Related,,1.0
3285,ittefaq.com.bd,2018-09-21 20:26:12,International,হিন্দুস্থান টাইমস,Related,,1.0
3286,dailyjanakantha.com,2018-09-21 19:01:13,Sports,সামাজিক যোগাযোগমাধ্যম,Related,,1.0
3287,risingbd.com,2018-09-22 18:28:15,Technology,reporter,Related,,1.0
3288,jagonews24.com,2018-09-21 14:12:37,International,reporter,Related,,1.0
3289,somoynews.tv,2018-09-22 16:54:44,International,পুলিশ,Related,,1.0
3290,banglanews24.com,2018-09-23 02:13:39,National,reporter,Related,,1.0
3291,somoynews.tv,2018-09-20 16:15:16,National,জাতীয়পার্টির চেয়ারম্যান,Related,,1.0
3292,banglatribune.com,2018-09-20 20:33:09,National,রাজৈর থানার ওসি (তদন্ত) ইমতিয়াজ আহমেদ,Related,,1.0
3293,jugantor.com,2018-09-20 10:43:11,Editorial,"উপাচার্য,উপ-উপাচার্য",Related,,1.0
3294,jagonews24.com,2018-09-20 13:36:27,Politics,বিএনপির সিনিয়র যুগ্ম মহাসচিব,Related,,1.0
3295,banglatribune.com,2018-09-20 03:38:34,Miscellaneous,Reporter,Related,,1.0
3296,bangla.thereport24.com,2018-09-20 13:41:39,International,Not found,Related,,1.0
3297,banglanews24.com,2018-09-21 10:56:47,Education,ঢাকা মেট্রোপলিটন পুলিশ (ডিএমপি)।,Related,,1.0
3298,dhakatimes24.com,2018-09-19 20:25:09,International,"বিবিসি, সিএনএন",Related,,1.0
3299,ittefaq.com.bd,2018-09-20 16:15:48,International,বাসস,Related,,1.0
3300,independent24.com,2018-09-23 15:41:32,Politics,আওয়ামী লীগের সাধারণ সম্পাদক,Related,,1.0
3301,banglatribune.com,2018-09-19 20:31:08,National,স্বরাষ্ট্রমন্ত্রী,Related,,1.0
3302,ittefaq.com.bd,2018-09-19 21:39:41,Sports,reporter,Related,,1.0
3303,banglatribune.com,2018-09-22 13:17:49,National,থানার ভারপ্রাপ্ত কর্মকর্তা,Related,,1.0
3304,banglanews24.com,2018-09-22 11:29:55,Sports,Reporter,Related,,1.0
3305,jugantor.com,2018-09-20 22:07:55,Editorial,Reporter,Related,,1.0
3306,independent24.com,2018-09-24 22:52:38,Politics,বিএনপির সিনিয়র যুগ্ম মহাসচিব,Related,,1.0
3307,channelionline.com,2018-09-20 18:02:27,International,Not Found,Related,,1.0
3308,somoynews.tv,2018-09-22 02:59:19,Sports,reporter,Related,,1.0
3309,somoynews.tv,2018-09-19 18:18:34,Finance,উপজেলা নির্বাহী কর্মকর্তা ও কৃষি কর্মকর্তা,Related,,1.0
3310,somoynews.tv,2018-09-21 18:00:59,Entertainment,সোশ্যাল মিডিয়ায়,Related,,1.0
3311,kalerkantho.com,2018-09-19 20:14:14,International,থানার ওসি রেজাউল ইসলাম,Related,,1.0
3312,kalerkantho.com,2018-09-21 20:49:56,International,অতিরিক্ত পুলিশ সুপার (সদর সার্কেল),Related,,1.0
3313,bangla.thereport24.com,2018-09-20 17:17:46,National,Reporter,Related,,1.0
3314,banglanews24.com,2018-09-22 14:35:01,National,স্থানীয় source,Related,,1.0
3315,dhakatimes24.com,2018-09-19 22:14:16,Entertainment,সড়ক পরিবহন ও সেতুমন্ত্রী,Related,,1.0
3316,dhakatimes24.com,2018-09-19 21:01:36,International,বিবিসি,Related,,1.0
3317,bd24live.com,2018-09-21 19:04:09,National,বড়াইগ্রাম উপজেলা নির্বাহী কর্মকর্তা,Related,,1.0
3318,dhakatimes24.com,2018-09-20 18:35:16,National,Reporter,Related,,1.0
3319,dhakatimes24.com,2018-09-22 13:11:55,Politics,reporter,Related,,1.0
3320,bangla.bdnews24.com,2018-09-21 22:37:48,National,মেয়র,Related,,1.0
3321,banglanews24.com,2018-09-22 19:53:15,Sports,ফেনী  reporter,Related,,1.0
3322,dailyjanakantha.com,2018-09-22 15:25:08,National,পুলিশের কাউন্টার টেররিজম অ্যান্ড ট্রান্সন্যাশনাল ক্রাইম (সিটিটিসি) ইউনিটের প্রধান,Related,,1.0
3323,prothomalo.com,2018-09-20 13:37:38,Sports,পিএসজি অধিনায়ক,Related,,1.0
3324,banglatribune.com,2018-09-20 13:15:00,International,মালয়েশিয়ার দুর্নীতি-বিরোধী কমিশন (এমএসিসি),Related,,1.0
3325,bd-pratidin.com,2018-09-21 01:41:06,National,কৃষক শ্রমিক জনতা লীগের সভাপতি,Related,,1.0
3326,banglatribune.com,2018-09-21 11:27:51,National,দশমিনা থানার ভারপ্রাপ্ত কর্মকর্তা (ওসি),Related,,1.0
3327,dailynayadiganta.com,2018-09-22 13:38:28,Politics,আওয়ামী লীগের প্রেসিডিয়াম সদস্য এবং স্বাস্থ্যমন্ত্রী,Related,,1.0
3328,samakal.com,2018-09-20 15:01:37,Entertainment,দুই বাংলার জনপ্রিয় নায়িকা,Related,,1.0
3329,prothomalo.com,2018-09-19 19:01:56,Sports,journalist,Related,,1.0
3330,risingbd.com,2018-09-19 23:16:46,Sports,Reporter,Related,,1.0
3331,dhakatimes24.com,2018-09-22 20:26:17,National,পুলিশ,Related,,1.0
3332,dailynayadiganta.com,2018-09-21 19:02:35,International,ভারতের পররাষ্ট্র মন্ত্রণালয়ের মুখপাত্র,Related,,1.0
3333,channelionline.com,2018-09-20 22:15:34,Sports,reporter,Related,,1.0
3334,samakal.com,2018-09-21 01:13:38,National,Reporter,Related,,1.0
3335,ittefaq.com.bd,2018-09-22 13:15:21,National,প্রধানমন্ত্রীর প্রেস উইং,Related,,1.0
3336,prothomalo.com,2018-09-20 23:14:04,National,জনপ্রশাসন মন্ত্রণালয়,Related,,1.0
3337,independent24.com,2018-09-23 18:07:01,National,তথ্যপ্রযুক্তিমন্ত্রী,Related,,1.0
3338,banglanews24.com,2018-09-22 14:00:51,International,আবহাওয়াবিদ,Related,,1.0
3339,jagonews24.com,2018-09-19 13:37:00,National,প্রধানমন্ত্রী,Related,,1.0
3340,banglatribune.com,2018-09-21 17:29:43,National,আখাউড়ার রেলওয়ে থানার ভারপ্রাপ্ত কর্মকর্তা,Related,,1.0
3341,dailyjanakantha.com,2018-09-20 16:01:07,National,নিরাপত্তারক্ষী,Related,,1.0
3342,ittefaq.com.bd,2018-09-19 19:15:14,National,তদন্তকারী কর্মকর্তা এ.এস.আই,Related,,1.0
3343,jagonews24.com,2018-09-20 15:24:24,International,রাশিয়া ২৪,Related,,1.0
3344,prothomalo.com,2018-09-19 19:37:36,National,Journalist,Related,,1.0
3345,banglatribune.com,2018-09-20 20:35:47,Crime,ঢাকা রেলওয়ে (কমলাপুর) থানার সহকারী উপ-পরিদর্শক,Related,,1.0
3346,jagonews24.com,2018-09-20 11:48:33,National,পাথরঘাটা থানার ভারপ্রাপ্ত কর্মকর্তা (ওসি),Related,,1.0
3347,dhakatimes24.com,2018-09-22 08:58:20,International,বিবিসি,Related,,1.0
3348,somoynews.tv,2018-09-21 18:37:26,Sports,reporter,Related,,1.0
3349,bd-pratidin.com,2018-09-21 11:53:46,Sports,reporter,Related,,1.0
3350,bd24live.com,2018-09-21 10:39:36,National,Reporter,Related,,1.0
3351,banglatribune.com,2018-09-22 12:06:45,National,হরিনটানা থানার ভারপ্রাপ্ত কর্মকর্তা (ওসি),Related,,1.0
3352,jugantor.com,2018-09-20 18:31:25,Editorial,Reporter,Related,,1.0
3353,banglanews24.com,2018-09-22 19:53:43,Sports,কোটালীপাড়া থানার ভারপ্রাপ্ত কর্মকর্তা (ওসি),Related,,1.0
3355,bd-pratidin.com,2018-09-20 23:53:43,National,reporter,Related,,1.0
3356,dailyjanakantha.com,2018-09-21 17:49:02,International,পুলিশ প্রধান,Related,,1.0
3357,dhakatimes24.com,2018-09-20 14:59:43,National,ময়নামতি হাইওয়ে থানার ওসি,Related,,1.0
3358,bangla.bdnews24.com,2018-09-20 16:01:51,National,পররাষ্ট্রমন্ত্রী,Related,,1.0
3359,somoynews.tv,2018-09-19 18:17:02,International,আদালত,Related,,1.0
3360,jugantor.com,2018-09-22 13:07:56,Editorial,বাগেরহাট মডেল থানার ওসি,Related,,1.0
3361,bd24live.com,2018-09-20 20:15:59,National,স্টর্মির আইনজীবী,Related,,1.0
3362,somoynews.tv,2018-09-21 01:50:04,Sports,Reporter,Related,,1.0
3363,bangla.bdnews24.com,2018-09-22 15:25:30,Lifestyle,reporter,Related,,1.0
3364,jugantor.com,2018-09-22 11:54:08,Editorial,খবর আলজাজিরার,Related,,1.0
3365,banglanews24.com,2018-09-22 18:44:53,National,নওগাঁ জেলা মোটর শ্রমিকের নেতা,Related,,1.0
3366,independent24.com,2018-09-23 00:15:17,National,reporter,Related,,1.0
3367,dhakatimes24.com,2018-09-20 10:12:27,National,সংসদ,Related,,1.0
3368,banglanews24.com,2018-09-21 13:17:21,Miscellaneous,Reporter,Related,,1.0
3369,jagonews24.com,2018-09-19 22:00:21,Finance,প্রাণ-আরএফএল গ্রুপের চেয়ারম্যান ও সিইও,Related,,1.0
3370,prothomalo.com,2018-09-20 19:02:07,National,মাদকদ্রব্য নিয়ন্ত্রণ অধিদপ্তরের বিভাগীয় প্রধান (ঢাকা),Related,,1.0
3371,dhakatimes24.com,2018-09-22 16:11:27,National,বার কাউন্সিলের ভাইস চেয়ারম্যান,Related,,1.0
3372,banglanews24.com,2018-09-21 15:26:38,National,Reporter,Related,,1.0
3373,bd24live.com,2018-09-19 19:04:03,National,জেল কর্তৃপক্ষ,Related,,1.0
3374,banglatribune.com,2018-09-22 13:58:08,National,হাইওয়ে থানার ভারপ্রাপ্ত কর্মকর্তা,Related,,1.0
3375,banglanews24.com,2018-09-19 18:40:49,National,র‌্যাব-১১ এর সিনিয়র সহকারী পরিচালক,Related,,1.0
3377,dhakatimes24.com,2018-09-21 19:11:17,Sports,reporter,Related,,1.0
3378,risingbd.com,2018-09-22 13:04:37,National,সিইসি,Related,,1.0
3379,channelionline.com,2018-09-22 17:27:23,Entertainment,reporter,Related,,1.0
3380,bd-pratidin.com,2018-09-20 23:53:42,Sports,Reporter,Related,,1.0
3381,banglatribune.com,2018-09-21 04:12:44,Sports,Reporter,Related,,1.0
3382,bangla.bdnews24.com,2018-09-22 16:01:36,International,কুইন্সের ডিস্ট্রিক্ট অ্যাটর্নি,Related,,1.0
3383,dailynayadiganta.com,2018-09-20 01:02:22,Miscellaneous,reporter,Related,,1.0
3384,dailynayadiganta.com,2018-09-19 23:50:23,National,সাভার মডেল থানা ও ভার্কুতা ফাঁড়ি ইনচার্জ (এসআই),Related,,1.0
3385,kalerkantho.com,2018-09-21 22:01:44,Lifestyle,সূত্র: এএনআই নিউজ,Related,,1.0
3387,kalerkantho.com,2018-09-20 23:49:56,International,বেনাপোল কাস্টম হাউজের রাজস্ব কর্মকর্তা,Related,,1.0
3388,kalerkantho.com,2018-09-20 20:50:26,International,অল্টারনেটিভ ডেভলপমেন্ট ইনিসিয়েটিভ-এডিআই,Related,,1.0
3389,dailynayadiganta.com,2018-09-21 01:02:36,National,অর্থ মন্ত্রণালয়,Related,,1.0
3390,jagonews24.com,2018-09-20 17:12:25,Lifestyle,Reporter,Related,,1.0
3391,dailyjanakantha.com,2018-09-22 16:37:12,National,নিজস্ব সংবাদদাতা,Related,,1.0
3392,bangla.thereport24.com,2018-09-21 17:53:23,Politics,বিএনপির সিনিয়র যুগ্ম মহাসচিব,Related,,1.0
3393,bd-pratidin.com,2018-09-21 09:29:40,National,সংসদ,Related,,1.0
3394,rtnn.net,2018-09-21 16:45:47,International,রাশিয়ার প্রেসিডেন্ট,Related,,1.0
3395,ittefaq.com.bd,2018-09-19 19:15:08,National,reporter,Related,,1.0
3396,banglanews24.com,2018-09-21 19:53:25,National,জাতীয় পার্টির (জাপা),Related,,1.0
3397,kalerkantho.com,2018-09-20 02:13:37,Sports,Journalist,Related,,1.0
3398,prothomalo.com,2018-09-20 04:01:28,National,Reporter,Related,,1.0
3399,dhakatimes24.com,2018-09-20 19:11:42,National,বাংলাদেশ ট্রেড ইউনিয়ন ফেডারেশনের সভাপতি,Related,,1.0
3400,kalerkantho.com,2018-09-22 13:37:57,National,ঢাকা দক্ষিণ সিটি করপোরেশনের (ডিএসসিসি),Related,,1.0
3401,ittefaq.com.bd,2018-09-19 21:39:34,International,Not Found,Related,,1.0
3402,banglanews24.com,2018-09-20 15:45:33,National,প্রবাসী কল্যাণ ও বৈদেশিক কর্মসংস্থান  মন্ত্রণালয়ের মন্ত্রী,Related,,1.0
3403,dailynayadiganta.com,2018-09-22 13:02:46,National,reporter,Related,,1.0
3404,banglanews24.com,2018-09-20 13:24:26,National,ফ্রান্স জাতীয় সংসদের পররাষ্ট্র বিষয়ক স্থায়ী কমিটির সদস্য,Related,,1.0
3405,dhakatimes24.com,2018-09-19 21:00:25,National,ব্রাহ্মণপাড়া থানার ওসি,Related,,1.0
3407,mzamin.com,2018-09-24 21:29:18,National,জাতীয় ঐক্যপ্রক্রিয়া,Related,,1.0
3408,bd-pratidin.com,2018-09-21 00:30:49,Sports,Reporter,Related,,1.0
3409,prothomalo.com,2018-09-21 11:13:52,National,আবহাওয়া অধিদপ্তর,Related,,1.0
3410,somoynews.tv,2018-09-19 18:16:36,National,বিএনপির স্থায়ী কমিটির সদস্য,Related,,1.0
3411,banglanews24.com,2018-09-20 21:06:45,National,"মামলার বাদী ,রূপগঞ্জ থানার ভারপ্রাপ্ত কর্মকর্তা (ওসি)",Related,,1.0
3412,samakal.com,2018-09-19 18:36:38,National,গণপ্রজাতন্ত্রী বাংলাদেশ সরকারের সাবেক সচিব,Related,,1.0
3413,banglanews24.com,2018-09-21 16:36:39,Sports,Reporter,Related,,1.0
3414,jugantor.com,2018-09-20 20:56:12,Editorial,Reporter,Related,,1.0
3415,jagonews24.com,2018-09-19 14:25:00,National,রাজশাহী নারী নির্যাতন প্রতিরোধ ট্রাব্যুনাল-১ এর বিচারক,Related,,1.0
3416,banglanews24.com,2018-09-20 10:56:19,Education,"বিশ্ববিদ্যালয়ের  উপ-উপাচার্য,সমিতির সভাপতি,সাধারণ সম্পাদক",Related,,1.0
3417,banglanews24.com,2018-09-20 00:42:23,Sports,Reporter,Related,,1.0
3418,samakal.com,2018-09-23 02:08:20,Politics,সমাজকল্যাণমন্ত্রী,Related,,1.0
3419,banglatribune.com,2018-09-22 15:04:39,International,রয়টার্স,Related,,1.0
3420,bd-pratidin.com,2018-09-20 00:30:49,National,Reporter,Related,,1.0
3422,prothomalo.com,2018-09-20 12:25:53,National,আদালত,Related,,1.0
3423,kalerkantho.com,2018-09-20 02:13:36,International,নীলফামারীর জেলা প্রশাসক নাজিয়া শিরি,Related,,1.0
3424,banglanews24.com,2018-09-20 15:15:23,National,মৎস্য ও প্রাণিসম্পদ মন্ত্রণালয়ের সচিব,Related,,1.0
3425,jagonews24.com,2018-09-19 13:51:00,Sports,reporter,Related,,1.0
3426,dhakatimes24.com,2018-09-20 16:46:15,Politics,জাতীয় পার্টির চেয়ারম্যান,Related,,1.0
3427,banglatribune.com,2018-09-21 18:38:19,International,মালয়েশিয়ার প্রধানমন্ত্রী মাহাথির মোহাম্মদ,Related,,1.0
3428,jagonews24.com,2018-09-21 12:24:33,Finance,reporter,Related,,1.0
3429,banglatribune.com,2018-09-22 15:43:51,Miscellaneous,আনাদোলু পোস্ট,Related,,1.0
3430,banglanews24.com,2018-09-21 20:37:41,Politics,reporter,Related,,1.0
3431,dhakatimes24.com,2018-09-20 20:25:03,Entertainment,ইনডিপেনডেন্ট টেলিভিশনের নির্বাহী সম্পাদক,Related,,1.0
3432,kalerkantho.com,2018-09-20 14:50:10,Sports,reprter,Related,,1.0
3433,risingbd.com,2018-09-21 11:52:12,Sports,reporter,Related,,1.0
3434,somoynews.tv,2018-09-19 18:17:57,Politics,Reporter,Related,,1.0
3435,bd-pratidin.com,2018-09-20 05:52:35,National,একুশে টিভির সিইও,Related,,1.0
3436,risingbd.com,2018-09-20 18:28:35,National,লালমোহন থানার ওসি,Related,,1.0
3437,bd-pratidin.com,2018-09-20 00:30:48,National,আশুলিয়ার থানার ভারপ্রাপ্ত কর্মকর্তা (ওসি),Related,,1.0
3438,jagonews24.com,2018-09-19 13:24:00,Politics,বিএনপি মহাসচিব,Related,,1.0
3439,dhakatimes24.com,2018-09-20 08:22:18,National,শরীয়তপুর জেলা প্রশাসক,Related,,1.0
3440,samakal.com,2018-09-20 00:01:24,National,সিলেটের পুলিশ সুপার,Related,,1.0
3441,banglanews24.com,2018-09-23 11:31:59,Politics,reporter,Related,,1.0
3442,bangla.thereport24.com,2018-09-22 21:31:24,National,Reporter,Related,,1.0
3444,banglatribune.com,2018-09-21 18:38:21,National,রুশ উপ-পররাষ্ট্রমন্ত্রী,Related,,1.0
3445,jugantor.com,2018-09-21 13:07:20,Editorial,হোপ অটিজম সেন্টারের ডিরেক্টর,Related,,1.0
3446,ittefaq.com.bd,2018-09-22 16:55:49,International,আবহাওয়াবিদরা,Related,,1.0
3447,risingbd.com,2018-09-20 13:04:26,National,সলঙ্গা থানার ভারপ্রাপ্ত কর্মকর্তা (ওসি),Related,,1.0
3448,bhorerkagoj.net,2018-09-29 16:59:36,International,জাতিসংঘে বাংলাদেশের স্হায়ী প্রতিনিধি,Related,,1.0
3449,ittefaq.com.bd,2018-09-20 20:28:37,Sports,Reporter,Related,,1.0
3450,prothomalo.com,2018-09-19 17:50:58,National,অর্থনৈতিক পরিষদের নির্বাহী কমিটির (একনেক) সভা শেষে পরিকল্পনামন্ত্রী আ হ ম মুস্তফা কামাল,Related,,1.0
3451,ittefaq.com.bd,2018-09-22 18:04:22,International,ব্রিটিশ পররাষ্ট্রমন্ত্রী,Related,,1.0
3452,dailynayadiganta.com,2018-09-22 17:14:55,Politics,reporter,Related,,1.0
3454,banglanews24.com,2018-09-22 23:36:01,International,এডি নগর থানার ভারপ্রাপ্ত কর্মকর্তা,Related,,1.0
3455,bangla.thereport24.com,2018-09-21 23:18:13,Finance,এডিবির সামাজিক খাত বিশেষজ্ঞ,Related,,1.0
3456,jugantor.com,2018-09-22 13:07:53,National,কেম্যান দীপপুঞ্জের গভর্নর অফিস,Related,,1.0
3457,kalerkantho.com,2018-09-21 19:39:06,International,নোয়াখালী পুলিশ সুপার,Related,,1.0
3459,samakal.com,2018-09-21 15:02:21,International,এএফপি,Related,,1.0
3461,banglanews24.com,2018-09-21 12:46:42,National,Reporter,Related,,1.0
3462,somoynews.tv,2018-09-19 18:16:51,International,দ্য হিন্দুস্তান টাইমস,Related,,1.0
3463,kalerkantho.com,2018-09-19 22:02:33,International,নির্বাহী ম্যজিস্ট্রেট নান্দাইলের উপজেলা নির্বাহী কর্মকর্তা মোসাদ্দেক মেহেদী ইমামের,Related,,1.0
3464,bd24live.com,2018-09-21 17:52:12,Sports,Reporter,Related,,1.0
3465,dailyjanakantha.com,2018-09-20 13:00:59,International,Not Found,Related,,1.0
3466,banglatribune.com,2018-09-19 19:16:23,International,অস্ট্রেলিয়ার প্রধানমন্ত্রী,Related,,1.0
3467,bd-pratidin.com,2018-09-22 09:28:52,Sports,reporter,Related,,1.0
3468,risingbd.com,2018-09-21 16:40:18,National,Reporter,Related,,1.0
3469,jugantor.com,2018-09-20 22:07:48,National,Reporter,Related,,1.0
3470,prothomalo.com,2018-09-22 16:01:42,National,গণফোরামের সভাপতি,Related,,1.0
3471,prothomalo.com,2018-09-20 20:50:04,National,আওয়ামী লীগের সাধারণ সম্পাদক এবং সড়ক পরিবহন ও সেতুমন্ত্রী,Related,,1.0
3472,somoynews.tv,2018-09-21 18:00:57,Sports,reporter,Related,,1.0
3473,banglatribune.com,2018-09-19 20:31:05,Politics,বিএনপি মহাসচিব,Related,,1.0
3474,banglanews24.com,2018-09-22 12:43:08,National,কোস্টগার্ড পশ্চিম জোনের (মোংলা),Related,,1.0
3475,bangla.bdnews24.com,2018-09-21 14:49:18,International,reporter,Related,,1.0
3476,bd24live.com,2018-09-21 00:28:14,National,Reporter,Related,,1.0
3477,dailynayadiganta.com,2018-09-22 11:50:10,National,জাতিসঙ্ঘে নিযুক্ত বাংলাদেশের স্থায়ী প্রতিনিধি ও রাষ্ট্রদূত,Related,,1.0
3478,channelionline.com,2018-09-21 10:14:00,Editorial,Reporter,Related,,1.0
3479,jugantor.com,2018-09-21 03:30:18,Editorial,সৌদি কর্তৃপক্ষ,Related,,1.0
3480,bd24live.com,2018-09-19 22:05:27,National,Not Found,Related,,1.0
3481,kalerkantho.com,2018-09-22 13:37:55,Entertainment,ডেকান ক্রনিকল,Related,,1.0
3482,kalerkantho.com,2018-09-20 17:14:13,International,বাংলাদেশের রাষ্ট্রদূত,Related,,1.0
3483,mzamin.com,2018-09-24 23:16:52,National,আইনমন্ত্রী,Related,,1.0
3484,risingbd.com,2018-09-19 19:40:57,Lifestyle,Reporter,Related,,1.0
3485,risingbd.com,2018-09-20 17:17:12,National,চট্টগ্রামের কাস্টমস কমিশনার,Related,,1.0
3486,banglanews24.com,2018-09-21 20:37:50,National,নেত্রকোণা মডেল থানার ভারপ্রাপ্ত কর্মকর্তা (ওসি),Related,,1.0
3487,banglanews24.com,2018-09-22 19:53:53,International,ত্রিপুরা সরকার,Related,,1.0
3488,dhakatimes24.com,2018-09-21 18:35:20,International,Reporter,Related,,1.0
3489,bd-pratidin.com,2018-09-22 11:53:04,Sports,reporter,Related,,1.0
3490,mzamin.com,2018-09-22 23:53:05,Miscellaneous,নয়াপল্টন দলের কেন্দ্রীয় কার্যালয়ে এক সংবাদ ব্রিফিং,Related,,1.0
3491,bd24live.com,2018-09-19 18:27:55,National,Reporter,Related,,1.0
3492,banglanews24.com,2018-09-20 19:16:20,National,কর্ণফুলী গ্যাস ডিস্ট্রিবিউশন কোম্পানি লিমিটেডের জিএম,Related,,1.0
3493,dailyjanakantha.com,2018-09-21 11:13:23,National,সীতাকু- মডেল থানার ওসি,Related,,1.0
3494,somoynews.tv,2018-09-20 18:37:25,National,ইয়াং বাংলা,Related,,1.0
3495,banglanews24.com,2018-09-19 22:20:33,Sports,Reporter,Related,,1.0
3496,dhakatimes24.com,2018-09-22 11:58:06,Technology,অ্যাপল,Related,,1.0
3497,bangla.thereport24.com,2018-09-24 11:55:16,Politics,সড়ক পরিবহন ও সেতুমন্ত্রী,Related,,1.0
3498,risingbd.com,2018-09-22 18:28:16,National,পুলিশ,Related,,1.0
3500,dailynayadiganta.com,2018-09-20 10:02:12,National,সংসদ,Related,,1.0
3501,somoynews.tv,2018-09-20 10:15:22,Sports,Reporter,Related,,1.0
3502,samakal.com,2018-09-23 13:49:08,Entertainment,টুইটার,Related,,1.0
3504,prothomalo.com,2018-09-20 20:00:39,National,আইনজীবী,Related,,1.0
3505,somoynews.tv,2018-09-22 09:00:51,National,কুড়িগ্রামের সোনাহাট স্থলবন্দর,Related,,1.0
3506,jagonews24.com,2018-09-21 08:48:28,Sports,Reporter,Related,,1.0
3507,bangla.thereport24.com,2018-09-23 21:30:28,Sports,reporter,Related,,1.0
3508,independent24.com,2018-09-24 16:27:40,National,প্রধানমন্ত্রী,Related,,1.0
3509,channelionline.com,2018-09-20 18:02:28,Sports,reporter,Related,,1.0
3510,independent24.com,2018-09-21 07:49:03,National,প্রধানমন্ত্রী,Related,,1.0
3511,samakal.com,2018-09-20 17:25:14,Entertainment,Reporter,Related,,1.0
3512,bangla.bdnews24.com,2018-09-19 20:13:41,Finance,বিশ্ব ব্যাংকের প্রধান অর্থনীতিবিদ সঞ্জয় কাঠুরিয়া,Related,,1.0
3513,dhakatimes24.com,2018-09-19 18:35:14,Technology,স্যামসাং বাংলাদেশের হেড অব বিজনেস,Related,,1.0
3516,prothomalo.com,2018-09-19 19:01:48,International,এএফপি ও এনডিটিভি,Related,,1.0
3518,ittefaq.com.bd,2018-09-22 14:27:33,National,"মিয়াবাজার হাইওয়ে পুলিশ ফাঁড়ির ইনচার্জ,চৌদ্দগ্রাম থানার ওসি,কাটাখালী হাইওয়ে থানার ওসি",Related,,1.0
3520,banglanews24.com,2018-09-19 19:18:24,Finance,"অর্থমন্ত্রী,পিআরআই’র চেয়ারম্যান",Related,,1.0
3521,dailyjanakantha.com,2018-09-21 11:13:21,National,নানিয়ারচর থানার ওসি,Related,,1.0
3522,bd24live.com,2018-09-20 08:15:04,National,বোয়ালিয়া ইউনিয়ন পরিষদের চেয়ারম্যান,Related,,1.0
3523,bangla.thereport24.com,2018-09-21 14:17:00,Sports,Reporter,Related,,1.0
3524,bd-pratidin.com,2018-09-21 10:41:24,Sports,reporter,Related,,1.0
3525,jugantor.com,2018-09-20 17:55:59,Editorial,আদালত,Related,,1.0
3526,dailynayadiganta.com,2018-09-19 21:26:41,National,থানার ডিউটি অফিসার,Related,,1.0
3528,banglanews24.com,2018-09-22 18:13:15,National,গোয়েন্দা পুলিশের পরিদর্শক,Related,,1.0
3531,bangla.bdnews24.com,2018-09-21 23:50:40,Sports,বিসিবি,Related,,1.0
3532,bangla.thereport24.com,2018-09-20 10:41:05,Crime,শুল্ক গোয়েন্দা ও তদন্ত অধিদফতর,Related,,1.0
3533,bangla.bdnews24.com,2018-09-20 16:37:22,Lifestyle,"‘অ্যাডিকশন’ জার্নালে,ন্যাশনাল ইন্সটিটিউট অন অ্যালকোহল অ্যাবিউজ অ্যান্ড অ্যালকোহলিজম (এনআইএএএ)",Related,,1.0
3534,bd24live.com,2018-09-20 08:15:05,Entertainment,Reporter,Related,,1.0
3535,ittefaq.com.bd,2018-09-20 10:15:54,Sports,reporter,Related,,1.0
3536,jugantor.com,2018-09-22 08:54:29,Editorial,কাঁচপুর হাইওয়ে থানার এসআই,Related,,1.0
3537,somoynews.tv,2018-09-20 15:02:25,National,"ড্রাইভার,সড়ক পরিবহন ও সেতুমন্ত্রী",Related,,1.0
3538,jugantor.com,2018-09-22 14:19:34,Editorial,সদর থানার ওসি,Related,,1.0
3539,mzamin.com,2018-09-22 21:29:48,International,আধা সরকারি সংবাদ সংস্থা মেহর,Related,,1.0
3540,jagonews24.com,2018-09-21 19:00:28,Sports,reporter,Related,,1.0
3541,prothomalo.com,2018-09-21 15:25:47,International,কলকাতা প্রেসক্লাবে এক সংবাদ সম্মেলনে,Related,,1.0
3542,samakal.com,2018-09-22 13:53:22,National,স্থানীয় ইউপি চেয়ারম্যান,Related,,1.0
3543,banglatribune.com,2018-09-21 16:32:47,Lifestyle,Reporter,Related,,1.0
3544,dhakatimes24.com,2018-09-22 18:36:15,Politics,reporter,Related,,1.0
3545,bangla.bdnews24.com,2018-09-20 17:50:27,Sports,Reporter,Related,,1.0
3546,samakal.com,2018-09-21 21:38:03,Sports,reporter,Related,,1.0
3547,dailyjanakantha.com,2018-09-19 19:01:13,National,reporter,Related,,1.0
3548,bd-pratidin.com,2018-09-20 16:41:26,National,জাতীয় পার্টির চেয়ারম্যান,Related,,1.0
3550,jugantor.com,2018-09-20 22:44:47,Editorial,রেলওয়ের কর্মকর্তারা,Related,,1.0
3551,channelionline.com,2018-09-22 08:24:27,Sports,বিসিবি,Related,,1.0
3552,ittefaq.com.bd,2018-09-21 01:14:45,National,নন্দীগ্রাম পৌরসভার মেয়র,Related,,1.0
3554,channelionline.com,2018-09-19 19:50:37,International,পুলিশ,Related,,1.0
3557,kalerkantho.com,2018-09-20 19:02:15,National,তথ্য প্রতিমন্ত্রী,Related,,1.0
3558,dhakatimes24.com,2018-09-22 11:58:10,Sports,মাশরাফি,Related,,1.0
3559,somoynews.tv,2018-09-19 18:17:16,Entertainment,Reporter,Related,,1.0
3560,banglanews24.com,2018-09-20 15:15:29,National,Reporter,Related,,1.0
3561,banglanews24.com,2018-09-20 10:56:24,Technology,বিটিআরসির সিনিয়র সহকারী পরিচালক (মিডিয়া উইং),Related,,1.0
3562,bd24live.com,2018-09-21 16:03:52,Sports,reporter,Related,,1.0
3563,prothomalo.com,2018-09-20 16:01:57,Technology,www.codesrtrustbd.com,Related,,1.0
3564,jagonews24.com,2018-09-21 21:24:30,Politics,বিকল্প ধারা বাংলাদেশের সভাপতি,Related,,1.0
3566,dailyjanakantha.com,2018-09-20 14:49:00,Sports,reporter,Related,,1.0
3567,jagonews24.com,2018-09-21 16:36:29,Entertainment,Reporter,Related,,1.0
3568,somoynews.tv,2018-09-20 15:02:20,Sports,Reporter,Related,,1.0
3569,risingbd.com,2018-09-22 09:27:45,Sports,reporter,Related,,1.0
3570,dhakatimes24.com,2018-09-21 12:35:45,International,পররাষ্ট্রমন্ত্রণালয়ের মুখপাত্র,Related,,1.0
3571,channelionline.com,2018-09-20 18:02:27,International,ইপিবিএ কেন্দ্রীয় কমিটির সহ-সভাপতি,Related,,1.0
3572,dailynayadiganta.com,2018-09-21 17:50:43,International,চ্যাথাম হাউজ,Related,,1.0
3573,dailyjanakantha.com,2018-09-20 16:01:19,Editorial,reporter,Related,,1.0
3574,kalerkantho.com,2018-09-20 22:02:07,International,বিবিসি বাংলা,Related,,1.0
3575,dhakatimes24.com,2018-09-21 15:35:27,Sports,reporter,Related,,1.0
3576,prothomalo.com,2018-09-20 20:16:00,National,হাতিয়া থানার পরিদর্শক (তদন্ত),Related,,1.0
3577,bangla.thereport24.com,2018-09-23 16:43:02,National,Reporter,Related,,1.0
3578,risingbd.com,2018-09-22 15:28:16,National,বার কাউন্সিলের ভাইস চেয়ারম্যান,Related,,1.0
3580,independent24.com,2018-09-19 21:02:59,International,Not Found,Related,,1.0
3581,banglanews24.com,2018-09-21 22:17:39,Finance,reporter,Related,,1.0
3582,banglatribune.com,2018-09-21 20:30:03,National,স্বাস্থ্যমন্ত্রী,Related,,1.0
3583,somoynews.tv,2018-09-21 13:14:04,National,পুলিশ,Related,,1.0
3585,prothomalo.com,2018-09-19 19:01:45,International,Journalist,Related,,1.0
3587,jagonews24.com,2018-09-22 11:48:23,Entertainment,reporter,Related,,1.0
3589,banglanews24.com,2018-09-20 19:16:12,National,সদর থানার ভারপ্রাপ্ত কর্মকর্তা (ওসি),Related,,1.0
3590,kalerkantho.com,2018-09-22 11:13:59,International,সূত্র: আল-জাজিরা,Related,,1.0
3591,banglatribune.com,2018-09-20 20:31:16,Sports,Reporter,Related,,1.0
3592,kalerkantho.com,2018-09-20 17:50:56,International,Not Found,Related,,1.0
3593,banglatribune.com,2018-09-20 17:29:44,National,"ঝিনাইদহ ডিএসবি ওসি ,কালীগঞ্জ থানার অফিসার-ইন-চার্জ (ওসি)",Related,,1.0
3594,risingbd.com,2018-09-22 08:15:00,Sports,ক্রীড়া ডেস্ক,Related,,1.0
3595,risingbd.com,2018-09-22 19:05:22,Technology,reporter,Related,,1.0
3596,bangla.thereport24.com,2018-09-20 11:17:04,Sports,Reporter,Related,,1.0
3597,risingbd.com,2018-09-22 19:05:21,Entertainment,reporter,Related,,1.0
3598,mzamin.com,2018-09-24 22:05:39,Miscellaneous,আনন্দবাজার পত্রিকা,Related,,1.0
3599,jugantor.com,2018-09-22 18:32:13,Editorial,"বার্নামা,ইমিগ্রেশন বিভাগের মহাপরিচালক",Related,,1.0
3600,jagonews24.com,2018-09-19 14:19:00,Politics,reporter,Related,,1.0
3601,bd24live.com,2018-09-19 21:28:24,National,সাতক্ষীরা সিনিয়র জজ,Related,,1.0
3602,banglanews24.com,2018-09-20 15:15:25,Sports,Reporter,Related,,1.0
3603,dhakatimes24.com,2018-09-22 11:58:04,Technology,আসুস,Related,,1.0
3604,ittefaq.com.bd,2018-09-21 14:27:02,National,রেলস্টেশন পুলিশ ফাঁড়ির পরিদর্শক,Related,,1.0
3605,dailynayadiganta.com,2018-09-22 13:38:31,Politics,বিএনপি,Related,,1.0
3606,prothomalo.com,2018-09-22 16:38:05,International,গণমাধ্যম,Related,,1.0
3607,samakal.com,2018-09-23 02:08:26,National,প্রধানমন্ত্রী,Related,,1.0
3608,channelionline.com,2018-09-20 19:13:12,Entertainment,আলিয়া ভাট,Related,,1.0
3610,jugantor.com,2018-09-20 22:44:44,Editorial,সিরাজগঞ্জ সদর থানার পরিদর্শক (তদন্ত),Related,,1.0
3611,kalerkantho.com,2018-09-22 08:49:27,International,সুজানগর থানা পুলিশের ভারপ্রাপ্ত কর্মকর্তা (ওসি),Related,,1.0
3613,bd-pratidin.com,2018-09-21 21:31:14,Sports,reporter,Related,,1.0
3614,ittefaq.com.bd,2018-09-22 12:01:47,Politics,আওয়ামী লীগের সাধারণ সম্পাদক এবং সড়ক পরিবহন ও সেতুমন্ত্রী,Related,,1.0
3615,banglanews24.com,2018-09-21 12:46:40,Education,Reporter,Related,,1.0
3617,jagonews24.com,2018-09-22 13:00:28,Lifestyle,reporter,Related,,1.0
3618,kalerkantho.com,2018-09-21 01:38:03,Miscellaneous,Reporter,Related,,1.0
3619,jagonews24.com,2018-09-19 12:45:00,Finance,বাণিজ্য মন্ত্রণালয়,Related,,1.0
3620,risingbd.com,2018-09-21 06:27:41,Sports,Reporter,Related,,1.0
3621,ittefaq.com.bd,2018-09-22 18:04:25,National,নরসিংদীর পুলিশ সুপার,Related,,1.0
3622,rtnn.net,2018-09-22 09:33:19,Sports,প্রধানমন্ত্রী,Related,,1.0
3623,channelionline.com,2018-09-20 16:15:07,International,আদালত,Related,,1.0
3624,kalerkantho.com,2018-09-20 01:37:45,Technology,Journalist,Related,,1.0
3625,dailynayadiganta.com,2018-09-21 17:50:46,Sports,reporter,Related,,1.0
3626,independent24.com,2018-09-20 15:02:37,National,"বগুড়া পল্লী উন্নয়ন একাডেমি, আরডিএ",Related,,1.0
3627,kalerkantho.com,2018-09-20 22:38:07,International,কলকাতা পুলিশ,Related,,1.0
3628,jagonews24.com,2018-09-19 22:00:27,National,reporter,Related,,1.0
3629,rtnn.net,2018-09-22 12:34:55,Sports,Reporter,Related,,1.0
3631,banglanews24.com,2018-09-21 00:07:54,National,ডিএমপির উপ-কমিশনার (ডিসি),Related,,1.0
3632,jagonews24.com,2018-09-20 10:36:33,National,reporter,Related,,1.0
3633,samakal.com,2018-09-21 22:13:25,National,বিরোধীদলীয় নেতা,Related,,1.0
3635,dailyjanakantha.com,2018-09-21 13:01:14,National,৪৯ বর্ডার গার্ড ব্যাটালিয়নের অধিনায়ক লেফটেন্যান্ট কর্নেল,Related,,1.0
3636,banglatribune.com,2018-09-19 21:40:06,National,"বাবুগঞ্জ থানার ওসি,উপজেলা ছাত্রলীগের সভাপতি,বাবুগঞ্জ সরকারি পাইলট মাধ্যমিক বিদ্যালয়ের প্রধান শিক্ষক",Related,,1.0
3637,bd24live.com,2018-09-19 21:28:24,National,জেলা জজ আদালতের প্রশাসনিক কর্মকর্তা,Related,,1.0
3638,jagonews24.com,2018-09-19 12:37:00,Education,প্রাথমিক ও গণশিক্ষা মন্ত্রণালয়,Related,,1.0
3639,jugantor.com,2018-09-20 22:44:51,Editorial,শ্রম প্রতিমন্ত্রী,Related,,1.0
3640,somoynews.tv,2018-09-21 18:37:16,National,reporter,Related,,1.0
3641,independent24.com,2018-09-23 07:49:04,Sports,reporter,Related,,1.0
3642,somoynews.tv,2018-09-20 16:15:18,Miscellaneous,Reporter,Related,,1.0
3644,somoynews.tv,2018-09-20 10:50:14,Lifestyle,Reporter,Related,,1.0
3645,banglanews24.com,2018-09-20 16:57:57,National,বিআইডব্লিউটিএ'র শিমুলিয়া ঘাটের মেরিন কর্মকর্তা,Related,,1.0
3646,somoynews.tv,2018-09-20 18:02:33,National,উপজেলা স্বাস্থ্যকমপ্লেক্সে চিকিৎসক,Related,,1.0
3647,ittefaq.com.bd,2018-09-22 17:28:03,Editorial,পুলিশ ও স্থানীয়রা,Related,,1.0
3648,banglanews24.com,2018-09-22 14:00:38,National,ঢাকায় নিযুক্ত ভারতীয় হাইকমিশনার,Related,,1.0
3649,banglanews24.com,2018-09-23 02:13:18,National,প্রেস বিজ্ঞপ্তি,Related,,1.0
3650,banglanews24.com,2018-09-22 16:18:01,National,reporter,Related,,1.0
3651,risingbd.com,2018-09-22 18:28:16,Sports,reporter,Related,,1.0
3652,bangla.bdnews24.com,2018-09-19 20:13:41,National,আবুল কালাম আজাদ,Related,,1.0
3653,dhakatimes24.com,2018-09-20 12:36:16,Entertainment,Reporter,Related,,1.0
3655,banglatribune.com,2018-09-20 12:41:22,National,দাগনভূঞা থানার এসআই,Related,,1.0
3656,risingbd.com,2018-09-19 19:04:39,Entertainment,Reporter,Related,,1.0
3657,dhakatimes24.com,2018-09-19 21:36:22,International,Reporter,Related,,1.0
3658,bd24live.com,2018-09-21 22:40:38,National,reporter,Related,,1.0
3659,somoynews.tv,2018-09-22 15:37:33,National,Reporter,Related,,1.0
3660,bd-pratidin.com,2018-09-19 23:53:15,Miscellaneous,Reporter,Related,,1.0
3661,risingbd.com,2018-09-21 16:04:27,Entertainment,Reporter,Related,,1.0
3662,bd24live.com,2018-09-22 11:51:03,National,জেলা জাতীয় পার্টির সহ-সভাপতি ও তালা উপজেলা শাখার সভাপতি,Related,,1.0
3663,independent24.com,2018-09-23 22:20:59,International,টাইমস অব ইন্ডিয়া,Related,,1.0
3664,prothomalo.com,2018-09-20 23:13:55,National,দোহার থানার ভারপ্রাপ্ত কর্মকর্তা (ওসি),Related,,1.0
3665,rtnn.net,2018-09-23 17:22:34,International,reporter,Related,,1.0
3666,kalerkantho.com,2018-09-19 22:38:15,International,ঈশ্বরগঞ্জ থানার ওসি আহম্মেদ কবির,Related,,1.0
3668,dhakatimes24.com,2018-09-21 16:10:56,National,Reporter,Related,,1.0
3669,banglatribune.com,2018-09-20 18:07:59,Politics,গণফোরাম সভাপতি ও জাতীয় ঐক্য প্রক্রিয়ার আহ্বায়ক,Related,,1.0
3670,kalerkantho.com,2018-09-21 05:14:04,Miscellaneous,Reporter,Related,,1.0
3671,dhakatimes24.com,2018-09-22 10:46:35,National,মাশরাফি,Related,,1.0
3672,risingbd.com,2018-09-20 17:53:23,National,বাণিজ্যমন্ত্রী,Related,,1.0
3673,dhakatimes24.com,2018-09-22 00:01:05,Sports,reporter,Related,,1.0
3674,dailyjanakantha.com,2018-09-21 12:25:12,Sports,reporter,Related,,1.0
3675,bangla.thereport24.com,2018-09-20 10:05:10,Sports,গোল ডটকম,Related,,1.0
3676,kalerkantho.com,2018-09-20 22:38:17,International,শিবগঞ্জ থানার ভারপ্রাপ্ত কর্মকর্তা (ওসি অপারেশন),Related,,1.0
3677,prothomalo.com,2018-09-21 11:49:29,Sports,reporter,Related,,1.0
3678,dhakatimes24.com,2018-09-19 20:24:21,Politics,reporter,Related,,1.0
3679,independent24.com,2018-09-21 07:49:02,National,reporter,Related,,1.0
3680,independent24.com,2018-09-24 07:48:27,Sports,reporter,Related,,1.0
3681,risingbd.com,2018-09-22 12:28:23,Sports,reporter,Related,,1.0
3682,jagonews24.com,2018-09-20 13:00:23,Politics,আওয়ামী লীগের সাধারণ সম্পাদক,Related,,1.0
3683,prothomalo.com,2018-09-22 11:13:47,Sports,reporter,Related,,1.0
3684,banglatribune.com,2018-09-21 15:09:38,National,reporter,Related,,1.0
3685,bd24live.com,2018-09-19 17:54:41,National,Reporter,Related,,1.0
3686,somoynews.tv,2018-09-19 18:16:10,International,দুর্নীতি দমন কমিশন,Related,,1.0
3687,jagonews24.com,2018-09-21 09:24:31,National,। নানিয়ারচর থানার ওসি,Related,,1.0
3688,kalerkantho.com,2018-09-21 22:01:45,Sports,reporter,Related,,1.0
3689,jagonews24.com,2018-09-19 12:23:00,International,সামাজিক মাধ্যমে,Related,,1.0
3690,prothomalo.com,2018-09-22 17:49:29,National,সিপিজে’র এশিয়া সমন্বয়ক,Related,,1.0
3691,prothomalo.com,2018-09-20 10:01:24,Technology,"ভারতের টাটা কমিউনিকেশনসের প্রধান নির্বাহী কর্মকর্তা, বাজার গবেষণা প্রতিষ্ঠান গার্টনারের গবেষক",Related,,1.0
3692,banglanews24.com,2018-09-19 20:33:27,Politics,বিএনপির সিনিয়র যুগ্ম-মহাসচিব,Related,,1.0
3693,banglatribune.com,2018-09-22 14:28:53,Technology,বিবিসি,Related,,1.0
3694,risingbd.com,2018-09-19 20:52:56,National,খুলনার স্থপতি,Related,,1.0
3695,risingbd.com,2018-09-22 10:39:52,National,সীতাকুণ্ড হাইওয়ে পুলিশের অফিসার ইনচার্জ (ওসি),Related,,1.0
3696,kalerkantho.com,2018-09-21 14:50:02,International,মার্কিন প্রেসিডেন্ট,Related,,1.0
3697,rtnn.net,2018-09-21 07:44:41,International,এএফপি,Related,,1.0
3699,independent24.com,2018-09-20 06:36:43,Finance,বিশ্বব্যাংক,Related,,1.0
3700,independent24.com,2018-09-20 22:15:59,National,প্রধানমন্ত্রী,Related,,1.0
3701,prothomalo.com,2018-09-21 19:01:50,National,নবাবগঞ্জ উপজেলা আওয়ামী লীগের ভারপ্রাপ্ত সাধারণ সম্পাদক,Related,,1.0
3702,jagonews24.com,2018-09-20 11:12:27,National,জাহাঙ্গীরনগর বিশ্ববিদ্যালয়ের প্রাণীবিদা বিভাগের অধ্যাপক ও গবেষক,Related,,1.0
3703,kalerkantho.com,2018-09-19 19:38:05,International,Journalist,Related,,1.0
3704,dhakatimes24.com,2018-09-21 19:48:14,International,সুপ্রিম কোর্ট,Related,,1.0
3705,kalerkantho.com,2018-09-20 08:49:41,International,জাতীয় পার্টির (জাপা) সহ-সভাপতি জহিরুল ইসলাম মিন্টু,Related,,1.0
3706,dailyjanakantha.com,2018-09-20 17:13:19,National,চাপলী বাজার সমিতির সভাপতি,Related,,1.0
3707,kalerkantho.com,2018-09-21 02:49:46,National,শ্রম প্রতিমন্ত্রী,Related,,1.0
3708,dailyjanakantha.com,2018-09-20 15:25:12,National,reporter,Related,,1.0
3709,jugantor.com,2018-09-19 19:44:02,Editorial,Reporter,Related,,1.0
3710,jagonews24.com,2018-09-22 14:48:27,Entertainment,অভিনেত্রী,Related,,1.0
3711,samakal.com,2018-09-21 04:12:01,National,আবহাওয়া অধিদফতর,Related,,1.0
3712,channelionline.com,2018-09-20 12:39:07,Miscellaneous,ভিডিও,Related,,1.0
3713,bangla.thereport24.com,2018-09-23 17:17:38,Sports,reporter,Related,,1.0
3714,banglanews24.com,2018-09-19 18:40:50,Sports,Reporter,Related,,1.0
3715,risingbd.com,2018-09-22 11:16:09,National,মনোহরদী থানার অফিসার ইনচার্জ (ওসি),Related,,1.0
3716,mzamin.com,2018-09-23 14:54:04,International,"বিশ্ব স্বাস্থ্য সংস্থা, বার্তা সংস্থা এএফপি",Related,,1.0
3717,mzamin.com,2018-09-24 23:16:59,Miscellaneous,জেএসডির সভাপতি,Related,,1.0
3718,somoynews.tv,2018-09-20 16:15:15,Entertainment,Not Found,Related,,1.0
3719,independent24.com,2018-09-22 15:37:54,National,reporter,Related,,1.0
3720,dhakatimes24.com,2018-09-19 23:59:28,National,সাবেক প্রধান বিচারপতি,Related,,1.0
3721,banglanews24.com,2018-09-20 09:04:03,Sports,সদর উপজেলা মহিলা বিষয়ক কর্মকর্তা,Related,,1.0
3723,mzamin.com,2018-09-20 00:28:45,Sports,journalist,Related,,1.0
3725,banglanews24.com,2018-09-19 22:20:31,National,আড়াইহাজার থানার উপ-পরিদর্শক (এসআই),Related,,1.0
3726,independent24.com,2018-09-25 10:50:01,National,প্রধানমন্ত্রী,Related,,1.0
3727,dailynayadiganta.com,2018-09-20 14:50:27,National,চৌগাছা থানার সেকেন্ড অফিসার,Related,,1.0
3728,banglanews24.com,2018-09-21 13:52:38,Politics,গণফোরাম সভাপতি,Related,,1.0
3729,ittefaq.com.bd,2018-09-20 19:13:40,National,বাংলাদেশ সাধারণ ছাত্রপরিষদ,Related,,1.0
3730,mzamin.com,2018-09-19 22:05:57,National,একনেক,Related,,1.0
3732,bangla.thereport24.com,2018-09-23 13:41:30,National,থানার ওসি,Related,,1.0
3733,channelionline.com,2018-09-22 14:26:53,National,কাউন্টার টেররিজম অ্যান্ড ট্রান্সন্যাশনাল ক্রাইম ইউনিটের (সিটিটিসি),Related,,1.0
3734,mzamin.com,2018-09-25 21:17:09,International,টাইমস অব ইন্ডিয়া,Related,,1.0
3735,kalerkantho.com,2018-09-22 09:25:47,International,reporter,Related,,1.0
3736,samakal.com,2018-09-23 09:38:24,National,বরগুনা জেলা ফিশিং ট্রলার শ্রমিক সমিতির সাধারণ সম্পাদক,Related,,1.0
3737,dhakatimes24.com,2018-09-22 12:36:05,Editorial,reporter,Related,,1.0
3739,rtnn.net,2018-09-21 17:22:10,National,শ্রীমঙ্গল থানার ওসি,Related,,1.0
3740,bd24live.com,2018-09-21 08:15:19,National,Reporter,Related,,1.0
3741,banglanews24.com,2018-09-20 16:57:11,Politics,আদালত,Related,,1.0
3742,banglatribune.com,2018-09-21 18:12:19,Sports,Reporter,Related,,1.0
3743,bangla.bdnews24.com,2018-09-21 11:49:23,International,নিউ ইয়র্ক  পুলিশ প্রশাসন,Related,,1.0
3744,prothomalo.com,2018-09-21 11:49:41,National,reporter,Related,,1.0
3745,kalerkantho.com,2018-09-19 18:26:01,Technology,শাওমি কর্তৃপক্ষ,Related,,1.0
3746,channelionline.com,2018-09-22 02:24:09,Sports,reporter,Related,,1.0
3747,dailynayadiganta.com,2018-09-20 17:51:33,National,শেরপুর থানার অফিসার ইনচার্জ,Related,,1.0
3748,kalerkantho.com,2018-09-20 02:49:40,International,দোহার থানার ভারপ্রাপ্ত কর্মকর্তা সাজ্জাদ হোসেন,Related,,1.0
3749,banglanews24.com,2018-09-21 19:53:21,National,বসুন্ধরা দলের কোচ,Related,,1.0
3750,bangla.bdnews24.com,2018-09-21 20:49:26,National,reporter,Related,,1.0
3751,prothomalo.com,2018-09-21 14:13:44,National,reporter,Related,,1.0
3752,jagonews24.com,2018-09-21 18:24:34,International,স্থানীয় গণমাধ্যম,Related,,1.0
3753,jagonews24.com,2018-09-21 15:24:28,National,Reporter,Related,,1.0
3754,bangla.bdnews24.com,2018-09-20 23:13:51,National,আমতলী থানার ওসি,Related,,1.0
3756,somoynews.tv,2018-09-20 13:13:54,International,ব্রিটিশ পররাষ্ট্রমন্ত্রী,Related,,1.0
3758,banglanews24.com,2018-09-20 16:20:41,National,জেলা পুলিশের গোয়েন্দা (ডিবি) শাখার ভারপ্রাপ্ত কর্মকর্তা (ওসি),Related,,1.0
3759,bangla.bdnews24.com,2018-09-21 01:01:40,Finance,প্রতিষ্ঠানটির  সচিব,Related,,1.0
3760,samakal.com,2018-09-20 15:40:03,Sports,Reporter,Related,,1.0
3761,banglatribune.com,2018-09-20 00:40:16,Miscellaneous,"স্যার সলিমুল্লাহ মেডিক্যাল কলেজ হাসপাতালের পরিচালক,আইইডিসিআর’র সিনিয়র সায়েন্টিফিক অফিসার",Related,,1.0
3762,dailyjanakantha.com,2018-09-19 20:48:54,National,reporter,Related,,1.0
3763,somoynews.tv,2018-09-19 18:16:43,International,এনডিটিভি,Related,,1.0
3764,banglanews24.com,2018-09-19 21:42:51,Entertainment,Reporter,Related,,1.0
3765,banglatribune.com,2018-09-20 02:25:24,Education,Reporter,Related,,1.0
3766,bangla.thereport24.com,2018-09-20 23:53:00,National,প্রধানমন্ত্রী,Related,,1.0
3768,banglanews24.com,2018-09-20 13:24:25,Entertainment,Reporter,Related,,1.0
3769,banglatribune.com,2018-09-20 13:14:58,International,রয়টার্স,Related,,1.0
3770,kalerkantho.com,2018-09-21 23:51:15,Miscellaneous,বিমানবন্দরের ম্যাজিস্ট্রেট,Related,,1.0
3771,somoynews.tv,2018-09-19 18:18:48,National,শহীদ জিয়াউর রহমান মেডিকেল কলেজ হাসপাতালের ডা.,Related,,1.0
3772,dailyjanakantha.com,2018-09-21 17:49:03,International,Reporter,Related,,1.0
3773,jagonews24.com,2018-09-19 20:48:16,National,Reporter,Related,,1.0
3774,banglanews24.com,2018-09-23 16:55:51,National,reporter,Related,,1.0
3775,jugantor.com,2018-09-20 21:31:44,Editorial,কেন্দুয়া থানার ওসি,Related,,1.0
3776,banglanews24.com,2018-09-22 16:59:11,International,বাংলাদেশ দূতাবাস,Related,,1.0
3777,samakal.com,2018-09-19 20:25:43,National,গৃহায়ন ও গণপূর্ত মন্ত্রী,Related,,1.0
3778,banglatribune.com,2018-09-21 02:25:52,Miscellaneous,ক্যান্টনমেন্ট থানার উপপরিদর্শক (এসআই),Related,,1.0
3779,prothomalo.com,2018-09-21 19:01:45,Sports,reporter,Related,,1.0
3780,independent24.com,2018-09-20 00:03:59,National,Not Found,Related,,1.0
3781,independent24.com,2018-09-20 22:15:58,National,reporter,Related,,1.0
3782,banglatribune.com,2018-09-19 20:31:08,National,Reporter,Related,,1.0
3783,jagonews24.com,2018-09-19 20:12:23,National,Reporter,Related,,1.0
3784,banglatribune.com,2018-09-19 18:38:32,Entertainment,জাজ মাল্টিমিডিয়া,Related,,1.0
3785,kalerkantho.com,2018-09-22 11:49:41,National,ঢাকা মেডিকেল কলেজ হাসপাতাল পুলিশ ক্যাম্পের এসআই,Related,,1.0
3786,bangla.thereport24.com,2018-09-20 12:29:21,National,মহিপুর থানার ভারপ্রাপ্ত কর্মকর্তা পরিদর্শক (তদন্ত),Related,,1.0
3788,somoynews.tv,2018-09-19 18:18:38,Miscellaneous,প্রাণ-আরএফএল গ্রুপ,Related,,1.0
3789,banglatribune.com,2018-09-22 17:37:32,Entertainment,reporter,Related,,1.0
3790,risingbd.com,2018-09-20 11:52:23,Sports,Reporter,Related,,1.0
3791,independent24.com,2018-09-21 10:14:26,Sports,reporter,Related,,1.0
3792,somoynews.tv,2018-09-22 12:00:31,National,reporter,Related,,1.0
3793,mzamin.com,2018-09-26 12:16:07,National,উপ পুলিশ কমিশনার,Related,,1.0
3794,dhakatimes24.com,2018-09-20 07:46:51,Sports,reporter,Related,,1.0
3795,bd24live.com,2018-09-21 21:28:11,Sports,reporter,Related,,1.0
3796,dhakatimes24.com,2018-09-21 20:22:53,National,আখাউড়া প্রকৌশল অফিস সূত্র,Related,,1.0
3797,mzamin.com,2018-09-22 20:18:27,National,journalist,Related,,1.0
3798,bd-pratidin.com,2018-09-21 13:41:30,National,যুক্তরাজ্যে বাংলাদেশের হাইকমিশনার,Related,,1.0
3799,dailyjanakantha.com,2018-09-19 23:48:56,National,প্রধানমন্ত্রী,Related,,1.0
3801,dailynayadiganta.com,2018-09-19 19:38:39,National,সালথা থানার ওসি,Related,,1.0
3802,bd-pratidin.com,2018-09-21 08:17:19,National,বগুড়া পানি উন্নয়ন বোর্ডের নির্বাহী প্রকৌশলী,Related,,1.0
3803,jugantor.com,2018-09-20 14:55:16,Editorial,"বিশেষজ্ঞ, মার্কিন প্রেসিডেন্ট",Related,,1.0
3805,jagonews24.com,2018-09-19 20:12:19,National,তথ্য ও যোগাযোগ প্রযুক্তি প্রতিমন্ত্রী,Related,,1.0
3806,banglanews24.com,2018-09-21 15:41:46,Sports,Reporter,Related,,1.0
3807,jagonews24.com,2018-09-19 22:00:25,National,"বেনাপোল সিঅ্যান্ডএফ এজেন্টস স্টাফ অ্যাসোসিয়েশনের সাধারণ সম্পাদক, সভাপতি ,বেনাপোল চেকপোস্ট বিজিবি ক্যাম্পের সুবেদার",Related,,1.0
3808,samakal.com,2018-09-20 15:01:24,Sports,Reporter,Related,,1.0
3809,banglatribune.com,2018-09-21 09:03:14,Miscellaneous,আবহাওয়া অধিদফতর,Related,,1.0
3810,jagonews24.com,2018-09-21 20:48:32,Entertainment,reporter,Related,,1.0
3811,dhakatimes24.com,2018-09-20 11:58:56,International,পর্ণ তারকা,Related,,1.0
3812,bangla.thereport24.com,2018-09-23 13:06:33,National,Reporter,Related,,1.0
3813,bd24live.com,2018-09-20 08:15:04,National,Reporter,Related,,1.0
3814,bangla.bdnews24.com,2018-09-20 20:13:34,National,পুলিশ সদর দপ্তরের সহকারী মহাপরিদর্শক,Related,,1.0
3815,prothomalo.com,2018-09-21 13:01:54,Technology,আইএএনএস,Related,,1.0
3816,bangla.bdnews24.com,2018-09-21 22:01:21,International,"যুক্তরাষ্ট্র প্রবাসী, বোস্টনের ম্যাসাচুসেটসে একটি ওষুধ কারখানায় কর্মরত প্রবাস",Related,,1.0
3817,bangla.bdnews24.com,2018-09-21 18:25:42,Lifestyle,Reporter,Related,,1.0
3818,jugantor.com,2018-09-19 22:44:59,Editorial,দক্ষিণ আফ্রিকার মেয়র কমিটি সদস্য,Related,,1.0
3819,dailyjanakantha.com,2018-09-20 11:48:58,Miscellaneous,এএফপি,Related,,1.0
3821,dailynayadiganta.com,2018-09-22 02:49:49,Entertainment,নেত্রকোনা মডেল থানায় একটি সাধারণ ডায়েরি (জিডি),Related,,1.0
3822,channelionline.com,2018-09-21 18:37:08,Sports,reporter,Related,,1.0
3824,somoynews.tv,2018-09-22 16:14:47,National,বিএনপির সিনিয়র যুগ্ম-মহাসচিব,Related,,1.0
3825,dailyjanakantha.com,2018-09-20 19:01:27,National,প্রাথমিক ও গণশিক্ষামন্ত্রী,Related,,1.0
3826,banglanews24.com,2018-09-20 21:43:16,Crime,আদালত,Related,,1.0
3828,banglatribune.com,2018-09-20 17:30:28,International,"বিবিসি, গালফ নিউজ",Related,,1.0
3829,banglanews24.com,2018-09-22 02:26:57,International,reporter,Related,,1.0
3831,bd24live.com,2018-09-20 11:51:54,National,পাকিস্তানের অধিনায়ক,Related,,1.0
3832,samakal.com,2018-09-21 01:49:18,National,দুদকের উপপরিচালক ফরিদ আহমেদ,Related,,1.0
3833,risingbd.com,2018-09-19 18:28:36,National,Reporter,Related,,1.0
3834,independent24.com,2018-09-20 15:02:37,National,পানি উন্নয়ন বোর্ড,Related,,1.0
3835,bangla.thereport24.com,2018-09-24 08:16:15,Sports,reporter,Related,,1.0
3836,somoynews.tv,2018-09-21 01:50:00,Sports,Reporter,Related,,1.0
3837,jugantor.com,2018-09-19 23:19:55,Editorial,হত্যা মামলার তদন্তকারী কর্মকর্তা কেন্দুয়া থানা পুলিশের এসআই,Related,,1.0
3838,samakal.com,2018-09-20 01:48:21,Entertainment,পরিচালক,Related,,1.0
3839,mzamin.com,2018-09-19 17:55:37,National,journalist,Related,,1.0
3840,jugantor.com,2018-09-21 20:54:22,Editorial,আওয়ামী লীগের সাধারণ সম্পাদক,Related,,1.0
3842,jagonews24.com,2018-09-20 19:00:26,Finance,কোম্পানির পরিচালনা পর্ষদ,Related,,1.0
3843,dhakatimes24.com,2018-09-20 15:38:32,National,"বেনাপোল পোর্ট থানার ভারপ্রাপ্ত কর্তকর্তা(ওসি),বেনাপোল কাস্টমস হাউসের কমিশনার",Related,,1.0
3844,samakal.com,2018-09-19 22:16:22,National,সাভার মডেল থানার ভারপ্রাপ্ত কর্মকর্তা,Related,,1.0
3845,banglatribune.com,2018-09-22 10:52:23,National,বা‌গেরহাট ম‌ডেল থানার ভারপ্রাপ্ত কর্মকর্তা,Related,,1.0
3846,bangla.bdnews24.com,2018-09-22 01:37:19,Politics,ছাত্রলীগের কেন্দ্রীয় সাধারণ সম্পাদক,Related,,1.0
3847,prothomalo.com,2018-09-20 14:14:01,Lifestyle,মেডিসিন বিশেষজ্ঞ অধ্যাপক,Related,,1.0
3848,independent24.com,2018-09-22 11:27:03,International,ভারতের পররাষ্ট্র মন্ত্রণালয়,Related,,1.0
3849,prothomalo.com,2018-09-22 14:13:32,Technology,দ্য ইনডিপেনডেন্ট,Related,,1.0
3851,dailynayadiganta.com,2018-09-20 18:26:40,Sports,Reporter,Related,,1.0
3852,jugantor.com,2018-09-20 22:08:00,National,তথ্য প্রতিমন্ত্রী,Related,,1.0
3853,somoynews.tv,2018-09-19 18:18:14,Sports,বাফুফে,Related,,1.0
3854,risingbd.com,2018-09-21 14:52:16,National,reporter,Related,,1.0
3855,bd24live.com,2018-09-22 12:27:47,National,উজিরপুর মডেল থানার ভারপ্রাপ্ত কর্মকর্তা (ওসি),Related,,1.0
3856,risingbd.com,2018-09-20 13:40:33,Sports,জুভেন্টাস তারকা,Related,,1.0
3857,banglatribune.com,2018-09-20 03:01:48,Sports,বসুন্ধরা কিংসের সমন্বয়কারী,Related,,1.0
3858,dailyjanakantha.com,2018-09-21 19:01:11,National,নওগাঁ সদর মডেল থানার অফিসার ইনচার্জ,Related,,1.0
3859,kalerkantho.com,2018-09-20 22:38:09,National,Reporter,Related,,1.0
3860,jagonews24.com,2018-09-22 08:48:25,International,reporter,Related,,1.0
3861,bangla.bdnews24.com,2018-09-19 23:49:28,Sports,বাংলাদেশ দলের অধিনায়ক,Related,,1.0
3862,jagonews24.com,2018-09-20 19:00:33,Miscellaneous,Reporter,Related,,1.0
3863,banglatribune.com,2018-09-20 16:16:38,Miscellaneous,গালফ টাইমস,Related,,1.0
3864,channelionline.com,2018-09-20 16:15:09,Sports,Not Found,Related,,1.0
3865,risingbd.com,2018-09-21 14:52:12,Entertainment,Reporter,Related,,1.0
3866,kalerkantho.com,2018-09-21 19:39:07,Entertainment,টুইটার,Related,,1.0
3867,mzamin.com,2018-09-21 10:39:51,National,সালমান এফ রহমান ঢাকা থেকে প্রকাশিত ইংরেজি ভাষার দৈনিক পত্রিকা দ্য ইন্ডিপেনডেন্টের সম্পাদক পর্ষদের চেয়ারম্যান,Related,,1.0
3868,dhakatimes24.com,2018-09-20 18:35:15,International,Reporter,Related,,1.0
3869,kalerkantho.com,2018-09-20 15:27:06,Entertainment,টুইটার,Related,,1.0
3870,dailyjanakantha.com,2018-09-22 13:01:14,National,সিইসি,Related,,1.0
3871,prothomalo.com,2018-09-21 22:01:34,International,বাংলাদেশ সোসাইটি ইনক,Related,,1.0
3872,kalerkantho.com,2018-09-21 08:13:34,International,অর্থ সচিব,Related,,1.0
3873,bd24live.com,2018-09-19 20:52:12,National,Reporter,Related,,1.0
3874,somoynews.tv,2018-09-20 15:41:02,National,বিএনপির সিনিয়র যুগ্ম মহাসচিব,Related,,1.0
3876,banglatribune.com,2018-09-22 07:47:23,Sports,সাভার উপজেলা নির্বাহী কর্মকর্তা (ইউএনও),Related,,1.0
3877,jugantor.com,2018-09-22 01:05:59,Sports,reporter,Related,,1.0
3878,banglatribune.com,2018-09-22 12:06:46,National,চট্টগ্রাম বিশ্ববিদ্যালয় ছাত্রলীগের সাবেক সহ-সভাপতি,Related,,1.0
3879,risingbd.com,2018-09-21 12:28:24,Education,reporter,Related,,1.0
3880,banglanews24.com,2018-09-21 18:40:00,Sports,Reporter,Related,,1.0
3881,somoynews.tv,2018-09-19 18:18:16,Sports,Reporter,Related,,1.0
3883,risingbd.com,2018-09-20 13:40:32,Sports,Not Found,Related,,1.0
3884,banglanews24.com,2018-09-19 18:40:51,Miscellaneous,Reporter,Related,,1.0
3885,kalerkantho.com,2018-09-21 14:13:59,Finance,Reporter,Related,,1.0
3886,jagonews24.com,2018-09-21 19:00:27,Lifestyle,স্বানাপ কেন্দ্রীয় কমিটির সদস্য,Related,,1.0
3887,jugantor.com,2018-09-21 17:19:23,Editorial,পুলিশ,Related,,1.0
3888,ittefaq.com.bd,2018-09-21 10:50:08,National,থানার ভারপ্রাপ্ত কর্মকর্তা,Related,,1.0
3889,jagonews24.com,2018-09-22 16:00:40,Entertainment,Reporter,Related,,1.0
3890,kalerkantho.com,2018-09-22 14:13:44,International,"মাদকদ্রব্য নিয়ন্ত্রণ অধিদপ্তরের মহাপরিচালক ,প্রাথমিক ও গণশিক্ষা মন্ত্রী",Related,,1.0
3891,jugantor.com,2018-09-21 19:07:50,Editorial,রেলওয়ের পানি পরিমাপ কর্মী,Related,,1.0
3894,channelionline.com,2018-09-19 20:26:38,National,অভিনেতা চঞ্চল চৌধুরী,Related,,1.0
3895,jugantor.com,2018-09-20 17:19:51,Editorial,পার্সটুডে,Related,,1.0
3896,banglanews24.com,2018-09-22 15:52:01,National,শাহআলী থানার ভারপ্রাপ্ত কর্মকর্তা (ওসি),Related,,1.0
3897,rtnn.net,2018-09-21 13:45:48,International,Reporter,Related,,1.0
3898,banglatribune.com,2018-09-20 16:16:40,Sports,গোল ডটকম,Related,,1.0
3899,kalerkantho.com,2018-09-22 13:38:00,International,দ্য গার্ডিয়ান,Related,,1.0
3901,kalerkantho.com,2018-09-21 01:02:14,Miscellaneous,Reporter,Related,,1.0
3902,jugantor.com,2018-09-20 06:29:01,Editorial,স্পিকার,Related,,1.0
3903,prothomalo.com,2018-09-21 17:13:54,National,ফায়ার স্টেশনের উপসহকারী পরিচালক,Related,,1.0
3904,bd24live.com,2018-09-21 16:39:51,National,মামলার সূত্র,Related,,1.0
3905,banglatribune.com,2018-09-20 13:22:20,Technology,Reporter,Related,,1.0
3906,banglatribune.com,2018-09-22 11:27:46,National,বিজিবি,Related,,1.0
3908,bd24live.com,2018-09-19 19:40:14,National,স্থানীয় গণমাধ্যম,Related,,1.0
3910,bd24live.com,2018-09-20 17:52:50,National,কেন্দ্রীয় মহিলা আওয়ামীলীগ কার্যনির্বাহী সদস্য,Related,,1.0
3911,channelionline.com,2018-09-20 16:15:08,Lifestyle,কানাডার বিএনএন ব্লুমবার্গ টিভি চ্যানেল,Related,,1.0
3912,banglanews24.com,2018-09-19 19:18:22,National,কুড়িগ্রাম পুলিশ সুপার,Related,,1.0
3914,independent24.com,2018-09-22 15:37:53,Politics,reporter,Related,,1.0
3915,somoynews.tv,2018-09-21 17:25:18,Sports,Reporter,Related,,1.0
3916,dailyjanakantha.com,2018-09-22 11:48:56,National,reporter,Related,,1.0
3917,prothomalo.com,2018-09-21 19:01:47,Sports,reporter,Related,,1.0
3918,independent24.com,2018-09-25 13:15:29,International,মালদ্বীপের পররাষ্ট্র মন্ত্রণালয়,Related,,1.0
3919,jugantor.com,2018-09-22 13:43:59,Editorial,এসআই,Related,,1.0
3920,banglatribune.com,2018-09-22 11:27:47,National,রাজাপুর স্বাস্থ্য কেন্দ্রের আবাসিক মেডিক্যাল অফিসার,Related,,1.0
3921,kalerkantho.com,2018-09-21 14:50:02,National,Reporter,Related,,1.0
3922,bd24live.com,2018-09-21 18:28:17,National,Reporter,Related,,1.0
3923,dailyjanakantha.com,2018-09-20 23:48:58,National,লালপুর থানার ওসি,Related,,1.0
3925,banglatribune.com,2018-09-21 11:27:50,National,থানার ভারপ্রাপ্ত কর্মকর্তা,Related,,1.0
3926,jugantor.com,2018-09-19 19:44:27,Editorial,Reporter,Related,,1.0
3927,banglatribune.com,2018-09-21 21:51:06,National,আশুলিয়া থানার পরিদর্শক (তদন্ত),Related,,1.0
3928,dhakatimes24.com,2018-09-20 18:00:23,National,ব্রাহ্মণবাড়িয়া রেলওয়ের থানার পরিদর্শক,Related,,1.0
3930,banglatribune.com,2018-09-21 15:07:07,Politics,সুপ্রিম কোর্ট আইনজীবী সমিতির সভাপতি,Related,,1.0
3931,prothomalo.com,2018-09-20 13:01:32,International,সেভ দ্য চিলড্রেন,Related,,1.0
3932,somoynews.tv,2018-09-22 16:54:46,International,reporter,Related,,1.0
3933,ittefaq.com.bd,2018-09-20 12:04:45,National,রাজৈর থানার ওসি,Related,,1.0
3934,banglanews24.com,2018-09-19 21:06:15,Sports,Reporter,Related,,1.0
3935,prothomalo.com,2018-09-21 16:37:41,Entertainment,Reporter,Related,,1.0
3936,banglatribune.com,2018-09-21 13:50:25,Politics,reporter,Related,,1.0
3937,mzamin.com,2018-09-24 21:29:16,National,reporter,Related,,1.0
3938,bd24live.com,2018-09-21 08:51:45,National,চরতারাপুর ইউনিয়নেরর চেয়ারম্যান,Related,,1.0
3939,kalerkantho.com,2018-09-22 08:49:29,International,২১ বর্ডার গার্ড ব্যাটালিয়নের অধিনায়ক,Related,,1.0
3940,somoynews.tv,2018-09-22 05:59:12,International,ভারতের পররাষ্ট্র মন্ত্রণালয়ের মুখপাত্র,Related,,1.0
3941,banglatribune.com,2018-09-22 15:04:41,International,জাতিসংঘ মহাসচিব,Related,,1.0
3942,somoynews.tv,2018-09-21 10:49:46,National,পুলিশ,Related,,1.0
3943,jagonews24.com,2018-09-19 22:00:39,National,সংসদ,Related,,1.0
3944,risingbd.com,2018-09-19 17:56:50,National,পররাষ্ট্র মন্ত্রণালয়,Related,,1.0
3945,samakal.com,2018-09-22 21:04:59,Entertainment,মেঘলা,Related,,1.0
3947,ittefaq.com.bd,2018-09-20 13:51:18,Sports,Reporter,Related,,1.0
3948,bangla.bdnews24.com,2018-09-19 19:37:31,National,প্রধানমন্ত্রীর উপ-প্রেস সচিব আশরাফুল আলম,Related,,1.0
3949,mzamin.com,2018-09-21 16:04:11,Miscellaneous,আতাইকুলা থানার অফিসার ইনচার্জ (ওসি) মাসুদ রানা,Related,,1.0
3950,kalerkantho.com,2018-09-19 23:50:02,National,চকবাজার থানার পরিদর্শক (তদন্ত) আরিফ হোসেন,Related,,1.0
3951,somoynews.tv,2018-09-22 15:37:35,National,Reporter,Related,,1.0
3952,risingbd.com,2018-09-19 19:40:57,National,বিশ্বনাথ থানা পুলিশ,Related,,1.0
3953,dhakatimes24.com,2018-09-19 20:24:17,Sports,reporter,Related,,1.0
3954,banglatribune.com,2018-09-19 22:54:43,National,আশুলিয়া থানার পরিদর্শক (ওসি তদন্ত),Related,,1.0
3955,jagonews24.com,2018-09-22 11:48:27,International,reporter,Related,,1.0
3957,banglanews24.com,2018-09-19 19:57:09,Education,Reporter,Related,,1.0
3958,channelionline.com,2018-09-21 09:37:47,Education,reporter,Related,,1.0
3959,mzamin.com,2018-09-25 11:52:46,National,চীনের প্রতিরক্ষা মন্ত্রণালয়ের মুখপাত্র,Related,,1.0
3960,samakal.com,2018-09-22 20:28:22,National,তথ্যমন্ত্রী ও জাসদ সভাপতি,Related,,1.0
3961,banglanews24.com,2018-09-21 10:17:32,National,বাংলাদেশ পানি উন্নয়ন বোর্ডের বন্যা পূর্বাভাস ও সতর্কীকরণ কেন্দ্র,Related,,1.0
3962,risingbd.com,2018-09-22 15:28:13,National,ঢাকা দক্ষিণ সিটি করপোরেশনে মেয়র,Related,,1.0
3963,bangla.bdnews24.com,2018-09-20 20:00:31,National,তদন্ত কর্মকর্তা বাসন থানার এসআই,Related,,1.0
3964,dailynayadiganta.com,2018-09-20 17:15:04,National,কোটালীপাড়া থানার অফিসার ইনচার্জ (ওসি),Related,,1.0
3965,bd24live.com,2018-09-20 20:16:00,National,হল কর্তৃপক্ষ,Related,,1.0
3966,somoynews.tv,2018-09-22 12:38:50,National,reporter,Related,,1.0
3967,channelionline.com,2018-09-21 16:13:33,Editorial,Reporter,Related,,1.0
3968,mzamin.com,2018-09-19 22:05:48,National,জাতীয় ঐক্যপ্রক্রিয়ার সদস্য সচিব আ ব ম মোস্তাফা আমিন,Related,,1.0
3970,somoynews.tv,2018-09-19 18:16:28,National,আবহাওয়া অফিস,Related,,1.0
3971,banglanews24.com,2018-09-22 21:45:08,Sports,Reporter,Related,,1.0
3972,risingbd.com,2018-09-20 16:05:46,National,খালেদার আইনজীবী,Related,,1.0
3974,dhakatimes24.com,2018-09-19 19:11:47,International,পাকিস্তানি গণমাধ্যম ডন নিউজ,Related,,1.0
3975,jugantor.com,2018-09-20 13:43:27,Editorial,Not Found,Related,,1.0
3976,jagonews24.com,2018-09-20 02:12:28,National,সদরঘাট থানার ওসি,Related,,1.0
3977,bangla.bdnews24.com,2018-09-21 09:25:26,Sports,Reporter,Related,,1.0
3978,independent24.com,2018-09-21 00:04:52,Sports,reporter,Related,,1.0
3979,kalerkantho.com,2018-09-20 04:01:37,International,চৌদ্দগ্রাম থানার দায়িত্বরত কর্মকর্তা সহকারী উপ পরিদর্শক (এএসআই) রেজাউল,Related,,1.0
3981,bangla.bdnews24.com,2018-09-20 16:01:27,International,"বিচারপতি, এক্সপ্রেস ট্রিবিউন",Related,,1.0
3982,banglatribune.com,2018-09-20 20:29:01,Miscellaneous,Reporter,Related,,1.0
3983,ittefaq.com.bd,2018-09-21 16:49:25,National,সড়ক পরিবহন ও সেতুমন্ত্রী ও,Related,,1.0
3984,jugantor.com,2018-09-19 23:19:58,Editorial,তথ্যপ্রযুক্তি প্রতিমন্ত্রী,Related,,1.0
3985,jagonews24.com,2018-09-22 09:24:29,International,গিয়াসউদ্দিন শাহবাজের সহকর্মী,Related,,1.0
3986,ittefaq.com.bd,2018-09-21 13:14:30,International,স্বয়ংসেবক প্রভাবিত সংস্থা,Related,,1.0
3987,bd-pratidin.com,2018-09-22 21:31:59,National,আওয়ামী লীগের সাধারণ সম্পাদক,Related,,1.0
3988,dhakatimes24.com,2018-09-19 19:11:42,Crime,আদালত,Related,,1.0
3989,kalerkantho.com,2018-09-20 13:02:19,Sports,reporter,Related,,1.0
3990,banglanews24.com,2018-09-20 21:06:47,National,Reporter,Related,,1.0
3991,kalerkantho.com,2018-09-19 22:38:08,International,জুড়ী থানার অফিসার ইনচার্জ মো. জাহাঙ্গীর হোসেন জানান,Related,,1.0
3992,ittefaq.com.bd,2018-09-20 01:13:44,National,reporter,Related,,1.0
3993,jagonews24.com,2018-09-20 13:00:22,Entertainment,ইনস্টাগ্রাম,Related,,1.0
3995,bd-pratidin.com,2018-09-21 10:41:24,National,রাঙামাটি নানিয়ারচর থানার ভারপ্রাপ্ত কর্মকর্তা (ওসি),Related,,1.0
3996,jagonews24.com,2018-09-22 17:48:31,International,reporter,Related,,1.0
3997,bd24live.com,2018-09-20 20:52:31,National,সলঙ্গা থানার ভারপ্রাপ্ত কর্মকর্তা (ওসি),Related,,1.0
3998,dailyjanakantha.com,2018-09-20 18:25:01,National,স্বাস্থ্যমন্ত্রী,Related,,1.0
3999,jugantor.com,2018-09-20 11:55:20,Editorial,বিজিবির নায়েক সুবেদার,Related,,1.0
4000,prothomalo.com,2018-09-20 16:01:58,National,নাসিরনগর থানার ভারপ্রাপ্ত কর্মকর্তা (ওসি),Related,,1.0
4001,samakal.com,2018-09-20 01:12:26,National,চকবাজার থানার উপপরিদর্শক,Related,,1.0
4002,bd-pratidin.com,2018-09-21 19:06:17,Sports,reporter,Related,,1.0
4003,dhakatimes24.com,2018-09-20 11:59:41,Technology,Reporter,Related,,1.0
4005,rtnn.net,2018-09-21 07:09:11,National,জাতীয় অর্থনৈতিক পরিষদের নির্বাহী কমিটি (একনেক),Related,,1.0
4006,bd24live.com,2018-09-22 08:50:55,National,reporter,Related,,1.0
4007,bd-pratidin.com,2018-09-20 19:06:15,International,Not found,Related,,1.0
4008,banglanews24.com,2018-09-19 18:40:54,Sports,Reporter,Related,,1.0
4009,samakal.com,2018-09-21 13:48:36,Politics,জাতীয় ঐক্য,Related,,1.0
4012,somoynews.tv,2018-09-21 01:50:02,Sports,Reporter,Related,,1.0
4013,banglatribune.com,2018-09-19 22:54:41,National,"ডাক, টেলিযোযোগাযোগ ও তথ্যপ্রযুক্তিমন্ত্রী",Related,,1.0
4014,jugantor.com,2018-09-22 14:55:27,Editorial,reporter,Related,,1.0
4015,kalerkantho.com,2018-09-21 13:37:52,National,reporter,Related,,1.0
4016,jugantor.com,2018-09-20 11:19:07,Editorial,"উপজেলা চেয়ারম্যান, টেকনাফের সহকারী কমিশনার",Related,,1.0
4017,dhakatimes24.com,2018-09-21 10:46:54,Sports,Reporter,Related,,1.0
4019,dailynayadiganta.com,2018-09-20 11:14:35,Sports,reporter,Related,,1.0
4020,jugantor.com,2018-09-20 22:07:07,Editorial,প্রিয়াংকা চোপড়া,Related,,1.0
4021,bangla.thereport24.com,2018-09-21 17:53:24,National,"ভারতীয় সংবাদমাধ্যম এনডিটিভি,দুর্যোগ ব্যবস্থাপনা বিভাগের এক শীর্ষস্থানীয় কর্তা",Related,,1.0
4023,kalerkantho.com,2018-09-19 20:14:07,International,ভোলা জেলা আ'লীগের সাধারণ সম্পাদক ও জেলা পরিষদের চেয়ারম্যান আবদুল মোমিন টুলু,Related,,1.0
4024,samakal.com,2018-09-20 19:12:46,National,পাবনা সদর উপজেলা নির্বাহী কর্মকর্তা,Related,,1.0
4025,bd24live.com,2018-09-19 23:51:49,National,Reporter,Related,,1.0
4026,bangla.bdnews24.com,2018-09-22 17:49:24,Sports,ফরোয়ার্ড,Related,,1.0
4027,jagonews24.com,2018-09-22 10:36:28,International,টিটিএন/এমএস,Related,,1.0
4028,dailynayadiganta.com,2018-09-20 23:14:45,National,কমনওয়েলথ হিউম্যান রাইটস ইনিশিয়েটিভ,Related,,1.0
4029,mzamin.com,2018-09-20 22:41:03,National,মুনা টেলিভিশনের টকশো ২৪ঘণ্টা’র আলোচনা,Related,,1.0
4031,kalerkantho.com,2018-09-22 15:25:54,Entertainment,"উইকিপিডিয়া, ঘটনা.কম অ্যানশিয়েন্ট ইন্ডিয়া, ইউরোপিয়ান হিস্ট্রি, আলেকজন্ডার দি গ্রেট প্রভৃতি গ্রন্থ",Related,,1.0
4032,banglatribune.com,2018-09-20 00:05:31,Entertainment,Reporter,Related,,1.0
4033,prothomalo.com,2018-09-21 10:37:38,International,"নিউপোর্ট বিচ পুলিশ,Not Found",Related,,1.0
4034,banglanews24.com,2018-09-20 07:51:23,National,সিএমপির সহকারী কমিশনার (চকবাজার জোন),Related,,1.0
4035,bd-pratidin.com,2018-09-19 23:53:26,National,প্রধানমন্ত্রী,Related,,1.0
4036,kalerkantho.com,2018-09-20 21:26:29,International,মাধবপুর জেলা গোয়েন্দা পুলিশের এসআই,Related,,1.0
4039,dhakatimes24.com,2018-09-20 11:23:21,Sports,reporter,Related,,1.0
4040,kalerkantho.com,2018-09-19 20:14:15,Editorial,নোমান মোহাম্মদ,Related,,1.0
4041,ittefaq.com.bd,2018-09-20 04:13:03,National,স্বরাষ্ট্রমন্ত্রী,Related,,1.0
4042,jagonews24.com,2018-09-20 13:00:29,National,Reporter,Related,,1.0
4043,banglanews24.com,2018-09-22 18:13:18,International,reporter,Related,,1.0
4044,rtnn.net,2018-09-21 08:58:07,National,প্রধানমন্ত্রীর কার্যালয়,Related,,1.0
4046,banglanews24.com,2018-09-21 11:31:54,National,পানি উন্নয়ন বোর্ডের প্রধান প্রকৌশলী,Related,,1.0
4047,prothomalo.com,2018-09-21 10:37:40,International,ওয়াশিংটন পোস্ট,Related,,1.0
4048,banglanews24.com,2018-09-19 19:18:28,National,ঈশ্বরদী রেলওয়ে জিআরপি থানার ভারপ্রাপ্ত কর্মকর্তা (ওসি),Related,,1.0
4049,bangla.bdnews24.com,2018-09-22 16:01:37,International,রয়টার্স,Related,,1.0
4050,jagonews24.com,2018-09-19 14:32:00,National,সংসদ,Related,,1.0
4051,somoynews.tv,2018-09-22 09:00:54,Miscellaneous,reporter,Related,,1.0
4052,banglatribune.com,2018-09-20 12:43:40,National,বাসন থানার ভারপ্রাপ্ত কর্মকর্তা (ওসি),Related,,1.0
4053,banglatribune.com,2018-09-19 21:40:01,Technology,এনগ্যাজেট,Related,,1.0
4054,banglanews24.com,2018-09-22 16:17:59,Education,তদন্ত কমিটির আহ্বায়ক,Related,,1.0
4055,somoynews.tv,2018-09-19 18:17:30,National,কৃষি বিভাগ,Related,,1.0
4056,dailyjanakantha.com,2018-09-22 15:25:10,National,বিএনপির সিনিয়র যুগ্ম-মহাসচিব,Related,,1.0
4057,banglanews24.com,2018-09-21 02:28:36,National,মাদারীপুর সদর উপজেলার আঙ্গুলকাটা পুলিশ ফাঁড়ির (আইসিও),Related,,1.0
4059,independent24.com,2018-09-20 12:39:47,National,reporter,Related,,1.0
4060,banglanews24.com,2018-09-21 09:41:33,National,বিআইডব্লিউটিসি'র কাঁঠালবাড়ী ফেরিঘাটের ব্যবস্থাপক,Related,,1.0
4061,bangla.bdnews24.com,2018-09-19 19:37:31,Finance,"কাজী হোসনে আরা,মীর হোসাইন ইকরাম",Related,,1.0
4062,banglatribune.com,2018-09-21 15:06:15,Education,Reporter,Related,,1.0
4063,bd-pratidin.com,2018-09-22 16:06:18,Miscellaneous,ইংরেজি দৈনিক ডেইলি স্টারের সম্পাদক,Related,,1.0
4064,bangla.bdnews24.com,2018-09-20 19:01:53,Sports,Reporter,Related,,1.0
4065,dhakatimes24.com,2018-09-19 21:36:37,Sports,reporter,Related,,1.0
4066,kalerkantho.com,2018-09-21 17:50:02,Finance,পায়রা বন্দর কর্তৃপক্ষের চেয়ারম্যান,Related,,1.0
4067,somoynews.tv,2018-09-19 18:18:28,National,Reporter,Related,,1.0
4068,kalerkantho.com,2018-09-21 18:26:10,Sports,reporter,Related,,1.0
4069,risingbd.com,2018-09-20 20:53:09,National,গাজীপুর মেট্রোপলিটন ম্যাজিস্ট্রেট আদালতের উপ-পরিদর্শক,Related,,1.0
4070,dailynayadiganta.com,2018-09-19 20:50:46,Politics,জাতীয় পার্টির চেয়ারম্যান,Related,,1.0
4071,kalerkantho.com,2018-09-21 15:25:58,National,সড়ক পরিবহন ও সেতুমন্ত্রী,Related,,1.0
4072,bd24live.com,2018-09-19 22:05:25,National,পুলিশ সুপার,Related,,1.0
4074,dhakatimes24.com,2018-09-20 18:01:05,National,স্থানীয় ইউপি চেয়ারম্যান,Related,,1.0
4075,banglanews24.com,2018-09-21 06:39:05,Education,ব্যাংকার্স সিলেকশন কমিটি,Related,,1.0
4076,kalerkantho.com,2018-09-22 15:25:53,International,তানোর থানার অফিসার ইনচার্জ (ওসি),Related,,1.0
4077,independent24.com,2018-09-20 18:37:43,International,Not Found,Related,,1.0
4078,banglatribune.com,2018-09-22 09:39:03,Sports,reporter,Related,,1.0
4079,banglanews24.com,2018-09-19 21:42:46,National,মনোহরদী থানার ভারপ্রাপ্ত কর্মকর্তা (ওসি),Related,,1.0
4080,bangla.bdnews24.com,2018-09-21 17:49:34,Lifestyle,Reporter,Related,,1.0
4082,ittefaq.com.bd,2018-09-20 11:26:25,Sports,reporter,Related,,1.0
4083,banglanews24.com,2018-09-22 12:10:25,National,Reporter,Related,,1.0
4084,bangla.bdnews24.com,2018-09-20 23:49:24,Education,Reporter,Related,,1.0
4085,mzamin.com,2018-09-19 22:05:51,National,journalist,Related,,1.0
4086,banglatribune.com,2018-09-22 02:24:53,Sports,reporter,Related,,1.0
4087,banglatribune.com,2018-09-19 18:21:12,International,ব্রিটিশ ওয়েবসাইট মিডল ইস্ট,Related,,1.0
4088,independent24.com,2018-09-22 16:55:40,National,কাউন্টার টেরোরিজম ইউনিটের প্রধান ডিএমপির অতিরিক্ত কমিশনার,Related,,1.0
4089,prothomalo.com,2018-09-20 08:49:36,Sports,Journalist,Related,,1.0
4090,ittefaq.com.bd,2018-09-21 18:37:50,National,প্রতিমন্ত্রী,Related,,1.0
4092,banglanews24.com,2018-09-22 19:54:04,National,Reporter,Related,,1.0
4093,bangla.thereport24.com,2018-09-20 12:29:20,Crime,Reporter,Related,,1.0
4094,rtnn.net,2018-09-21 19:47:30,International,দাতব্য সংস্থা সেভ দ্য চিলড্রেন,Related,,1.0
4095,bangla.bdnews24.com,2018-09-21 20:49:27,National,সদর থানার ওসি,Related,,1.0
4096,risingbd.com,2018-09-21 10:04:13,National,বাসস রাইজিংবিডি,Related,,1.0
4097,jagonews24.com,2018-09-19 19:00:21,National,চকবাজার থানার ভারপ্রাপ্ত কর্মকর্তা,Related,,1.0
4098,prothomalo.com,2018-09-21 20:13:38,International,reporter,Related,,1.0
4099,banglatribune.com,2018-09-22 12:02:26,National,বিজিবি,Related,,1.0
4100,jugantor.com,2018-09-20 03:31:15,Editorial,Reporter,Related,,1.0
4102,risingbd.com,2018-09-19 19:40:55,Crime,দুর্নীতি দমন কমিশন,Related,,1.0
4103,dailyjanakantha.com,2018-09-20 23:48:57,National,কালয়িাকৈর থানার উপ-পরিদর্শক,Related,,1.0
4106,bd-pratidin.com,2018-09-20 11:53:58,International,ধামের প্রধান,Related,,1.0
4107,ittefaq.com.bd,2018-09-20 21:03:49,National,পাথরঘাটা থানার ভারপ্রাপ্ত কর্মকর্তা,Related,,1.0
4108,mzamin.com,2018-09-22 22:08:08,Miscellaneous,বাগেরহাট মডেল থানার ভারপ্রাপ্ত কর্মকর্তা (ওসি),Related,,1.0
4109,dhakatimes24.com,2018-09-19 21:36:33,National,ফেসবুক,Related,,1.0
4111,mzamin.com,2018-09-25 21:17:07,National,শরীয়তপুর জেলা প্রশাসক,Related,,1.0
4112,bd-pratidin.com,2018-09-22 13:06:34,Sports,reporter,Related,,1.0
4113,channelionline.com,2018-09-21 00:39:18,Sports,reporter,Related,,1.0
4114,somoynews.tv,2018-09-19 19:50:45,National,আওয়ামী লীগের শীর্ষ নেতা,Related,,1.0
4115,dailynayadiganta.com,2018-09-21 01:02:28,National,আদালত,Related,,1.0
4116,samakal.com,2018-09-21 01:49:18,Politics,ঢাকা মহানগর উত্তর আওয়ামী লীগের সভাপতি এ কে এম রহমতুল্লাহ,Related,,1.0
4118,jagonews24.com,2018-09-21 20:12:30,Sports,reporter,Related,,1.0
4119,banglatribune.com,2018-09-19 22:54:51,International,দ্য ওয়াল স্ট্রিট জার্নাল,Related,,1.0
4120,banglatribune.com,2018-09-21 11:27:51,Miscellaneous,বিআরটিএ সচিব,Related,,1.0
4121,banglanews24.com,2018-09-20 21:06:43,Technology,বাংলাদেশ টেলিযোগাযোগ নিয়ন্ত্রণ কমিশন (বিটিআরসি),Related,,1.0
4122,ittefaq.com.bd,2018-09-20 09:38:57,International,বাংলাদেশ ব্যাংকের সাবেক গভর্নর,Related,,1.0
4123,mzamin.com,2018-09-24 23:16:54,Miscellaneous,"সংবাদ ব্রিফিং, বিএনপির সিনিয়র যুগ্ম মহাসচিব",Related,,1.0
4124,independent24.com,2018-09-21 00:04:52,National,Not Found,Related,,1.0
4125,somoynews.tv,2018-09-20 11:26:03,Entertainment,Reporter,Related,,1.0
4126,jugantor.com,2018-09-20 23:55:10,Editorial,Reporter,Related,,1.0
4127,kalerkantho.com,2018-09-20 10:38:02,Lifestyle,Reporter,Related,,1.0
4128,bd24live.com,2018-09-21 17:52:14,Education,Reporter,Related,,1.0
4129,bangla.bdnews24.com,2018-09-20 16:37:23,National,ডিএমপি নিউজ,Related,,1.0
4130,kalerkantho.com,2018-09-22 17:49:47,National,হাতিরঝিল থানার ভারপ্রাপ্ত কর্মকর্তা,Related,,1.0
4131,somoynews.tv,2018-09-21 18:37:18,International,ভারতীয় সংবাদমাধ্যমগুলোর সূত্রে,Related,,1.0
4132,jugantor.com,2018-09-21 18:31:29,Editorial,পারিবারিক ও হাসপাতাল সূত্র,Related,,1.0
4133,dailynayadiganta.com,2018-09-22 18:26:32,National,reporter,Related,,1.0
4134,independent24.com,2018-09-21 18:37:41,International,ব্রিটিশ পররাষ্ট্রমন্ত্রী,Related,,1.0
4135,bangla.thereport24.com,2018-09-24 10:42:00,National,হরিনটানা থানার ভারপ্রাপ্ত কর্মকর্তা (ওসি),Related,,1.0
4136,banglatribune.com,2018-09-22 10:19:36,Crime,এসআই শহীদুল ইসলাম,Related,,1.0
4137,banglatribune.com,2018-09-20 13:15:01,Sports,"আফগান অলরাউন্ডার ,বাংলাদেশের অধিনায়ক",Related,,1.0
4138,bangla.bdnews24.com,2018-09-20 12:25:44,Sports,Reporter,Related,,1.0
4139,samakal.com,2018-09-21 13:13:05,Politics,বিএনপির সাবেক মন্ত্রী ও তৃণমূল বিএনপির চেয়ারম্যান,Related,,1.0
4141,banglatribune.com,2018-09-19 18:38:52,Technology,এনগ্যাজেট,Related,,1.0
4143,banglatribune.com,2018-09-21 21:44:52,Politics,প্রেস ক্লাব,Related,,1.0
4146,bangla.bdnews24.com,2018-09-20 21:26:00,Finance,Reporter,Related,,1.0
4147,mzamin.com,2018-09-21 16:40:09,National,সংসদ,Related,,1.0
4148,dailyjanakantha.com,2018-09-21 19:01:10,National,থানার অফিসার ইনচার্জ,Related,,1.0
4149,dailynayadiganta.com,2018-09-21 21:26:28,Politics,সড়ক পরিবহন ও সেতুমন্ত্রী,Related,,1.0
4150,kalerkantho.com,2018-09-19 23:50:00,Sports,Journalist,Related,,1.0
4152,jagonews24.com,2018-09-19 21:24:28,National,কুমুদিনী হাসপাতালের পরিচালক,Related,,1.0
4153,rtnn.net,2018-09-24 09:34:04,Sports,reporter,Related,,1.0
4154,kalerkantho.com,2018-09-21 20:13:51,Sports,reporter,Related,,1.0
4155,bd24live.com,2018-09-20 17:52:48,National,Reporter,Related,,1.0
4156,dhakatimes24.com,2018-09-22 17:59:21,National,reporter,Related,,1.0
4157,risingbd.com,2018-09-21 15:28:46,Politics,বিএনপির মহাসচিব,Related,,1.0
4158,bangla.thereport24.com,2018-09-20 11:53:02,National,কুড়িগ্রাম সদর উপজেলার পুলিশ সুপার,Related,,1.0
4159,banglanews24.com,2018-09-20 05:27:11,National,"স্পিকার ,পারিবারিক সূত্র",Related,,1.0
4160,risingbd.com,2018-09-22 16:45:08,Entertainment,পরিচালক,Related,,1.0
4161,jagonews24.com,2018-09-20 16:00:31,Entertainment,Reporter,Related,,1.0
4162,somoynews.tv,2018-09-19 18:18:42,National,এলাকাবাসী ও স্বজনরা,Related,,1.0
4163,kalerkantho.com,2018-09-21 01:38:05,Miscellaneous,এন্টারটেইনমেন্ট টুনাইট’,Related,,1.0
4164,samakal.com,2018-09-20 20:14:02,National,Reporter,Related,,1.0
4165,ittefaq.com.bd,2018-09-22 13:55:07,National,পুলিশ,Related,,1.0
4167,banglanews24.com,2018-09-19 21:43:22,Education,Reporter,Related,,1.0
4168,jugantor.com,2018-09-22 11:54:13,Editorial,ঢাকা মেডিকেল কলেজ হাসপাতাল পুলিশ ক্যাম্পের এসআই,Related,,1.0
4169,channelionline.com,2018-09-21 17:24:57,Entertainment,reporter,Related,,1.0
4170,bd24live.com,2018-09-22 08:14:32,National,আখাউড়া রেলওয়ে জংশনের (লোকোসেড) উর্ধ্বতন উপসহকারী প্রকৌশলী,Related,,1.0
4171,independent24.com,2018-09-23 14:29:10,National,reporter,Related,,1.0
4172,ittefaq.com.bd,2018-09-20 19:13:41,Politics,বিএনপির স্থায়ী কমিটির সদস্য,Related,,1.0
4173,independent24.com,2018-09-21 15:03:02,National,বিএনপি মহাসচিব,Related,,1.0
4174,bd24live.com,2018-09-22 20:18:12,National,সাভার মডেল থানার ভারপ্রাপ্ত কর্মকর্তা,Related,,1.0
4175,independent24.com,2018-09-23 11:27:47,National,বাণিজ্যমন্ত্রী,Related,,1.0
4176,risingbd.com,2018-09-22 18:28:17,Sports,reporter,Related,,1.0
4177,samakal.com,2018-09-20 16:14:19,National,কোটালীপাড়া থানার ওসি,Related,,1.0
4179,banglanews24.com,2018-09-20 17:34:25,International,ত্রিপুরা সরকারের উপ-মুখ্যমন্ত্রী,Related,,1.0
4180,risingbd.com,2018-09-22 18:28:15,Sports,reporter,Related,,1.0
4182,dailynayadiganta.com,2018-09-19 20:50:41,National,দশপাকিয়া পুলিশ ফাঁড়ির ইনচার্জ,Related,,1.0
4183,dhakatimes24.com,2018-09-22 18:36:18,National,reporter,Related,,1.0
4185,kalerkantho.com,2018-09-21 22:38:18,Sports,reporter,Related,,1.0
4186,bangla.bdnews24.com,2018-09-19 20:13:39,National,শেখ হাসিনা,Related,,1.0
4189,mzamin.com,2018-09-20 21:28:51,National,অনলাইন গ্লোবাল ভয়েস,Related,,1.0
4190,independent24.com,2018-09-20 11:26:17,Sports,গোলরক্ষক রানা,Related,,1.0
4191,banglatribune.com,2018-09-22 13:17:51,National,গোপালগঞ্জের অতিরিক্ত পুলিশ সুপার,Related,,1.0
4192,channelionline.com,2018-09-19 20:26:39,Sports,reporter,Related,,1.0
4193,dailynayadiganta.com,2018-09-20 22:38:43,Sports,Reporter,Related,,1.0
4195,somoynews.tv,2018-09-20 12:39:21,International,Not Found,Related,,1.0
4196,somoynews.tv,2018-09-19 18:37:32,National,Reporter,Related,,1.0
4197,mzamin.com,2018-09-21 11:16:20,National,অস্ট্রেলিয়ার নাইন নিউজ অনলাইন,Related,,1.0
4198,prothomalo.com,2018-09-20 04:01:25,Sports,Not Found,Related,,1.0
4199,dhakatimes24.com,2018-09-21 14:59:27,International,reporter,Related,,1.0
4201,banglatribune.com,2018-09-21 14:34:10,Technology,গেজেটস নাউ,Related,,1.0
4202,channelionline.com,2018-09-20 20:28:12,Entertainment,আসাদুজ্জামান নূর,Related,,1.0
4203,bd24live.com,2018-09-20 16:39:42,National,আদালত,Related,,1.0
4205,ittefaq.com.bd,2018-09-19 20:27:35,Politics,আওয়ামী লীগের প্রচার ও প্রকাশনা সম্পাদক,Related,,1.0
4206,dhakatimes24.com,2018-09-22 16:51:48,National,বেলাব থানার ভারপ্রাপ্ত কর্মকর্তা,Related,,1.0
4207,kalerkantho.com,2018-09-19 23:49:59,International,বেনাপোল সিএন্ডএফ এজেন্টস স্টাফ অ্যাসোসিয়েশনের সাধারণ সম্পাদক নাসির উদ্দিন,Related,,1.0
4208,prothomalo.com,2018-09-20 10:01:29,National,র‌্যাব নাটোর ক্যাম্প,Related,,1.0
4209,banglanews24.com,2018-09-22 14:35:01,National,ভারতীয় হাইকমিশন,Related,,1.0
4210,dailynayadiganta.com,2018-09-22 02:49:48,National,ওন্টারিও ইন্টারন্যাশনাল ডেভেলপমেন্ট এজেন্সি (ওআইডিএ),Related,,1.0
4211,bangla.bdnews24.com,2018-09-19 20:13:39,National,জাহিদ সর্দার,Related,,1.0
4212,bangla.bdnews24.com,2018-09-19 20:13:41,National,"এলাকাবাসী,ওসি দেলোয়ার",Related,,1.0
4213,ittefaq.com.bd,2018-09-19 22:17:44,National,reporter,Related,,1.0
4214,ittefaq.com.bd,2018-09-22 17:28:08,International,পাকিস্তানের প্রধানমন্ত্রী,Related,,1.0
4215,jugantor.com,2018-09-20 10:07:32,Editorial,Reporter,Related,,1.0
4216,bangla.bdnews24.com,2018-09-20 19:01:53,National,ডবলমুরিং থানার পরিদর্শক (তদন্ত),Related,,1.0
4217,jagonews24.com,2018-09-21 19:00:25,International,ব্রিটিশ সাংবাদিক এমা জেইন কিরবি,Related,,1.0
4218,somoynews.tv,2018-09-20 16:49:58,International,Not Found,Related,,1.0
4220,mzamin.com,2018-09-20 01:04:03,International,আল জাজিরা,Related,,1.0
4221,risingbd.com,2018-09-22 10:03:33,National,রাইমা,Related,,1.0
4222,dailyjanakantha.com,2018-09-20 14:13:16,National,reporter,Related,,1.0
4223,independent24.com,2018-09-22 16:15:09,Finance,reporter,Related,,1.0
4224,prothomalo.com,2018-09-21 11:13:52,National,প্রবাসীকল্যাণ ও বৈদেশিক কর্মসংস্থান মন্ত্রণালয়ের সচিব,Unrelated,,1.0
4225,bd-pratidin.com,2018-09-19 20:18:27,National,অ্যাডেভােকেট,Related,,1.0
4226,banglanews24.com,2018-09-20 09:41:27,National,"মন্ত্রিপরিষদ বিভাগের অতিরিক্ত সচিব ,দুর্যোগ ব্যবস্থাপনা ও ত্রাণমন্ত্রী",Related,,1.0
4227,bd24live.com,2018-09-21 17:52:13,Education,Reporter,Related,,1.0
4228,bd24live.com,2018-09-22 10:39:22,National,দেবহাটা থানার ভারপ্রাপ্ত কর্মকর্তা (ওসি),Related,,1.0
4229,banglatribune.com,2018-09-19 18:21:10,National,কালিয়া থানার ভারপ্রাপ্ত কর্মকর্তা (ওসি),Related,,1.0
4230,banglatribune.com,2018-09-19 18:21:03,National,জেলা  অতিরিক্ত পুলিশ সুপার,Related,,1.0
4231,somoynews.tv,2018-09-19 18:16:01,National,জেলা জ্যেষ্ঠ বিচারিক আদালতের বিচারক,Related,,1.0
4232,bd24live.com,2018-09-19 19:04:11,National,"আওয়ামী লীগের সাধারণ সম্পাদক, সড়ক পরিবহন ও সেতুমন্ত্রী",Related,,1.0
4233,prothomalo.com,2018-09-19 20:13:53,Sports,journalist,Related,,1.0
4234,jugantor.com,2018-09-19 20:55:51,Editorial,Reporter,Related,,1.0
4235,risingbd.com,2018-09-19 18:28:35,National,সংসদীয় কমিটি,Related,,1.0
4236,bangla.thereport24.com,2018-09-21 13:40:33,International,Reporter,Related,,1.0
4237,dailyjanakantha.com,2018-09-19 23:48:56,National,জুড়ী থানার তদন্তকারী কর্মকর্তা উপ-পরিদর্শক,Related,,1.0
4238,banglatribune.com,2018-09-19 21:39:59,National,ইসলামপুর উপজেলা কৃষি কর্মকর্তা,Related,,1.0
4239,bangla.bdnews24.com,2018-09-20 22:01:30,Sports,Reporter,Related,,1.0
4240,independent24.com,2018-09-25 00:40:04,Finance,reporter,Related,,1.0
4241,risingbd.com,2018-09-19 18:28:30,National,Reporter,Related,,1.0
4242,banglanews24.com,2018-09-19 19:18:23,Miscellaneous,বন্যপ্রাণি গবেষক,Related,,1.0
4244,bangla.bdnews24.com,2018-09-22 18:25:32,National,ফায়ার সার্ভিস চট্টগ্রাম বিভাগীয় কার্যালয়ের উপ-সহকারী পরিচালক,Related,,1.0
4245,banglatribune.com,2018-09-22 15:44:20,National,ঝিনাইদহ মাদকদ্রব্য নিয়ন্ত্রণ কার্যালয়ের পরিদর্শক,Related,,1.0
4246,channelionline.com,2018-09-22 14:26:53,National,Not Found,Related,,1.0
4247,jugantor.com,2018-09-19 18:01:44,Editorial,Reporter,Related,,1.0
4248,banglanews24.com,2018-09-22 19:53:41,National,বগুড়া রেলওয়ে স্টেশন মাস্টার,Related,,1.0
4250,kalerkantho.com,2018-09-22 13:37:59,Miscellaneous,ক্যালিফোর্নিয়া রাজ্যের গভর্নর,Related,,1.0
4251,bd24live.com,2018-09-20 08:51:27,National,শেখ হাসিনা হলের প্রভোস্ট,Related,,1.0
4252,banglanews24.com,2018-09-22 10:55:14,National,ভূরুঙ্গামারী উপজেলা নির্বাহী কর্মকর্তা,Related,,1.0
4254,bangla.bdnews24.com,2018-09-21 10:01:12,National,বাংলাদেশের সাবেক প্রধান বিচারপতি,Related,,1.0
4255,ittefaq.com.bd,2018-09-19 18:37:54,National,কুষ্টিয়ার সিনিয়র জুডিশিয়াল আদালতের বিচারক,Related,,1.0
4256,banglanews24.com,2018-09-22 19:53:37,Miscellaneous,কুয়েট,Related,,1.0
4258,bangla.bdnews24.com,2018-09-22 10:01:17,Sports,reporter,Related,,1.0
4259,somoynews.tv,2018-09-20 18:37:32,Technology,বিকাশ প্রতিষ্ঠানটি,Related,,1.0
4260,banglatribune.com,2018-09-20 18:05:23,National,ব্লগার ও অনলাইন অ্যাক্টিভিস্ট,Related,,1.0
4261,bd-pratidin.com,2018-09-22 21:32:30,International,Not Found,Related,,1.0
4262,channelionline.com,2018-09-21 12:37:53,International,কানাডার সংসদ,Related,,1.0
4263,somoynews.tv,2018-09-20 15:02:22,National,Reporter,Related,,1.0
4264,jagonews24.com,2018-09-20 17:48:31,Education,বিশ্ববিদ্যালয়ের কর্মকর্তা ও কর্মচারীরা,Related,,1.0
4265,bd24live.com,2018-09-20 16:39:41,National,ছোট পর্দার অভিনেত্রী সাফা কবির,Related,,1.0
4266,rtnn.net,2018-09-21 15:34:32,National,র‌্যাব-১১ এর অতিরিক্ত জ্যেষ্ঠ সহকারী পুলিশ সুপার,Related,,1.0
4267,banglatribune.com,2018-09-20 03:38:17,National,শ্রীমঙ্গল থানার ভারপ্রাপ্ত কর্মকর্তা,Related,,1.0
4268,channelionline.com,2018-09-22 09:37:19,National,reporter,Related,,1.0
4270,mzamin.com,2018-09-19 22:05:58,Editorial,National Assembly,Related,,1.0
4273,bd24live.com,2018-09-22 19:04:40,National,"পুলিশ ও স্থানীয় সূত্র,বুড়িচং থানার দেবপুর ফাঁড়ী ইনচার্জ",Related,,1.0
4274,kalerkantho.com,2018-09-19 23:50:04,Entertainment,Journalist,Related,,1.0
4276,banglanews24.com,2018-09-19 19:57:09,Miscellaneous,খুলনার সরকারি মহিলা কলেজের বাংলা বিভাগের প্রভাষক,Related,,1.0
4277,banglatribune.com,2018-09-20 10:53:47,National,রাজাপুর থানার ওসি,Related,,1.0
4278,banglanews24.com,2018-09-22 19:54:02,National,নাটোর সদর সার্কেলের সহকারী পুলিশ সুপার,Related,,1.0
4279,bangla.thereport24.com,2018-09-22 12:29:22,Finance,Reporter,Related,,1.0
4280,kalerkantho.com,2018-09-19 20:14:17,National,সরকারি দলের সদস্য মামুনুর রশীদ কিরন,Related,,1.0
4281,dhakatimes24.com,2018-09-19 22:14:18,National,ইসি সচিবালয়ের যুগ্মসচিব,Related,,1.0
4282,channelionline.com,2018-09-21 10:49:28,International,Not Found,Related,,1.0
4283,ittefaq.com.bd,2018-09-20 19:13:41,Education,বিশ্ববিদ্যালয় কর্তৃপক্ষ,Related,,1.0
4284,banglatribune.com,2018-09-22 01:13:29,National,reporter,Related,,1.0
4285,banglatribune.com,2018-09-22 15:43:52,Sports,অধিনায়ক,Related,,1.0
4286,independent24.com,2018-09-19 21:03:00,Politics,বিএনপি স্থায়ী কমিটির সদস্য,Related,,1.0
4288,mzamin.com,2018-09-23 21:29:30,Miscellaneous,আনন্দবাজার,Related,,1.0
4289,kalerkantho.com,2018-09-20 09:25:43,International,reporter,Related,,1.0
4290,jagonews24.com,2018-09-20 18:24:29,International,উত্তরপ্রদেশের স্বাস্থ্যমন্ত্রী,Related,,1.0
4292,jagonews24.com,2018-09-22 08:48:26,Finance,বিশ্বব্যাংকের প্রতিনিধি,Related,,1.0
4293,banglatribune.com,2018-09-20 16:16:40,National,"গণসংহতি আন্দোলনের প্রধান সমন্বয়কারী,ডিএমপি তেজগাঁও জোনের সহকারী কমিশনার",Related,,1.0
4294,mzamin.com,2018-09-19 22:41:13,Entertainment,Journalist,Related,,1.0
4295,kalerkantho.com,2018-09-19 22:02:32,Education,দেওয়ান তৌহিদ রহমান ও সালেহ মোহাম্মদ শাহরিয়ার,Related,,1.0
4296,kalerkantho.com,2018-09-21 17:14:11,International,গাবখান ধানসিঁড়ি ইউনিয়ন পরিষদের চেয়ারম্যান,Related,,1.0
4297,jagonews24.com,2018-09-20 11:12:24,International,Not Found,Related,,1.0
4298,somoynews.tv,2018-09-20 03:37:21,International,Not found,Related,,1.0
4299,risingbd.com,2018-09-20 19:04:48,Entertainment,Reporter,Related,,1.0
4301,banglanews24.com,2018-09-20 15:45:30,National,মন্ত্রিপরিষদ বিভাগের অতিরিক্ত সচিব,Related,,1.0
4303,banglatribune.com,2018-09-20 02:25:24,National,Reporter,Related,,1.0
4304,independent24.com,2018-09-22 08:24:55,National,আওয়ামী লীগের সাধারণ সম্পাদক,Related,,1.0
4305,dailynayadiganta.com,2018-09-20 14:50:24,National,নওগাঁর রাণীনগর উপজেলা নির্বাহী কর্মকর্তা ও ইউপি চেয়ারম্যান,Related,,1.0
4306,dhakatimes24.com,2018-09-19 22:50:49,Sports,reporter,Related,,1.0
4307,independent24.com,2018-09-23 21:06:20,International,Not Found,Related,,1.0
4308,ittefaq.com.bd,2018-09-22 15:01:54,National,লালমনিরহাট ১৫ বর্ডার গার্ড ব্যাটালিয়নের অধীন কাশিপুর ক্যাম্পের কোম্পানি কমান্ডার সুবেদার,Related,,1.0
4309,jagonews24.com,2018-09-21 14:12:37,International,সর্ব ইউরোপিয়ান আওয়ামী লীগের সাংগঠনিক সম্পাদক,Related,,1.0
4310,banglatribune.com,2018-09-19 22:54:59,International,বিবিসি বাংলা,Related,,1.0
4311,somoynews.tv,2018-09-19 19:14:32,National,Reporter,Related,,1.0
4312,bd-pratidin.com,2018-09-22 23:56:30,National,কেইম্যান কম্পাস,Related,,1.0
4313,dhakatimes24.com,2018-09-22 10:46:39,Sports,reporter,Related,,1.0
4314,somoynews.tv,2018-09-21 20:25:46,National,reporter,Related,,1.0
4316,dailynayadiganta.com,2018-09-19 19:38:46,National,reporter,Related,,1.0
4317,kalerkantho.com,2018-09-20 13:37:59,Entertainment,Not Found,Related,,1.0
4318,banglanews24.com,2018-09-22 00:14:40,Politics,আদালত,Related,,1.0
4319,risingbd.com,2018-09-21 06:27:41,Lifestyle,Reporter,Related,,1.0
4320,rtnn.net,2018-09-21 23:23:52,International,বিবিসি,Related,,1.0
4321,banglanews24.com,2018-09-19 18:40:54,Sports,Reporter,Related,,1.0
4322,dhakatimes24.com,2018-09-20 21:36:20,National,দৌলতপুর থানার ওসি,Related,,1.0
4323,banglanews24.com,2018-09-19 22:56:46,National,Reporter,Related,,1.0
4324,independent24.com,2018-09-22 13:15:10,Sports,reporter,Related,,1.0
4325,banglatribune.com,2018-09-21 16:52:40,International,Reporter,Related,,1.0
4326,independent24.com,2018-09-24 07:48:27,National,reporter,Related,,1.0
4327,banglanews24.com,2018-09-19 23:29:48,Politics,Reporter,Related,,1.0
4328,banglanews24.com,2018-09-22 13:21:11,Entertainment,reporter,Related,,1.0
4329,banglatribune.com,2018-09-22 10:19:35,Lifestyle,স্বাস্থ্য অধিদফতর সূত্র,Related,,1.0
4330,banglatribune.com,2018-09-22 13:58:08,International,টাইমস অব ইন্ডিয়া,Related,,1.0
4331,banglatribune.com,2018-09-20 18:05:25,National,স্বাস্থ্যমন্ত্রী,Related,,1.0
4332,rtnn.net,2018-09-23 16:48:52,International,reporter,Related,,1.0
4333,bangla.bdnews24.com,2018-09-20 11:49:25,Education,Reporter,Related,,1.0
4334,prothomalo.com,2018-09-21 12:25:52,International,reporter,Related,,1.0
4335,jugantor.com,2018-09-21 09:31:07,Editorial,Reporter,Related,,1.0
4337,kalerkantho.com,2018-09-22 16:38:23,International,দ্য গার্ডিয়ান,Related,,1.0
4338,kalerkantho.com,2018-09-21 01:01:58,International,পাবনার অতিরিক্ত পুলিশ সুপার,Related,,1.0
4339,banglanews24.com,2018-09-20 21:43:15,National,পানিসম্পদমন্ত্রী,Related,,1.0
4340,somoynews.tv,2018-09-20 18:02:45,National,Reporter,Related,,1.0
4342,banglanews24.com,2018-09-20 10:56:20,National,বিআইডব্লিউটিসি’র শিমুলিয়া ঘাট (বাণিজ্য),Related,,1.0
4343,jagonews24.com,2018-09-21 14:48:26,International,Reporter,Related,,1.0
4344,risingbd.com,2018-09-19 20:17:17,National,কুড়িগ্রাম পুলিশ সুপার,Related,,1.0
4346,banglatribune.com,2018-09-20 07:13:07,National,Reporter,Related,,1.0
4347,independent24.com,2018-09-22 18:40:23,National,Not Found,Related,,1.0
4349,dhakatimes24.com,2018-09-20 23:24:46,Sports,Reporter,Related,,1.0
4351,bd24live.com,2018-09-22 16:04:05,National,সিইসি,Related,,1.0
4352,bd24live.com,2018-09-20 18:28:00,National,শিমুলিয়া ঘাট ব্যবস্থাপক (বাণিজ্য),Related,,1.0
4353,somoynews.tv,2018-09-19 19:14:28,National,পুলিশ সুপার,Related,,1.0
4354,banglatribune.com,2018-09-21 08:25:41,Sports,Reporter,Related,,1.0
4355,banglatribune.com,2018-09-19 19:16:24,Miscellaneous,খালেদা জিয়ার আইনজীবী,Related,,1.0
4356,banglanews24.com,2018-09-20 10:56:36,National,Reporter,Related,,1.0
4357,jagonews24.com,2018-09-19 21:24:26,National,পূবাইল থানা পুলিশের ওসি,Related,,1.0
4359,risingbd.com,2018-09-22 13:40:04,Entertainment,reporter,Related,,1.0
4360,bangla.bdnews24.com,2018-09-20 10:37:29,National,প্রধানমন্ত্রী,Related,,1.0
4361,banglanews24.com,2018-09-22 15:13:51,National,গোপালগঞ্জ পুলিশের অতিরিক্ত পুলিশ সুপার (সদর সার্কেল),Related,,1.0
4362,banglanews24.com,2018-09-19 20:33:24,National,ঘাটাইল থানার ইন্সপেক্টর (তদন্ত),Related,,1.0
4363,dailynayadiganta.com,2018-09-20 09:26:06,Miscellaneous,জনপ্রশাসন মন্ত্রণালয়,Related,,1.0
4364,jugantor.com,2018-09-21 16:43:06,Editorial,বাংলাদেশ অধিনায়ক,Related,,1.0
4365,prothomalo.com,2018-09-21 18:25:53,International,"মাসুদ রেজা: অ্যারিজোনা, যুক্তরাষ্ট্র",Related,,1.0
4366,independent24.com,2018-09-24 22:52:39,National,reporter,Related,,1.0
4367,risingbd.com,2018-09-20 17:17:05,Miscellaneous,Reporter,Related,,1.0
4368,samakal.com,2018-09-20 20:14:01,National,শিক্ষামন্ত্রী,Related,,1.0
4369,jugantor.com,2018-09-19 22:09:15,Editorial,Reporter,Related,,1.0
4370,mzamin.com,2018-09-23 20:53:45,Miscellaneous,গণফোরাম সভাপতি,Related,,1.0
4371,samakal.com,2018-09-22 21:05:00,Politics,জাতীয় ঐক্য প্রক্রিয়া,Related,,1.0
4372,kalerkantho.com,2018-09-19 17:51:24,Crime,ব্যারিস্টার জ্যোতির্ময় বড়ুয়া,Related,,1.0
4374,jagonews24.com,2018-09-20 13:00:30,National,Reporter,Related,,1.0
4375,dhakatimes24.com,2018-09-22 13:49:23,National,থানার ভারপ্রাপ্ত কর্মকর্তা,Related,,1.0
4376,jugantor.com,2018-09-19 21:31:34,Editorial,কর্মশালায় ক্রাফের সভাপতি,Related,,1.0
4377,jagonews24.com,2018-09-19 22:00:30,National,reporter,Related,,1.0
4378,dhakatimes24.com,2018-09-20 11:23:28,Sports,reporter,Related,,1.0
4379,jagonews24.com,2018-09-19 13:38:00,Politics,স্বরাষ্ট্রমন্ত্রী,Related,,1.0
4380,jugantor.com,2018-09-20 20:20:03,Editorial,Reporter,Related,,1.0
4381,bd-pratidin.com,2018-09-19 19:06:03,Sports,Reporter,Related,,1.0
4382,mzamin.com,2018-09-20 23:16:28,Miscellaneous,journalist,Related,,1.0
4383,somoynews.tv,2018-09-21 10:14:11,Entertainment,reporter,Related,,1.0
4384,independent24.com,2018-09-23 09:39:43,Sports,reporter,Related,,1.0
4385,dailyjanakantha.com,2018-09-20 12:25:15,International,বিবিসি,Related,,1.0
4386,dailynayadiganta.com,2018-09-21 14:50:29,Politics,সাবেক প্রধান বিচারপতি,Related,,1.0
4387,banglanews24.com,2018-09-21 00:43:13,Education,অফিসার পরিষদের সাধারণ সম্পাদক,Related,,1.0
4388,dailyjanakantha.com,2018-09-20 19:01:13,National,দিনাজপুর বীরগঞ্জ থানার অফিসার্স ইনচার্জ,Related,,1.0
4390,bangla.thereport24.com,2018-09-21 17:17:30,Crime,সুপ্রিম কোর্ট বার অ্যাসোসিয়েশনের সভাপতি,Related,,1.0
4391,risingbd.com,2018-09-19 17:56:18,Entertainment,Reporter,Related,,1.0
4392,ittefaq.com.bd,2018-09-19 21:03:20,National,reporter,Related,,1.0
4393,dailynayadiganta.com,2018-09-22 17:14:59,National,পুলিশ,Related,,1.0
4394,dailynayadiganta.com,2018-09-22 16:02:28,Politics,"বাংলাদেশ বার কাউন্সিলের ভাইস চেয়ারম্যান ,বিএনপি মহাসচিব",Related,,1.0
4395,banglanews24.com,2018-09-22 16:18:04,International,বিশ্ব স্বাস্থ্য সংস্থার নতুন রিপোর্ট,Related,,1.0
4396,banglanews24.com,2018-09-23 04:50:49,National,জয়দেবপুর ফায়ার সার্ভিসের সিনিয়র স্টেশন অফিসার,Related,,1.0
4397,kalerkantho.com,2018-09-20 23:49:56,International,শিবচর থানার ওসি,Related,,1.0
4398,jugantor.com,2018-09-20 19:07:38,Editorial,দুদকের জনসংযোগ কর্মকর্তা,Related,,1.0
4401,bd24live.com,2018-09-21 20:51:40,National,৪৯ বর্ডার গার্ড ব্যাটালিয়নের অধিনায়ক,Related,,1.0
4402,risingbd.com,2018-09-21 09:28:16,Entertainment,reporter,Related,,1.0
4403,kalerkantho.com,2018-09-20 16:02:27,International,সড়ক ও জনপথ বিভাগ (সওজ),Related,,1.0
4404,banglanews24.com,2018-09-20 19:16:23,National,"চর মার্টিন ইউনিয়ন পরিষদের (ইউপি) চেয়ারম্যান,স্থানীয় হাজিরহাট তদন্ত কেন্দ্রের পুলিশ পরিদর্শক",Related,,1.0
4405,dhakatimes24.com,2018-09-20 16:46:09,International,সিনহুয়া,Related,,1.0
4406,bd24live.com,2018-09-19 17:54:44,National,সৌদি আরবের হজ মন্ত্রণালয়ের ওমরাহ বিভাগের সহকারী সচিব,Related,,1.0
4407,bangla.thereport24.com,2018-09-20 23:53:00,National,প্রধানমন্ত্রী,Related,,1.0
4408,channelionline.com,2018-09-22 19:50:38,Entertainment,reporter,Related,,1.0
4409,somoynews.tv,2018-09-19 21:39:00,National,Reporter,Related,,1.0
4411,ittefaq.com.bd,2018-09-20 10:15:52,Sports,Reporter,Related,,1.0
4412,jagonews24.com,2018-09-20 20:48:23,Politics,আওয়ামী লীগ সাধারণ সম্পাদক,Related,,1.0
4413,banglanews24.com,2018-09-22 12:10:12,National,মৎস্যজীবী ট্রলার মালিক সমিতির সভাপতি,Related,,1.0
4415,dhakatimes24.com,2018-09-22 17:23:44,National,কোটালীপাড়া থানার পরিদর্শক,Related,,1.0
4416,samakal.com,2018-09-22 17:25:56,National,মহালছড়ি সেনা জোনের অধিনায়ক,Related,,1.0
4417,bd-pratidin.com,2018-09-19 18:29:55,Entertainment,Reporter,Related,,1.0
4418,risingbd.com,2018-09-20 16:05:45,Politics,"ছাত্র ফেডারেশনের কেন্দ্রীয় কমিটির সদস্য, বাংলাদেশের কমিউনিস্ট পার্টির সভাপতি",Related,,1.0
4420,banglanews24.com,2018-09-20 01:51:52,National,"বাগেরহাটের নির্বাহী প্রকৌশলী,ক্ষতিগ্রস্ত স্থানীয় বাসিন্দা",Related,,1.0
4421,bangla.thereport24.com,2018-09-21 16:41:15,Editorial,বিবিসি,Related,,1.0
4423,independent24.com,2018-09-24 11:31:47,National,reporter,Related,,1.0
4424,banglatribune.com,2018-09-20 06:37:11,Sports,Reporter,Related,,1.0
4425,samakal.com,2018-09-23 16:51:06,National,টিআইবি,Related,,1.0
4426,channelionline.com,2018-09-22 19:50:37,Sports,টুইটার,Related,,1.0
4427,risingbd.com,2018-09-21 11:52:12,National,থানার অফিসার ইনচার্জ,Related,,1.0
4428,prothomalo.com,2018-09-21 11:49:27,Sports,reporter,Related,,1.0
4429,bangla.bdnews24.com,2018-09-19 19:37:33,Miscellaneous,Reporter,Related,,1.0
4430,ittefaq.com.bd,2018-09-21 11:27:17,International,reporter,Related,,1.0
4431,independent24.com,2018-09-22 18:40:22,International,জুবাল ও সোয়ারা পুলিশ বিভাগ,Related,,1.0
4432,bd-pratidin.com,2018-09-21 20:17:53,National,নওগাঁ সদর থানার অফিসার্স ইনচার্জ,Related,,1.0
4434,banglanews24.com,2018-09-22 23:36:02,Sports,reporter,Related,,1.0
4437,dailynayadiganta.com,2018-09-22 19:38:40,National,reporter,Related,,1.0
4438,bd24live.com,2018-09-20 08:15:05,National,Reporter,Related,,1.0
4439,ittefaq.com.bd,2018-09-20 12:39:57,International,পর্ণ তারকা,Related,,1.0
4440,dailynayadiganta.com,2018-09-22 12:26:34,Politics,আইনমন্ত্রী,Related,,1.0
4441,jagonews24.com,2018-09-20 13:36:26,Lifestyle,Reporter,Related,,1.0
4442,dailyjanakantha.com,2018-09-20 11:49:08,Sports,reporter,Related,,1.0
4443,samakal.com,2018-09-22 10:48:33,Entertainment,বলিউড সুন্দরী কারিনা কাপুর খান,Related,,1.0
4444,dhakatimes24.com,2018-09-19 18:35:13,National,পুলিশের গিভেন্সী ক্যাম্পের পরিদর্শক,Related,,1.0
4445,banglanews24.com,2018-09-22 09:41:44,International,Reporter,Related,,1.0
4447,bangla.bdnews24.com,2018-09-21 12:25:23,Sports,Reporter,Related,,1.0
4448,banglanews24.com,2018-09-22 15:13:50,Politics,বাংলানিউজ,Related,,1.0
4450,risingbd.com,2018-09-21 16:40:16,Crime,Reporter,Related,,1.0
4451,jagonews24.com,2018-09-19 21:24:26,National,পূবাইল থানা পুলিশের ওসি,Related,,1.0
4452,bd24live.com,2018-09-19 19:04:05,National,Reporter,Related,,1.0
4453,rtnn.net,2018-09-21 07:44:42,International,জাতিসংঘের তদন্তকারী মারজুকি দারুসমান,Related,,1.0
4455,bangla.thereport24.com,2018-09-22 13:41:17,Politics,বিএনপির সিনিয়র যুগ্ম মহাসচিব,Related,,1.0
4456,bangla.bdnews24.com,2018-09-19 20:49:26,National,নিজাম উদ্দিন,Related,,1.0
4457,rtnn.net,2018-09-24 11:24:19,Politics,নিজস্ব প্রতিবেদক আরটিএনএন ঢাকা,Related,,1.0
4458,somoynews.tv,2018-09-20 13:50:44,Sports,reporter,Related,,1.0
4459,bangla.bdnews24.com,2018-09-20 23:49:23,National,Reporter,Related,,1.0
4460,bangla.bdnews24.com,2018-09-21 07:01:31,Sports,মাশরাফি,Related,,1.0
4461,prothomalo.com,2018-09-19 22:02:13,International,reporter,Related,,1.0
4462,prothomalo.com,2018-09-20 13:01:30,National,সিলেট আন্তর্জাতিক বিমানবন্দরের কাস্টমস বিভাগের রাজস্ব কর্মকর্,Related,,1.0
4463,kalerkantho.com,2018-09-22 11:13:59,International,প্রধানমন্ত্রী,Related,,1.0
4464,dailyjanakantha.com,2018-09-20 15:25:11,National,চাপলী বাজার ব্যবসায়ী সমিতির সভাপতি,Related,,1.0
4465,prothomalo.com,2018-09-21 11:13:49,Miscellaneous,reporter,Related,,1.0
4466,risingbd.com,2018-09-19 19:04:37,Sports,Reporter,Related,,1.0
4467,bangla.bdnews24.com,2018-09-22 17:49:24,National,"শ্রীপুর উপজেলা স্বাস্থ্য কমপ্লেক্সের চিকিৎসক,ওসি",Related,,1.0
4468,risingbd.com,2018-09-22 10:03:32,Miscellaneous,গ্রানমা,Related,,1.0
4469,banglatribune.com,2018-09-19 20:31:11,Politics,"বিএনপির স্থায়ী কমিটির সদস্য,বিএনপির মহাসচিব ,যুক্তফ্রন্টের একজন নেতা",Related,,1.0
4471,jagonews24.com,2018-09-22 01:00:29,Sports,বিসিবি,Related,,1.0
4472,jugantor.com,2018-09-22 11:54:12,Editorial,reporter,Related,,1.0
4473,banglanews24.com,2018-09-20 12:07:37,Sports,Reporter,Related,,1.0
4474,banglatribune.com,2018-09-21 01:52:00,National,তথ্যমন্ত্রী ও জাসদ সভাপতি,Related,,1.0
4476,dailyjanakantha.com,2018-09-21 23:13:30,National,reporter,Related,,1.0
4477,jugantor.com,2018-09-20 10:43:14,Editorial,"এলাকাবাসী,দোহার থানার পরিদর্শক (তদন্ত)",Related,,1.0
4478,dailyjanakantha.com,2018-09-22 11:48:55,National,reporter,Related,,1.0
4479,bangla.thereport24.com,2018-09-21 13:41:01,National,নানিয়ারচর থানার উপপরিদর্শক (এসআই),Related,,1.0
4480,banglatribune.com,2018-09-20 10:17:36,National,"বিজিবির সুবেদার,মাধবপুর থানার ওসি",Related,,1.0
4482,dhakatimes24.com,2018-09-20 22:49:20,National,হেফাজতের আমির,Related,,1.0
4483,rtnn.net,2018-09-24 11:24:22,National,নিজস্ব প্রতিনিধি আরটিএনএন দিনাজপুর,Related,,1.0
4484,kalerkantho.com,2018-09-20 00:25:58,International,ঢাকা জেলা উত্তর গোয়েন্দা পুলিশের উপ-পরিদর্শক (এসআই) নজরুল ইসলাম,Related,,1.0
4485,bd-pratidin.com,2018-09-22 08:16:58,Sports,reporter,Related,,1.0
4487,ittefaq.com.bd,2018-09-20 14:28:43,Crime,আদালত,Related,,1.0
4488,bd24live.com,2018-09-22 14:15:38,International,বিডি২৪লাইভ/এমআর,Related,,1.0
4490,kalerkantho.com,2018-09-21 20:49:56,Miscellaneous,অ্যান্টনি টোরেসের ভিডিও,Related,,1.0
4491,independent24.com,2018-09-23 00:15:17,National,দক্ষিণ সিটি মেয়র,Related,,1.0
4492,jagonews24.com,2018-09-20 13:00:32,Lifestyle,Reporter,Related,,1.0
4493,samakal.com,2018-09-20 01:12:28,National,Reporter,Related,,1.0
4494,channelionline.com,2018-09-21 13:13:50,Entertainment,নির্মাতা,Related,,1.0
4495,jugantor.com,2018-09-20 15:33:11,Editorial,ময়নামতি হাইওয়ে থানার ওসি,Related,,1.0
4496,bangla.thereport24.com,2018-09-20 00:29:21,National,"ত্রিপুরার পরিবহনমন্ত্রী,আঞ্চলিক ভূরাজনীতির বিশেষজ্ঞ",Related,,1.0
4497,bangla.thereport24.com,2018-09-21 13:05:18,Sports,Reporter,Related,,1.0
4498,bangla.bdnews24.com,2018-09-21 08:13:09,Sports,Reporter,Related,,1.0
4499,somoynews.tv,2018-09-19 18:18:32,Sports,Reporter,Related,,1.0
4501,prothomalo.com,2018-09-20 20:13:51,National,reporter,Related,,1.0
4502,dhakatimes24.com,2018-09-21 14:59:25,Education,reporter,Related,,1.0
4504,risingbd.com,2018-09-20 13:40:31,Entertainment,ভারতীয় একটি সংবাদমাধ্যম,Related,,1.0
4505,dhakatimes24.com,2018-09-22 16:52:22,Editorial,Reporter,Related,,1.0
4507,bangla.thereport24.com,2018-09-23 17:17:37,International,পররাষ্ট্র মন্ত্রণালয়ের মুখপাত্র রাভেস কুমার,Related,,1.0
4508,somoynews.tv,2018-09-22 13:54:32,National,বাণিজ্যমন্ত্রী,Related,,1.0
4510,dailyjanakantha.com,2018-09-20 11:49:05,International,অ্যামনেস্টি ইন্টারন্যাশনাল,Related,,1.0
4513,jugantor.com,2018-09-22 13:43:24,Editorial,ফারস নিউজ,Related,,1.0
4514,dailyjanakantha.com,2018-09-22 13:37:03,Sports,আনন্দবাজার পত্রিকা,Related,,1.0
4515,ittefaq.com.bd,2018-09-20 20:15:41,National,Reporter,Related,,1.0
4516,banglatribune.com,2018-09-21 13:14:57,National,reporter,Related,,1.0
4517,banglatribune.com,2018-09-21 14:34:12,National,থানার ভারপ্রাপ্ত কর্মকর্তা,Related,,1.0
4518,kalerkantho.com,2018-09-20 13:38:00,International,কোটালীপাড়া থানার পরিদর্শক,Related,,1.0
4519,banglanews24.com,2018-09-23 08:27:48,National,পুলিশ সুপার,Related,,1.0
4520,jugantor.com,2018-09-19 18:31:24,Editorial,ভাগলপুর জহুরুল ইসলাম মেডিকেল কলেজ হাসপাতালের  চিকিৎসক,Related,,1.0
4521,bangla.bdnews24.com,2018-09-20 15:26:02,Politics,আওয়ামী লীগের সাধারণ সম্পাদক,Related,,1.0
4522,somoynews.tv,2018-09-19 20:26:48,National,জাতীয় পার্টির চেয়ারম্যান,Related,,1.0
4523,jagonews24.com,2018-09-19 17:48:21,Crime,সুপ্রিম কোর্টের হাইকোর্ট বিভাগের বিচারপতি,Related,,1.0
4524,jagonews24.com,2018-09-19 11:44:00,National,সংসদীয় কমিটি,Related,,1.0
4525,dhakatimes24.com,2018-09-20 16:12:52,International,সিনহুয়া,Related,,1.0
4526,kalerkantho.com,2018-09-20 16:37:54,Politics,হুসেইন মুহম্মদ এরশাদ,Related,,1.0
4528,prothomalo.com,2018-09-21 23:50:51,National,বিজিবি,Related,,1.0
4530,bd24live.com,2018-09-19 20:52:11,International,Reporter,Related,,1.0
4531,bangla.thereport24.com,2018-09-23 12:30:05,National,Reporter,Related,,1.0
4532,dailyjanakantha.com,2018-09-22 11:48:55,National,পুলিশ,Related,,1.0
4533,banglanews24.com,2018-09-21 09:08:58,National,মাধবপুরের মহিউদ্দিন,Related,,1.0
4534,channelionline.com,2018-09-21 18:37:08,Sports,Reporter,Related,,1.0
4535,dailyjanakantha.com,2018-09-22 16:37:03,National,reporter,Related,,1.0
4536,samakal.com,2018-09-21 13:13:17,National,Reporter,Related,,1.0
4537,channelionline.com,2018-09-23 17:25:44,Technology,reporter,Related,,1.0
4538,independent24.com,2018-09-24 00:48:41,National,reporter,Related,,1.0
4539,jugantor.com,2018-09-19 21:31:37,Editorial,Reporter,Related,,1.0
4540,kalerkantho.com,2018-09-21 17:49:52,Sports,reporter,Related,,1.0
4541,risingbd.com,2018-09-22 13:04:39,National,নিজস্ব প্রতিবেদক,Related,,1.0
4542,independent24.com,2018-09-24 15:21:29,National,reporter,Related,,1.0
4543,banglanews24.com,2018-09-20 03:03:57,Entertainment,Reporter,Related,,1.0
4544,banglatribune.com,2018-09-20 08:25:43,Sports,ক্রিকইনফো,Related,,1.0
4545,ittefaq.com.bd,2018-09-22 12:01:48,International,স্থানীয় গণমাধ্যম,Related,,1.0
4546,banglatribune.com,2018-09-20 18:07:52,Miscellaneous,নিরাপদ খাদ্য কর্তৃপক্ষের চেয়ারম্যান,Related,,1.0
4547,samakal.com,2018-09-19 19:50:26,National,প্রধানমন্ত্রী,Related,,1.0
4548,bangla.bdnews24.com,2018-09-21 14:13:29,National,পুলিশ কর্মকর্তা,Related,,1.0
4549,channelionline.com,2018-09-19 19:50:37,Technology,স্যামসাং বাংলাদেশের হেড অব বিজনেস (সিই এন্ড আইটি),Related,,1.0
4550,risingbd.com,2018-09-20 14:52:30,National,বাসস,Related,,1.0
4551,banglanews24.com,2018-09-20 07:15:03,National,Reporter,Related,,1.0
4552,ittefaq.com.bd,2018-09-22 12:01:47,National,থানার ওসি,Related,,1.0
4554,somoynews.tv,2018-09-21 10:49:41,National,reporter,Related,,1.0
4555,samakal.com,2018-09-22 22:18:35,Sports,reporter,Related,,1.0
4556,banglatribune.com,2018-09-21 17:29:46,Entertainment,চিত্রনায়িকা অপু বিশ্বাস,Related,,1.0
4557,somoynews.tv,2018-09-22 00:38:03,Sports,বাংলাদেশ ভলিবল দলের কোচ,Related,,1.0
4558,banglanews24.com,2018-09-20 13:58:43,National,Reporter,Related,,1.0
4559,bd24live.com,2018-09-19 17:54:49,National,Reporter,Related,,1.0
4560,samakal.com,2018-09-21 22:13:21,Miscellaneous,reporter,Related,,1.0
4561,dailyjanakantha.com,2018-09-21 13:01:23,Entertainment,সোশ্যাল মিডিয়ায়,Related,,1.0
4563,bd24live.com,2018-09-22 20:52:53,National,reporter,Related,,1.0
4564,kalerkantho.com,2018-09-20 17:50:57,Finance,বাংলাদেশ হাউস বিল্ডিং ফাইন্যান্স করপোরেশন (বিএইচবিএফসি),Related,,1.0
4565,dailynayadiganta.com,2018-09-21 19:02:37,Politics,reporter,Related,,1.0
4566,kalerkantho.com,2018-09-19 17:51:26,Entertainment,ডিএনএ,Related,,1.0
4567,risingbd.com,2018-09-19 18:28:32,Crime,Reporter,Related,,1.0
4569,mzamin.com,2018-09-24 10:03:53,National,reporter,Related,,1.0
4570,dailynayadiganta.com,2018-09-20 16:03:23,Sports,Not Found,Related,,1.0
4571,prothomalo.com,2018-09-21 09:25:40,Technology,দ্য গার্ডিয়ান,Related,,1.0
4573,bangla.thereport24.com,2018-09-22 13:41:19,National,Reporter,Related,,1.0
4574,banglanews24.com,2018-09-22 09:41:45,Sports,Reporter,Related,,1.0
4575,samakal.com,2018-09-23 15:39:52,National,প্রকৌশল শাখার কর্মকর্তারা,Related,,1.0
4577,banglanews24.com,2018-09-22 19:52:52,Miscellaneous,বিএনপির মহাসচিব,Related,,1.0
4578,jagonews24.com,2018-09-21 14:48:27,National,কাটাখালি থানার ভারপ্রাপ্ত কর্মকর্তা,Related,,1.0
4579,banglanews24.com,2018-09-22 16:59:14,National,থানার ভারপ্রাপ্ত কর্মকর্তা,Related,,1.0
4580,somoynews.tv,2018-09-19 18:18:20,Sports,বিসিবি,Related,,1.0
4581,jugantor.com,2018-09-19 22:44:55,Editorial,দ্য সান,Related,,1.0
4582,kalerkantho.com,2018-09-19 17:51:32,Editorial,পুলিশ তদন্ত কেন্দ্রের উপ-পরিদর্শক (এসআই) মজিবুর রহমান,Related,,1.0
4583,bangla.thereport24.com,2018-09-24 13:06:54,National,ঢাকা দক্ষিণ সিটি করপোরেশন (ডিএসসিসি)-এর মেয়র,Related,,1.0
4584,banglanews24.com,2018-09-21 18:39:56,National,প্রধানমন্ত্রী,Related,,1.0
4585,mzamin.com,2018-09-19 22:05:56,National,দৈনিক প্রথম আলো,Related,,1.0
4586,mzamin.com,2018-09-20 23:52:13,Entertainment,Journalist,Related,,1.0
4588,jugantor.com,2018-09-20 22:44:24,Editorial,হোসেনপুর সার্কেলের অতিরিক্ত পুলিশ সুপার,Related,,1.0
4589,dailynayadiganta.com,2018-09-20 19:03:04,Sports,Reporter,Related,,1.0
4590,bangla.thereport24.com,2018-09-20 01:40:08,Finance,মিডিয়া এনালিস্ট কোম্পানি 'এনডার্স অ্যানালাইস'.বস্টনের নর্থওয়েস্টার্ন বিশ্ববিদ্যালয়ের সাংবাদিকতার অধ্যাপক,Related,,1.0
4592,dhakatimes24.com,2018-09-19 19:48:46,Sports,reporter,Related,,1.0
4593,banglanews24.com,2018-09-19 21:06:20,National,কুষ্টিয়া আদালতের জিআরও শাখার উপ পরিদর্শক,Related,,1.0
4594,dhakatimes24.com,2018-09-21 11:23:44,Miscellaneous,reporter,Related,,1.0
4595,jugantor.com,2018-09-20 21:31:46,Editorial,Reporter,Related,,1.0
4596,ittefaq.com.bd,2018-09-21 09:38:18,National,reporter,Related,,1.0
4597,banglanews24.com,2018-09-19 22:20:37,Politics,হুসেইন মুহম্মদ এরশাদ,Related,,1.0
4598,banglanews24.com,2018-09-22 21:09:27,National,Reporter,Related,,1.0
4599,dailynayadiganta.com,2018-09-20 13:02:39,International,Not Found,Related,,1.0
4600,prothomalo.com,2018-09-21 19:01:49,International,বিবিসি,Related,,1.0
4601,ittefaq.com.bd,2018-09-19 18:19:59,National,reporter,Related,,1.0
4602,dailyjanakantha.com,2018-09-22 17:48:55,National,যুক্তফ্রন্ট নেতা,Related,,1.0
4603,bd24live.com,2018-09-20 16:39:43,National,বাংলাদেশ ও পাকিস্তানে নিযুক্ত যুক্তরাষ্ট্রের সাবেক রাষ্ট্রদূত,Related,,1.0
4604,kalerkantho.com,2018-09-22 16:02:02,International,তানোর থানার ওসি,Related,,1.0
4606,banglanews24.com,2018-09-20 19:16:11,Politics,আওয়ামী লীগের যুগ্ম-সাধারণ সম্পাদক আবদুর রহমান,Related,,1.0
4607,dailyjanakantha.com,2018-09-21 11:13:24,National,বাসন থানার ওসি,Related,,1.0
4608,ittefaq.com.bd,2018-09-22 14:27:33,International,বাসস ও ডেক্কান হেরাল্ড,Related,,1.0
4609,risingbd.com,2018-09-20 17:53:13,National,কোটালীপাড়া উপজেলা নির্বাহী কর্মকর্তা,Related,,1.0
4611,independent24.com,2018-09-23 23:32:05,International,Not Found,Related,,1.0
4612,bangla.thereport24.com,2018-09-20 10:40:59,Lifestyle,Reporter,Related,,1.0
4613,banglanews24.com,2018-09-21 12:46:42,National,নৌ পরিবহন মন্ত্রী,Related,,1.0
4614,kalerkantho.com,2018-09-20 20:14:07,National,বার্ন উইনিটের বিভাগীয় প্রধান অধ্যাপক ডা. সাজ্জাদ।,Related,,1.0
4615,kalerkantho.com,2018-09-20 01:02:04,International,ওসি আলমগীর হোসেন,Related,,1.0
4616,bangla.thereport24.com,2018-09-22 01:03:56,Sports,Reporter,Related,,1.0
4619,ittefaq.com.bd,2018-09-19 21:39:36,National,reporter,Related,,1.0
4620,samakal.com,2018-09-22 23:31:10,Politics,সড়ক পরিবহন ও সেতুমন্ত্রী,Related,,1.0
4621,dailynayadiganta.com,2018-09-20 17:51:36,Politics,জাতীয় পার্টির চেয়ারম্যান,Related,,1.0
4622,mzamin.com,2018-09-23 14:54:01,Miscellaneous,খন্দকার মাহবুব হোসেন,Related,,1.0
4623,somoynews.tv,2018-09-19 18:18:00,Sports,কিংবদন্তি ফাস্ট বোলার,Related,,1.0
4624,banglanews24.com,2018-09-21 00:43:14,National,Reporter,Related,,1.0
4625,bd24live.com,2018-09-21 14:51:46,Politics,সংসদ সদস্য,Related,,1.0
4626,banglatribune.com,2018-09-22 13:58:07,Lifestyle,"বিএসএমএমইউ’র ইউরোলজি বিভাগের অধ্যাপক,চলচ্চিত্র পরিচালক",Related,,1.0
4627,bangla.thereport24.com,2018-09-23 13:41:28,Education,জগন্নাথ হলের প্রাধ্যক্ষ,Related,,1.0
4629,dhakatimes24.com,2018-09-20 13:47:49,Sports,Reporter,Related,,1.0
4630,channelionline.com,2018-09-22 18:40:12,National,reporter,Related,,1.0
4631,bangla.thereport24.com,2018-09-21 17:53:21,Crime,আদালত,Related,,1.0
4632,jugantor.com,2018-09-21 19:44:44,Editorial,লাঙ্গলকোট থানার ওসি,Related,,1.0
4633,bangla.thereport24.com,2018-09-21 17:53:21,Crime,Reporter,Related,,1.0
4634,banglanews24.com,2018-09-19 21:06:12,National,বন্দর থানার উপ-পরিদর্শক (এসআই),Related,,1.0
4635,bd24live.com,2018-09-22 17:51:44,National,Not Found,Related,,1.0
4636,somoynews.tv,2018-09-19 18:15:55,National,বিএনপির সিনিয়র যুগ্ম মহাসচিব,Related,,1.0
4637,dailynayadiganta.com,2018-09-22 13:38:29,Sports,reporter,Related,,1.0
4639,bangla.bdnews24.com,2018-09-19 23:49:29,Politics,"খালেদা জিয়ার আইনজীবী,কেন্দ্রীয় কারাগারের জেলার",Related,,1.0
4640,somoynews.tv,2018-09-19 18:16:57,National,র‍্যাব-৫,Related,,1.0
4641,prothomalo.com,2018-09-22 16:38:05,National,চাম্বল বাংলাবাজার ট্রলার মালিক সমিতির,Related,,1.0
4642,somoynews.tv,2018-09-20 10:15:20,National,বুয়েটের সড়ক দুর্ঘটনা গবেষণা ইন্সটিটিউটের সহকারী অধ্যাপক,Related,,1.0
4643,prothomalo.com,2018-09-21 21:25:53,Sports,reporter,Related,,1.0
4644,jugantor.com,2018-09-22 13:07:47,Editorial,আনন্দবাজারপত্রিকা অনলাইনের,Related,,1.0
4645,prothomalo.com,2018-09-21 23:14:16,Sports,ফ্রেঞ্চ সংবাদমাধ্যম,Related,,1.0
4646,channelionline.com,2018-09-21 18:37:06,National,আখাউড়া রেলওয়ে থানা পুলিশের ভারপ্রাপ্ত কর্মকর্তা,Related,,1.0
4647,independent24.com,2018-09-20 00:04:01,International,Not Found,Related,,1.0
4648,kalerkantho.com,2018-09-19 23:50:11,National,reporter,Related,,1.0
4649,channelionline.com,2018-09-21 20:25:38,Crime,পল্লবী থানার ভারপ্রাপ্ত কর্মকর্তা (ওসি),Related,,1.0
4650,prothomalo.com,2018-09-21 16:01:40,National,নাঙ্গলকোট থানার ভারপ্রাপ্ত কর্মকর্তা (ওসি),Related,,1.0
4651,jugantor.com,2018-09-22 11:54:10,Editorial,reporter,Related,,1.0
4652,banglanews24.com,2018-09-20 21:06:50,National,কামতাল তদন্ত কেন্দ্রের ইনচার্জ,Related,,1.0
4653,dailyjanakantha.com,2018-09-21 12:25:11,International,যুক্তরাষ্ট্রে অপরাধ দমন শাখা তাদের প্রকাশিত রিপোর্ট,Related,,1.0
4654,bd24live.com,2018-09-20 21:28:35,National,পানি উন্নয়ন ঢাকা বোর্ডের প্রধান প্রকৌশলী,Related,,1.0
4655,jagonews24.com,2018-09-20 11:12:28,Sports,reporter,Related,,1.0
4656,risingbd.com,2018-09-20 16:40:13,Politics,বাম গণতান্ত্রিক জোটের নেতা,Related,,1.0
4657,banglanews24.com,2018-09-23 11:32:04,National,reporter,Related,,1.0
4659,bd-pratidin.com,2018-09-22 23:56:29,Entertainment,অমিতাভ,Related,,1.0
4661,bangla.thereport24.com,2018-09-23 14:55:52,International,কাতারভিত্তিক সংবাদমাধ্যম আলজাজিরা,Related,,1.0
4662,samakal.com,2018-09-21 21:00:40,Sports,reporter,Related,,1.0
4663,dailynayadiganta.com,2018-09-22 12:26:33,National,পুলিশ,Related,,1.0
4664,jagonews24.com,2018-09-20 11:12:25,Sports,reporter,Related,,1.0
4666,jugantor.com,2018-09-22 10:06:29,Editorial,উজিরপুর মডেল থানার ওসি,Related,,1.0
4667,kalerkantho.com,2018-09-21 16:38:04,National,নৌ-পরিবহণ মন্ত্রী,Related,,1.0
4668,risingbd.com,2018-09-21 16:40:17,Finance,Reporter,Related,,1.0
4669,bangla.bdnews24.com,2018-09-21 12:25:24,Miscellaneous,টেলিভিশন ও চলচ্চিত্রের অভিনেতা আফজাল শরীফ,Related,,1.0
4670,channelionline.com,2018-09-19 21:02:36,Sports,আফগানিস্তান স্পিনার রশিদ খান,Related,,1.0
4671,banglatribune.com,2018-09-21 16:52:15,National,হাকিমপুর থানার ভারপ্রাপ্ত কর্মকর্তা,Related,,1.0
4672,banglatribune.com,2018-09-23 15:53:40,Politics,reporter,Related,,1.0
4674,banglanews24.com,2018-09-21 03:03:56,Politics,বিশ্ববিদ্যালয় শাখা ছাত্রলীগের সভাপতি,Related,,1.0
4675,samakal.com,2018-09-20 01:13:02,National,Reporter,Related,,1.0
4676,banglanews24.com,2018-09-19 20:33:59,International,পাকিস্তান তেহরিক-ই-ইনসাফ (পিটিআই),Related,,1.0
4677,mzamin.com,2018-09-22 07:03:20,Sports,Journalist,Related,,1.0
4678,banglanews24.com,2018-09-20 19:16:21,Education,ঢাবি উপাচার্য,Related,,1.0
4679,bd-pratidin.com,2018-09-20 13:42:01,Entertainment,অভিনেত্রী,Related,,1.0
4680,dailynayadiganta.com,2018-09-19 17:52:46,Sports,reporter,Related,,1.0
4681,bd24live.com,2018-09-20 11:51:57,Editorial,Reporter,Related,,1.0
4683,banglanews24.com,2018-09-22 03:37:57,National,ফায়ার স্টেশনের উপ-সহকারী পরিচালক,Related,,1.0
4685,channelionline.com,2018-09-20 22:52:12,Finance,অর্থমন্ত্রী,Related,,1.0
4686,jagonews24.com,2018-09-20 14:48:27,Editorial,রিহ্যাব প্রেসিডেন্ট আলমগীর শামসুল আলামিন,Related,,1.0
4687,somoynews.tv,2018-09-21 13:13:56,International,টাইমস অব ইন্ডিয়া,Related,,1.0
4688,banglatribune.com,2018-09-22 12:07:00,National,"সূত্র: ইন্ডিপেনডেন্ট, পার্স টুডে।",Related,,1.0
4689,kalerkantho.com,2018-09-21 15:25:58,International,Reporter,Related,,1.0
4690,somoynews.tv,2018-09-21 00:39:27,Technology,বিরোধীদলীয় নেতা,Related,,1.0
4691,ittefaq.com.bd,2018-09-22 17:27:57,Politics,তথ্য প্রতিমন্ত্রী,Related,,1.0
4692,bd24live.com,2018-09-21 17:15:51,Politics,বিএনপি হাসচিব মির্জা,Related,,1.0
4693,banglatribune.com,2018-09-20 13:53:52,International,সেভ দ্য চিলড্রেন,Related,,1.0
4694,dailynayadiganta.com,2018-09-21 11:14:37,Miscellaneous,সংসদ সচিবালয়ের সংশ্লিষ্ট কর্মকর্তারা,Related,,1.0
4695,risingbd.com,2018-09-21 14:16:14,National,reporter,Related,,1.0
4697,somoynews.tv,2018-09-20 14:28:21,Sports,Reporter,Related,,1.0
4698,jagonews24.com,2018-09-19 12:15:00,Education,ইসলামী বিশ্ববিদ্যালয়ের প্রক্টর,Related,,1.0
4699,ittefaq.com.bd,2018-09-21 21:40:24,National,যশোর-২  আসনের সংসদ সদস্য অ্যাডভোকেট,Related,,1.0
4700,banglatribune.com,2018-09-21 18:38:25,National,reporter,Related,,1.0
4702,independent24.com,2018-09-20 15:02:29,National,ডন,Related,,1.0
4703,somoynews.tv,2018-09-22 16:54:42,International,reporter,Related,,1.0
4705,bangla.bdnews24.com,2018-09-21 15:25:36,National,চট্টগ্রাম বিভাগীয় কার্যালয়ের উপ-সহকারী পরিচালক,Related,,1.0
4706,bangla.thereport24.com,2018-09-23 17:17:35,International,রয়টার্স,Related,,1.0
4707,ittefaq.com.bd,2018-09-20 21:03:52,Technology,Reporter,Related,,1.0
4708,kalerkantho.com,2018-09-21 08:13:34,International,খারুয়া ইউনিয়ন পরিষদের চেয়ারম্যান,Related,,1.0
4709,ittefaq.com.bd,2018-09-21 02:25:22,National,উপজেলা মাধ্যমিক শিক্ষা অফিসার,Related,,1.0
4710,jagonews24.com,2018-09-20 19:00:36,Education,বিশ্ববিদ্যালয় প্রশাসন,Related,,1.0
4711,bd24live.com,2018-09-21 16:03:50,Finance,reporter,Related,,1.0
4712,independent24.com,2018-09-22 10:49:22,Sports,reporter,Related,,1.0
4713,banglatribune.com,2018-09-21 16:52:45,Lifestyle,Reporter,Related,,1.0
4714,somoynews.tv,2018-09-22 12:00:28,National,reporter,Related,,1.0
4715,risingbd.com,2018-09-20 14:16:38,National,Reporter,Related,,1.0
4716,mzamin.com,2018-09-19 22:05:56,National,স্বেচ্ছাসেবক দুর্জয়,Related,,1.0
4717,somoynews.tv,2018-09-20 20:15:02,Sports,Reporter,Related,,1.0
4718,dhakatimes24.com,2018-09-19 21:36:13,National,প্রধানমন্ত্রী,Related,,1.0
4719,prothomalo.com,2018-09-20 17:50:46,National,নড়াইল সদর থানার ভারপ্রাপ্ত কর্মকর্তা (ওসি),Related,,1.0
4720,dhakatimes24.com,2018-09-19 22:14:01,National,কেন্দুয়া থানা ওসি,Related,,1.0
4722,prothomalo.com,2018-09-21 18:25:56,Sports,reporter,Related,,1.0
4723,banglanews24.com,2018-09-20 05:26:45,National,বাংলাদেশ পানি উন্নয়ন বোর্ডের বন্যা পূর্বাভাস ও সতর্কীকরণ কেন্দ্র,Related,,1.0
4724,somoynews.tv,2018-09-19 18:18:46,National,Reporter,Related,,1.0
4725,bangla.bdnews24.com,2018-09-22 13:01:31,Sports,reporter,Related,,1.0
4726,jagonews24.com,2018-09-21 20:12:27,Sports,reporter,Related,,1.0
4727,somoynews.tv,2018-09-20 03:37:21,Education,Reporter,Related,,1.0
4728,jugantor.com,2018-09-20 19:07:31,Editorial,ধর্মঘর ইউনিয়ন ছাত্রদলের যুগ্ম আহ্বায়ক,Related,,1.0
4729,dhakatimes24.com,2018-09-22 15:35:32,National,প্রধান নির্বাচন কমিশনার (সিইসি),Related,,1.0
4730,bangla.thereport24.com,2018-09-20 10:41:05,Crime,শুল্ক গোয়েন্দা ও তদন্ত অধিদফতরের এক প্রেস বিজ্ঞপ্তি,Related,,1.0
4731,mzamin.com,2018-09-20 21:28:46,National,Journalist,Related,,1.0
4732,independent24.com,2018-09-20 22:15:57,National,ফায়ার সার্ভিস,Related,,1.0
4733,banglanews24.com,2018-09-20 10:56:24,Technology,বাংলাদেশ টেলিযোগাযোগ নিয়ন্ত্রণ কমিশন (বিটিআরসি),Related,,1.0
4734,bangla.thereport24.com,2018-09-24 10:41:57,National,সীতাকুণ্ড হাইওয়ে পুলিশের অফিসার ইনচার্জ (ওসি),Related,,1.0
4735,dailynayadiganta.com,2018-09-20 10:02:11,Miscellaneous,আওয়ামী লীগের যুগ্ম সাধারণ সম্পাদক,Related,,1.0
4736,bangla.bdnews24.com,2018-09-21 14:13:28,National,থানার ওসি,Related,,1.0
4737,dailyjanakantha.com,2018-09-20 15:25:12,Sports,আনন্দবাজার,Related,,1.0
4738,banglatribune.com,2018-09-19 19:16:21,National,জুলফিকার জাহানারা সরকারি প্রাথমিক বিদ্যালয়ের প্রধান শিক্ষক,Related,,1.0
4739,banglatribune.com,2018-09-20 10:53:46,Sports,Reporter,Related,,1.0
4740,mzamin.com,2018-09-19 22:41:1,Entertainment,Journalist,Related,,1.0
4741,channelionline.com,2018-09-20 08:24:50,Sports,reporter,Related,,1.0
4742,banglanews24.com,2018-09-22 21:45:05,Politics,গণফোরাম সভাপতি ও জাতীয় ঐক্য প্রক্রিয়ার আহ্বায়ক,Related,,1.0
4743,kalerkantho.com,2018-09-22 16:38:21,Miscellaneous,reporter,Related,,1.0
4744,rtnn.net,2018-09-23 08:20:51,Miscellaneous,reporter,Related,,1.0
4745,bd24live.com,2018-09-19 19:04:11,National,"আওয়ামী লীগের সাধারণ সম্পাদক, সড়ক পরিবহন ও সেতুমন্ত্রী",Related,,1.0
4746,bangla.bdnews24.com,2018-09-22 14:13:23,Sports,সংবাদ সম্মেলনে জাদেজা,Related,,1.0
4747,bangla.bdnews24.com,2018-09-21 22:01:22,National,পাহাড়তলী থানার ওসি,Related,,1.0
4748,jagonews24.com,2018-09-22 10:00:26,Sports,reporter,Related,,1.0
4749,samakal.com,2018-09-19 18:14:17,Entertainment,Reporter,Related,,1.0
4751,bangla.thereport24.com,2018-09-24 10:41:57,Sports,reporter,Related,,1.0
4752,independent24.com,2018-09-20 07:48:25,National,সংসদ,Related,,1.0
4753,somoynews.tv,2018-09-19 18:18:30,Sports,বিসিবির,Related,,1.0
4754,somoynews.tv,2018-09-22 16:54:50,International,reporter,Related,,1.0
4755,banglatribune.com,2018-09-19 21:04:02,Sports,বাংলাদেশের কোচ,Related,,1.0
4756,banglatribune.com,2018-09-20 15:07:45,National,পররাষ্ট্রমন্ত্রী,Related,,1.0
4757,ittefaq.com.bd,2018-09-22 09:37:56,National,মেডিকেল জার্নাল বিএমজেতে প্রকাশিত এক গবেষণা প্রতিবেদনে,Related,,1.0
4758,ittefaq.com.bd,2018-09-21 10:50:09,Sports,reporter,Related,,1.0
4759,banglanews24.com,2018-09-22 16:17:58,Politics,জেলার এএসপি,Related,,1.0
4760,jugantor.com,2018-09-19 19:07:30,Editorial,Reporter,Related,,1.0
4761,banglatribune.com,2018-09-20 23:36:59,National,নাটোর র‌্যাব অফিসের ভারপ্রাপ্ত কোম্পানি কমান্ডার এএসপি,Related,,1.0
4762,prothomalo.com,2018-09-19 21:25:40,National,লক্ষ্মীপুর সদর মডেল থানার ভারপ্রাপ্ত কর্মকর্তা (ওসি) মোহাম্মদ লোকমান হোসেন,Related,,1.0
4763,prothomalo.com,2018-09-21 13:02:00,Entertainment,reporter,Related,,1.0
4764,kalerkantho.com,2018-09-22 17:14:17,National,reporter,Related,,1.0
4765,banglanews24.com,2018-09-20 16:20:45,National,Reporter,Related,,1.0
4766,jagonews24.com,2018-09-19 21:24:19,Sports,reporter,Related,,1.0
4767,somoynews.tv,2018-09-19 18:17:04,National,মাদারীপুরের কাঁঠালবাড়ী ঘাট ব্যবস্থাপক,Related,,1.0
4768,jagonews24.com,2018-09-20 08:12:28,International,Not Found,Related,,1.0
4769,bangla.thereport24.com,2018-09-23 14:18:35,Crime,Reporter,Related,,1.0
4770,bangla.bdnews24.com,2018-09-22 17:49:24,International,প্রবাসী,Related,,1.0
4771,dailynayadiganta.com,2018-09-21 01:02:30,National,সমাবেশে সিপিবির সভাপতি,Related,,1.0
4772,banglanews24.com,2018-09-22 14:00:39,National,ঢামেক হাসপাতাল পুলিশ ক্যাম্পের ইনচার্জ (এসআই),Related,,1.0
4774,risingbd.com,2018-09-20 17:53:17,National,নৌপরিবহন মন্ত্রী ও টাস্কফোর্সের সভাপতি,Related,,1.0
4775,ittefaq.com.bd,2018-09-20 10:50:39,Sports,reporter,Related,,1.0
4776,banglanews24.com,2018-09-21 19:53:23,National,সিলেটে প্রাইভেট হসপিটাল অ্যান্ড ডায়াগনস্টিক সেন্টার ওনার্স অ্যাসোসিয়েশনের সভাপতি,Related,,1.0
4777,somoynews.tv,2018-09-21 16:48:54,National,স্থানীয় সূত্রে,Related,,1.0
4778,dhakatimes24.com,2018-09-20 18:35:19,Politics,গণসংহতি আন্দোলনের প্রধান,Related,,1.0
4779,kalerkantho.com,2018-09-21 21:26:07,International,রাশিয়ার উপ-পররাষ্ট্রমন্ত্রী সের্গেই রিয়াবকভ,Related,,1.0
4781,bd24live.com,2018-09-19 19:40:16,National,ঝিনাইদহ সদর থানার ওসি,Related,,1.0
4782,banglatribune.com,2018-09-21 18:38:16,Sports,reporter,Related,,1.0
4783,dhakatimes24.com,2018-09-20 16:46:07,Politics,"ঢাকা মহানগর পুলিশের তেজগাঁও জোনের সিনিয়র সহকারী কমিশনার,গণসংহতি আন্দোলনের প্রধান সমন্বয়ক",Related,,1.0
4784,risingbd.com,2018-09-19 17:56:54,Finance,এশিয়ান ডেভেলপমেন্ট ব্যাংক (এডিবি),Related,,1.0
4785,ittefaq.com.bd,2018-09-22 13:15:25,Sports,reporter,Related,,1.0
4786,channelionline.com,2018-09-20 20:28:12,Technology,reporter,Related,,1.0
4787,bangla.thereport24.com,2018-09-19 22:42:33,International,ভারতের কেন্দ্রীয় মন্ত্রিসভা,Related,,1.0
4788,banglanews24.com,2018-09-22 11:29:56,National,Reporter,Related,,1.0
4789,bd-pratidin.com,2018-09-22 18:30:46,Entertainment,আনন্দবাজার,Related,,1.0
4790,dailyjanakantha.com,2018-09-22 11:13:12,National,রুহিয়া থানার ওসি,Related,,1.0
4792,samakal.com,2018-09-23 16:51:29,Entertainment,সোশ্যাল মিডিয়ায়,Related,,1.0
4793,dailyjanakantha.com,2018-09-22 13:01:15,Sports,reporter,Related,,1.0
4794,bd24live.com,2018-09-20 10:03:29,National,স্যামসাং বাংলাদেশের হেড অব বিজনেস (সিই এন্ড আইটি),Related,,1.0
4795,somoynews.tv,2018-09-20 12:04:05,International,Not Found,Related,,1.0
4796,ittefaq.com.bd,2018-09-19 18:38:10,International,আল জাজিরা ও এনডিটিভি,Related,,1.0
4797,bangla.thereport24.com,2018-09-21 17:53:24,Crime,ঢাকা মহানগর পুলিশের উপকমিশনার,Related,,1.0
4798,banglatribune.com,2018-09-22 10:19:35,National,যুক্তরাজ্য আওয়ামী লী‌গের সভাপ‌তি,Related,,1.0
4799,jagonews24.com,2018-09-20 11:48:35,National,উপজেলা প্রকৌশলী অফিস,Related,,1.0
4800,dailynayadiganta.com,2018-09-20 14:14:58,National,আবহাওয়া অধিদপ্তর,Related,,1.0
4801,jagonews24.com,2018-09-22 05:12:28,Politics,বিএনপির সহ-দফতর সম্পাদক,Related,,1.0
4802,somoynews.tv,2018-09-20 14:28:21,Sports,Reporter,Related,,1.0
4804,dhakatimes24.com,2018-09-20 09:34:55,National,reporter,Related,,1.0
4805,risingbd.com,2018-09-20 13:40:31,Entertainment,Reporter,Related,,1.0
4806,bd24live.com,2018-09-22 00:27:20,International,খবর স্পুটনিকের,Related,,1.0
4807,dhakatimes24.com,2018-09-21 09:35:02,Sports,Reporter,Related,,1.0
4809,jagonews24.com,2018-09-19 22:00:26,National,উপজেলা সাব-রেজিস্ট্রার,Related,,1.0
4810,bd-pratidin.com,2018-09-19 18:29:54,National,"মহিপুর থানার ওসি (তদন্ত) , লতাচাপলী ইউনিয়ন পরিষদ চেয়ারম্যান",Related,,1.0
4811,jagonews24.com,2018-09-21 19:00:30,National,জাদুঘরটির ঊর্ধ্বতন এক কর্মকর্তা,Related,,1.0
4815,kalerkantho.com,2018-09-21 01:38:04,Editorial,জাতীয় সংসদ,Related,,1.0
4816,kalerkantho.com,2018-09-20 01:37:46,Miscellaneous,Reporter,Related,,1.0
4817,jugantor.com,2018-09-20 06:29:12,Editorial,সড়ক পরিবহন ও সেতুমন্ত্রী,Related,,1.0
4818,dailyjanakantha.com,2018-09-19 17:49:17,National,reporter,Related,,1.0
4820,mzamin.com,2018-09-20 23:16:34,Miscellaneous,journalist,Related,,1.0
4821,bd-pratidin.com,2018-09-22 16:06:19,National,বিএনপির সিনিয়র যুগ্ম-মহাসচিব,Related,,1.0
4822,somoynews.tv,2018-09-22 16:55:01,International,reporter,Related,,1.0
4823,banglanews24.com,2018-09-22 17:46:23,National,reporter,Related,,1.0
4824,samakal.com,2018-09-20 01:12:24,Sports,Reporter,Related,,1.0
4825,kalerkantho.com,2018-09-21 16:02:00,International,Reporter,Related,,1.0
4827,banglatribune.com,2018-09-21 13:50:27,International,জাতিসংঘ,Related,,1.0
4829,prothomalo.com,2018-09-21 11:49:34,Editorial,writer,Related,,1.0
4830,kalerkantho.com,2018-09-20 18:26:02,Lifestyle,"শিশুসাহিত্যিক, কবি, প্রবন্ধকার ও ঊর্ধ্বতন ইসলামী ব্যাংকার",Related,,1.0
4831,dailyjanakantha.com,2018-09-19 19:01:18,Sports,reporter,Related,,1.0
4832,banglanews24.com,2018-09-20 16:20:46,Miscellaneous,Reporter,Related,,1.0
4833,independent24.com,2018-09-23 22:20:59,National,মার্কিন পররাষ্ট্রমন্ত্রণালয়ের মুখপাত্র,Related,,1.0
4834,banglanews24.com,2018-09-20 21:43:18,National,Reporter,Related,,1.0
4835,dailynayadiganta.com,2018-09-20 14:50:26,Sports,reporter,Related,,1.0
4836,jagonews24.com,2018-09-21 08:48:24,National,Reporter,Related,,1.0
4837,jagonews24.com,2018-09-22 12:24:27,Entertainment,reporter,Related,,1.0
4838,dailynayadiganta.com,2018-09-22 16:39:04,Sports,reporter,Related,,1.0
4839,mzamin.com,2018-09-20 23:52:17,Sports,journalist,Related,,1.0
4840,banglatribune.com,2018-09-22 14:28:39,National,আওয়ামী লীগের সাধারণ সম্পাদক এবং সড়ক পরিবহন ও সেতুমন্ত্রী,Related,,1.0
4843,dailyjanakantha.com,2018-09-22 11:13:13,National,সেতুমন্ত্রী,Related,,1.0
4844,kalerkantho.com,2018-09-20 04:01:48,Miscellaneous,Reporter,Related,,1.0
4845,banglatribune.com,2018-09-20 03:02:00,Sports,গোল ডটকম,Related,,1.0
4846,jagonews24.com,2018-09-22 16:36:31,Politics,reporter,Related,,1.0
4847,kalerkantho.com,2018-09-19 19:38:09,Miscellaneous,ডিডাব্লিউ,Related,,1.0
4848,rtnn.net,2018-09-23 07:09:00,National,আদালত,Related,,1.0
4849,risingbd.com,2018-09-20 17:17:14,National,সদর উপজেলা নির্বাহী কর্মকর্তা,Related,,1.0
4850,jugantor.com,2018-09-21 17:55:21,National,পুলিশ ও স্থানীয়রা,Related,,1.0
4851,jugantor.com,2018-09-22 17:55:30,Editorial,আওয়ামী লীগের সাধারণ সম্পাদক,Related,,1.0
4852,kalerkantho.com,2018-09-22 10:01:39,International,reporter,Related,,1.0
4853,dailynayadiganta.com,2018-09-20 14:14:59,National,নড়াইল সদর থানার ওসি,Related,,1.0
4854,jugantor.com,2018-09-21 17:19:20,Editorial,ফায়ার সার্ভিস ও সিভিল ডিফেন্সের সিনিয়র স্টেশন,Related,,1.0
4856,risingbd.com,2018-09-19 23:16:43,National,Reporter,Related,,1.0
4857,banglatribune.com,2018-09-19 21:04:07,Entertainment,Reporter,Related,,1.0
4859,banglanews24.com,2018-09-21 11:31:52,National,দৌলতপুর থানার ভারপ্রাপ্ত কর্মকর্তা (ওসি),Related,,1.0
4861,somoynews.tv,2018-09-22 09:00:56,National,পুলিশ।,Related,,1.0
4862,banglanews24.com,2018-09-21 19:53:28,National,ফেঞ্চুগঞ্জ থানার ভারপ্রাপ্ত কর্মকর্তা (ওসি),Related,,1.0
4863,independent24.com,2018-09-24 07:12:05,National,জাসদ সভাপতি,Related,,1.0
4865,ittefaq.com.bd,2018-09-20 21:04:00,National,কালিয়া থানায় পুলিশ,Related,,1.0
4866,kalerkantho.com,2018-09-20 13:02:01,International,মোরেলগঞ্জ উপজেলা চেয়ারম্যান,Related,,1.0
4867,ittefaq.com.bd,2018-09-22 16:15:15,Entertainment,Reporter,Related,,1.0
4868,dailynayadiganta.com,2018-09-22 12:26:32,National,reporter,Related,,1.0
4869,bangla.bdnews24.com,2018-09-20 21:25:58,National,মাদক নিয়ন্ত্রণ কর্মকর্তা,Related,,1.0
4871,jugantor.com,2018-09-21 19:07:47,Editorial,ফতুল্লা মডেল থানার ওসি,Related,,1.0
4872,ittefaq.com.bd,2018-09-21 12:38:32,Entertainment,আর্জুন কাপুর,Related,,1.0
4874,samakal.com,2018-09-20 03:00:22,National,বিএনপিপন্থী শিক্ষকদের সংগঠন,Related,,1.0
4875,jugantor.com,2018-09-20 11:55:16,Editorial,রাঙ্গাবালী থানার ওসি,Related,,1.0
4876,jugantor.com,2018-09-19 22:45:09,Editorial,বারহাট্টা থানার ওসি,Related,,1.0
4877,channelionline.com,2018-09-21 18:00:47,Sports,reporter,Related,,1.0
4878,risingbd.com,2018-09-20 16:40:09,National,Reporter,Related,,1.0
4879,rtnn.net,2018-09-20 13:10:43,International,Not Found,Related,,1.0
4881,kalerkantho.com,2018-09-21 23:51:10,Miscellaneous,Reporter,Related,,1.0
4882,risingbd.com,2018-09-20 09:28:01,Finance,Reporter,Related,,1.0
4883,dailyjanakantha.com,2018-09-19 19:01:10,National,reporter,Related,,1.0
4885,somoynews.tv,2018-09-22 14:27:09,Entertainment,ইন্সটাগ্রাম,Related,,1.0
4886,jagonews24.com,2018-09-19 20:12:22,National,Reporter,Related,,1.0
4887,bd-pratidin.com,2018-09-21 15:30:19,National,reporter,Related,,1.0
4888,independent24.com,2018-09-21 14:26:51,National,"ডাক, টেলিযোগাযোগ ও তথ্যপ্রযুক্তিমন্ত্রী",Related,,1.0
4889,kalerkantho.com,2018-09-22 13:37:58,International,গণেশের বিজ্ঞাপন,Related,,1.0
4890,bd-pratidin.com,2018-09-21 23:18:51,Sports,reporter,Related,,1.0
4891,somoynews.tv,2018-09-22 16:54:52,International,reporter,Related,,1.0
4892,kalerkantho.com,2018-09-21 10:37:54,International,reporter,Related,,1.0
4895,independent24.com,2018-09-25 08:25:04,Politics,পার্বত্য চট্টগ্রাম জনসংহতি সমিতি-জেএসএস,Related,,1.0
4896,samakal.com,2018-09-23 13:48:56,Sports,reporter,Related,,1.0
4897,banglanews24.com,2018-09-22 18:44:51,Education,Reporter,Related,,1.0
4899,dailyjanakantha.com,2018-09-20 15:25:09,National,আদালত,Related,,1.0
4902,bd24live.com,2018-09-22 15:27:44,Editorial,বিএনপির শীর্ষ পর্যায়ের নেতা,Related,,1.0
4903,kalerkantho.com,2018-09-20 23:49:55,Sports,Reporter,Related,,1.0
4904,dailynayadiganta.com,2018-09-22 16:02:33,Politics,অ্যামনেস্টি ইন্টারন্যাশনাল,Related,,1.0
4905,bd-pratidin.com,2018-09-22 10:41:09,National,reporter,Related,,1.0
4906,samakal.com,2018-09-23 11:26:39,Sports,reporter,Related,,1.0
4907,risingbd.com,2018-09-19 18:28:20,Crime,Reporter,Related,,1.0
4908,dailyjanakantha.com,2018-09-20 16:36:52,National,reporter,Related,,1.0
4909,bd24live.com,2018-09-19 18:27:55,National,জিব্রাইল ট্রেডার্স প্লাস্টিক কাটিং এন্ড রিপিয়ারিং কারখানার শ্রমিকার,Related,,1.0
4910,dailynayadiganta.com,2018-09-22 10:38:11,International,চীনা পররাষ্ট্র মন্ত্রণালয়ের মুখপাত্র,Related,,1.0
4912,jagonews24.com,2018-09-22 07:36:28,International,এমআরএম,Related,,1.0
4913,bangla.bdnews24.com,2018-09-19 21:25:29,National,আশুলিয়া থানার ওসি,Related,,1.0
4914,independent24.com,2018-09-21 15:03:03,National,reporter,Related,,1.0
4915,banglatribune.com,2018-09-21 10:53:01,National,যশোর কোতোয়ালি থানার উপ-পরিদর্শক,Related,,1.0
4916,jugantor.com,2018-09-19 19:07:24,Editorial,Reporter,Related,,1.0
4917,bd-pratidin.com,2018-09-22 18:30:37,National,আওয়ামী লীগের সাধারণ সম্পাদক এবং সড়ক পরিবহন ও সেতুমন্ত্রী,Related,,1.0
4918,banglatribune.com,2018-09-19 18:38:37,Sports,Reporter,Related,,1.0
4919,ittefaq.com.bd,2018-09-22 18:04:15,International,reporter,Related,,1.0
4920,independent24.com,2018-09-22 09:37:43,Sports,reporter,Related,,1.0
4921,jugantor.com,2018-09-20 20:56:10,National,বিএনপির ভাইস চেয়ারম্যান,Related,,1.0
4922,somoynews.tv,2018-09-21 14:26:32,Sports,Reporter,Related,,1.0
4923,banglanews24.com,2018-09-20 21:43:17,National,"পাবনা চরতারাপুর ইউনিয়নের চেয়াম্যান,পাবনা সদর উপজেলার নির্বাহী কর্মকর্তা (ইউএনও)",Related,,1.0
4924,jagonews24.com,2018-09-22 17:12:34,International,ইরানের প্রেসিডেন্ট,Related,,1.0
4925,banglanews24.com,2018-09-22 17:46:19,National,ধামরাই থানার পুলিশ উপ-পরিদর্শক,Related,,1.0
4926,jagonews24.com,2018-09-20 17:12:29,Miscellaneous,Repoeter,Related,,1.0
4927,dailynayadiganta.com,2018-09-22 16:39:10,National,"দাউদকান্দি থানার এস,আই",Related,,1.0
4928,jagonews24.com,2018-09-20 11:12:27,Editorial,Reporter,Related,,1.0
4929,dhakatimes24.com,2018-09-22 16:52:23,Technology,Reporter,Related,,1.0
4930,samakal.com,2018-09-20 11:25:07,National,"বেসরকারি কর্মকর্তা ,গণপূর্ত বিভাগের নির্বাহী প্রকৌশলী",Related,,1.0
4931,dailynayadiganta.com,2018-09-22 14:14:31,Politics,সিইসি,Related,,1.0
4932,independent24.com,2018-09-24 22:52:39,National,পানি উন্নয়ন বোর্ড,Related,,1.0
4934,prothomalo.com,2018-09-22 11:13:44,Lifestyle,জিনিউজ,Related,,1.0
4936,independent24.com,2018-09-25 08:25:04,National,reporter,Related,,1.0
4937,bangla.bdnews24.com,2018-09-19 17:50:41,National,শেখ হাসিনা,Related,,1.0
4938,ittefaq.com.bd,2018-09-20 01:13:45,Entertainment,reporter,Related,,1.0
4940,ittefaq.com.bd,2018-09-21 16:14:13,International,Reporter,Related,,1.0
4941,dailynayadiganta.com,2018-09-20 01:02:21,Miscellaneous,আশুলিয়া থানার ইন্সপেক্টর,Related,,1.0
4942,dailyjanakantha.com,2018-09-22 11:13:12,National,ভারপ্রাপ্ত কর্মকর্তা (ওসি),Related,,1.0
4943,samakal.com,2018-09-21 15:01:34,National,reporter,Related,,1.0
4946,banglanews24.com,2018-09-21 15:26:38,Editorial,Reporter,Related,,1.0
4947,jagonews24.com,2018-09-21 16:00:30,Sports,Reporter,Related,,1.0
4948,dailyjanakantha.com,2018-09-21 16:37:12,International,আনন্দবাজার,Related,,1.0
4949,jagonews24.com,2018-09-19 20:12:14,Sports,Reporter,Related,,1.0
4950,rtnn.net,2018-09-20 20:59:50,International,আল-জাজিরা,Related,,1.0
4951,jugantor.com,2018-09-19 23:54:17,Editorial,Reporter,Related,,1.0
4952,bangla.bdnews24.com,2018-09-20 17:50:23,Finance,Reporter,Related,,1.0
4953,dailyjanakantha.com,2018-09-22 16:01:11,Finance,Reporter,Related,,1.0
4954,banglatribune.com,2018-09-19 19:16:24,Miscellaneous,"বিশ্ববিদ্যালয়ের উপ উপাচার্য (প্রশাসন),সাংবাদিক সমিতির সভাপতি , সাংবাদিক সমিতির সাধারণ সম্পাদক",Related,,1.0
4955,ittefaq.com.bd,2018-09-20 20:28:35,National,মহেশপুর থানার ভারপ্রাপ্ত কর্মকর্তা,Related,,1.0
4956,banglanews24.com,2018-09-22 19:53:07,Politics,reporter,Related,,1.0
4957,kalerkantho.com,2018-09-20 02:13:36,International,তিতাস গ্যাস ট্রান্সমিশন অ্যান্ড ডিস্ট্রিবিউশন কম্পানি লিমিটেডের ব্যবস্থাপক (বিক্রয়) প্রকৌশলী মোহাম্মদ সিদ্দিকুর রহমান,Related,,1.0
4958,kalerkantho.com,2018-09-19 23:13:55,International,ভূঞাপুর থানা অফিসার ইনচার্জ মো. আব্দুছ ছালাম মিয়া,Related,,1.0
4959,jagonews24.com,2018-09-22 17:48:31,Finance,reporter,Related,,1.0
4960,prothomalo.com,2018-09-22 01:01:52,International,পররাষ্ট্র মন্ত্রণালয়,Related,,1.0
4961,banglatribune.com,2018-09-19 18:38:35,National,ফুলবাড়ী থানার ওসি,Related,,1.0
4962,dailyjanakantha.com,2018-09-19 21:24:55,National,reporter,Related,,1.0
4963,banglanews24.com,2018-09-22 17:46:20,National,reporter,Related,,1.0
4964,bd-pratidin.com,2018-09-21 09:29:42,National,বিরোধী দলীয় নেত্রী,Related,,1.0
4965,risingbd.com,2018-09-20 11:16:21,Entertainment,ভারতীয় একটি সংবাদমাধ্যম,Related,,1.0
4966,dailyjanakantha.com,2018-09-20 13:01:02,Entertainment,মারাঠি অভিনেত্রী,Related,,1.0
4967,independent24.com,2018-09-20 17:26:46,National,Not Found,Related,,1.0
4969,kalerkantho.com,2018-09-19 23:50:06,Entertainment,ডিউটি অফিসার মাকসুদুর রহমান,Related,,1.0
4970,channelionline.com,2018-09-22 15:37:21,International,বিবিসি,Related,,1.0
4971,dhakatimes24.com,2018-09-20 10:12:00,Politics,গণসংহতি আন্দোলনের প্রধান সমন্বয়কারী,Related,,1.0
4973,bd-pratidin.com,2018-09-22 16:47:03,National,বিএনপি মহাসচিব মির্জা ফখরুল,Related,,1.0
4974,jugantor.com,2018-09-20 20:56:15,Editorial,বেফাকের চেয়ারম্যান,Related,,1.0
4975,bd-pratidin.com,2018-09-20 16:07:42,National,"গণসংহতি আন্দোলনের প্রধান সমন্বয়কারী,বিএনপির স্থায়ী কমিটির সদস্য",Related,,1.0
4976,dhakatimes24.com,2018-09-22 09:34:35,National,বি্এনপির স্থায়ী কমিটির সদস্য,Related,,1.0
4977,prothomalo.com,2018-09-22 00:25:38,National,বিকল্পধারার সভাপতি,Related,,1.0
4978,jagonews24.com,2018-09-22 10:36:26,National,লাল তীর সিডস লিমিটেডের এমডি,Related,,1.0
4979,prothomalo.com,2018-09-21 02:49:28,Sports,reporter,Related,,1.0
4980,prothomalo.com,2018-09-19 22:37:46,Entertainment,Twitter,Related,,1.0
4982,kalerkantho.com,2018-09-20 20:14:07,Miscellaneous,writer,Related,,1.0
4983,bd24live.com,2018-09-21 23:53:29,Entertainment,reporter,Related,,1.0
4984,bd24live.com,2018-09-20 20:52:31,National,নৌপরিবহন মন্ত্রী,Related,,1.0
4985,dailynayadiganta.com,2018-09-19 22:03:21,National,জিওল সরকারি প্রাথমিক বিদ্যালয়ের ভারপ্রাপ্ত প্রধান শিক্ষক,Related,,1.0
4986,bd24live.com,2018-09-22 18:27:51,National,রমনা মডেল থানার এসআই,Related,,1.0
4987,jugantor.com,2018-09-20 19:07:26,Editorial,Reporter,Related,,1.0
4988,bangla.thereport24.com,2018-09-24 13:44:00,Politics,বিএনপির সিনিয়র যুগ্ম-মহাসচিব,Related,,1.0
4989,bd24live.com,2018-09-19 19:04:06,National,ন্যাশনাল বার্ন এন্ড প্লাস্টিক সার্জারি ইনস্টিটিটিউটের সম্বয়কারী,Related,,1.0
4990,dailynayadiganta.com,2018-09-20 19:03:05,National,বাংলাদেশ সরকারের অর্থ ও পরিকল্পণা প্রতিমন্ত্রী,Related,,1.0
4992,independent24.com,2018-09-19 22:52:35,International,Not Found,Related,,1.0
4993,kalerkantho.com,2018-09-20 10:01:44,International,রাঙ্গাবালী থানার অফিসার ইনচার্জ (ওসি),Related,,1.0
4994,banglanews24.com,2018-09-22 18:45:01,Education,বাংলানিউজ,Related,,1.0
4995,jagonews24.com,2018-09-19 17:48:20,National,মনোহরদী থানা পুলিশের ভারপ্রাপ্ত কর্মকর্তা (ওসি),Related,,1.0
4997,bd24live.com,2018-09-22 19:40:12,National,লালপুর থানার অফিসার ইনচার্জ,Related,,1.0
4998,jugantor.com,2018-09-19 22:45:06,Editorial,প্রধান বিচারপতি,Related,,1.0
5000,bd24live.com,2018-09-21 16:03:51,National,reporter,Related,,1.0
5002,risingbd.com,2018-09-20 15:29:39,International,মার্কিন পররাষ্ট্রমন্ত্রী,Related,,1.0
5003,somoynews.tv,2018-09-21 17:25:12,International,Reporter,Related,,1.0
5004,channelionline.com,2018-09-22 17:27:20,Editorial,reporter,Related,,1.0
5005,bangla.bdnews24.com,2018-09-20 17:50:27,Technology,Reporter,Related,,1.0
5006,banglatribune.com,2018-09-21 13:14:55,National,গণমাধ্যম,Related,,1.0
5007,bd-pratidin.com,2018-09-20 15:31:23,National,আওয়ামী লীগের সাধারণ সম্পাদক,Related,,1.0
5009,bd-pratidin.com,2018-09-20 22:06:34,National,রাজ্যটির খাদ্য সরবরাহ মন্ত্রী,Related,,1.0
5011,bd24live.com,2018-09-22 12:27:45,Miscellaneous,reporter,Related,,1.0
5012,banglanews24.com,2018-09-21 09:41:31,National,কাস্টমস কমিশনার,Related,,1.0
5013,mzamin.com,2018-09-20 14:16:26,National,journalist,Related,,1.0
5014,banglanews24.com,2018-09-21 12:46:44,Politics,তথ্য ও যোগাযোগ প্রযুক্তি প্রতিমন্ত্রী,Related,,1.0
5015,somoynews.tv,2018-09-20 10:50:17,National,সিনিয়র সাংবাদিক,Related,,1.0
5016,ittefaq.com.bd,2018-09-22 10:49:32,National,নাইক্ষ্যংছড়ি থানার ওসি,Related,,1.0
5017,banglanews24.com,2018-09-21 00:07:53,Politics,সামাজিক উন্নয়ন ও গবেষণামূলক সংস্থা সুচিন্তা ফাউন্ডেশনের চেয়ারপারসন,Related,,1.0
5019,banglanews24.com,2018-09-21 18:16:43,National,মাদকদ্রব্য নিয়ন্ত্রণ অধিদফতর চট্টগ্রাম মেট্রো উপ অঞ্চলের উপ-পরিচালক,Related,,1.0
5021,mzamin.com,2018-09-26 09:50:30,National,journalist,Related,,1.0
5022,dailynayadiganta.com,2018-09-19 20:50:47,National,reporter,Related,,1.0
5023,kalerkantho.com,2018-09-19 23:50:00,International,Journalist,Related,,1.0
5024,rtnn.net,2018-09-23 05:21:20,National,আদালত,Related,,1.0
5025,dhakatimes24.com,2018-09-19 20:24:16,Sports,reporter,Related,,1.0
5026,prothomalo.com,2018-09-21 13:37:27,Entertainment,reporter,Related,,1.0
5027,independent24.com,2018-09-24 07:48:35,Sports,reporter,Related,,1.0
5029,banglanews24.com,2018-09-21 17:31:36,Sports,Reporter,Related,,1.0
5030,independent24.com,2018-09-20 20:28:28,National,Not Found,Related,,1.0
5031,independent24.com,2018-09-24 00:09:23,Entertainment,reporter,Related,,1.0
5032,banglanews24.com,2018-09-19 21:42:45,Finance,Reporter,Related,,1.0
5034,jugantor.com,2018-09-19 19:07:40,Editorial,Reporter,Related,,1.0
5035,independent24.com,2018-09-25 16:19:35,National,reporter,Related,,1.0
5036,jagonews24.com,2018-09-20 13:36:32,Editorial,Reporter,Related,,1.0
5037,jugantor.com,2018-09-22 17:55:27,Editorial,ফারস নিউজ,Related,,1.0
5038,banglatribune.com,2018-09-21 15:06:15,Sports,Reporter,Related,,1.0
5039,banglatribune.com,2018-09-19 19:16:01,Finance,বিশ্ব ব্যাংকের দক্ষিণ এশিয়া অঞ্চলের প্রধান অর্থনীতিবিদ ও সমন্বয়ক,Related,,1.0
5040,bangla.bdnews24.com,2018-09-20 15:26:02,National,হাতিয়া থানার ওসি,Related,,1.0
5041,kalerkantho.com,2018-09-22 04:01:32,International,পুলিশ সুপারের নির্দেশনায় অফিসার্স ইনচার্জ,Related,,1.0
5042,banglanews24.com,2018-09-22 06:02:30,National,নাঙ্গলকোট থানার ভারপ্রাপ্ত কর্মকর্তা,Related,,1.0
5043,bangla.bdnews24.com,2018-09-22 00:25:30,Sports,reporter,Related,,1.0
5045,bangla.bdnews24.com,2018-09-20 14:13:51,International,"বাংলাদেশ আওয়ামী স্বেচ্ছাসেবক লীগের সভাপতি,যুক্তরাষ্ট্র আওয়ামী লীগের সহ সভাপতি",Related,,1.0
5046,bangla.thereport24.com,2018-09-24 13:44:03,National,মহালছড়ি থানার ভারপ্রাপ্ত কর্মকর্তা,Related,,1.0
5047,jagonews24.com,2018-09-20 14:12:33,Entertainment,Reporter,Related,,1.0
5048,banglatribune.com,2018-09-20 16:51:09,Editorial,"দ্য টাইমস,ইন্ডিপেন্ডেন্ট",Related,,1.0
5049,dailyjanakantha.com,2018-09-21 11:13:22,Sports,reporter,Related,,1.0
5050,kalerkantho.com,2018-09-22 10:37:43,International,reporter,Related,,1.0
5051,ittefaq.com.bd,2018-09-20 13:14:24,International,জি নিউজ ও এনডিটিভি,Related,,1.0
5052,jugantor.com,2018-09-21 17:19:22,Editorial,Reporter,Related,,1.0
5053,bangla.thereport24.com,2018-09-20 12:29:29,National,চুনারুঘাট থানার ভারপ্রাপ্ত কর্মকর্তা,Related,,1.0
5054,bangla.thereport24.com,2018-09-20 08:15:47,Sports,বিসিবির মিডিয়া কমিটির চেয়ারম্যান,Related,,1.0
5055,mzamin.com,2018-09-21 00:28:42,Entertainment,journalist,Related,,1.0
5056,dailyjanakantha.com,2018-09-20 14:49:00,Sports,আনন্দবাজার,Related,,1.0
5057,banglanews24.com,2018-09-22 18:45:06,Education,reporter,Related,,1.0
5058,somoynews.tv,2018-09-19 18:16:30,International,কেন্দ্রীয় মন্ত্রিসভা,Related,,1.0
5059,banglatribune.com,2018-09-20 20:33:07,Miscellaneous,Reporter,Related,,1.0
5060,banglanews24.com,2018-09-20 05:26:46,Sports,তামিম ইকবাল,Related,,1.0
5061,banglanews24.com,2018-09-20 18:41:09,National,রাঙ্গাবালী থানার ভারপ্রাপ্ত কর্মকর্তা (ওসি),Related,,1.0
5062,ittefaq.com.bd,2018-09-22 12:39:39,National,পুলিশ ও ফায়ার সার্ভিস,Related,,1.0
5063,bangla.bdnews24.com,2018-09-19 20:13:40,National,ডোমার থানার পরিদর্শক,Related,,1.0
5064,samakal.com,2018-09-22 11:59:51,Politics,reporter,Related,,1.0
5065,banglatribune.com,2018-09-19 18:38:33,Finance,Reporter,Related,,1.0
5066,banglanews24.com,2018-09-20 19:16:24,Miscellaneous,Reporter,Related,,1.0
5067,bd-pratidin.com,2018-09-22 01:04:40,National,পানি উন্নয়ন বোর্ড,Related,,1.0
5068,bd24live.com,2018-09-19 17:54:49,National,জাতীয় চলচ্চিত্র পুরষ্কার প্রাপ্ত কমেডি অভিনেতা,Related,,1.0
5069,banglanews24.com,2018-09-20 19:16:17,Sports,Reporter,Related,,1.0
5070,ittefaq.com.bd,2018-09-20 22:52:46,International,Reporter,Related,,1.0
5071,independent24.com,2018-09-22 15:01:41,National,reporter,Related,,1.0
5072,bangla.bdnews24.com,2018-09-19 20:13:40,National,র‌্যাব ৮-এর ফরিদপুর ক্যাম্পের কোম্পানি অধিনায়ক মো. রইছ উদ্দিন,Related,,1.0
5073,jagonews24.com,2018-09-21 17:48:27,Politics,নাজিম উদ্দিন রোডের পুরনো কারাগার,Related,,1.0
5076,jagonews24.com,2018-09-20 10:00:25,National,"৬নং সারুটিয়া ইউনিয়নের কৃষ্ণনগর গ্রামের বাসিন্দা,৬নং সারুটিয়া ইউনিয়নের চেয়ারম্যান",Related,,1.0
5077,bangla.bdnews24.com,2018-09-20 20:49:49,National,Reporter,Related,,1.0
5078,jagonews24.com,2018-09-21 19:36:37,Sports,reporter,Related,,1.0
5080,dailyjanakantha.com,2018-09-19 17:49:15,Sports,প্রধানমন্ত্রীর উপ-প্রেস সচিব,Related,,1.0
5082,somoynews.tv,2018-09-21 13:49:34,National,Reporter,Related,,1.0
5084,channelionline.com,2018-09-20 22:15:33,Editorial,Not Found,Related,,1.0
5085,bd24live.com,2018-09-22 11:15:41,Sports,reporter,Related,,1.0
5086,banglanews24.com,2018-09-19 21:42:45,Lifestyle,ব্যাংকটির সামাজিক খাত বিশেষজ্ঞ,Related,,1.0
5087,bangla.thereport24.com,2018-09-20 14:17:30,National,প্রধানমন্ত্রী,Related,,1.0
5088,bd24live.com,2018-09-19 23:51:47,National,ছাত্রলীগের সাবেক সাধারণ সম্পাদক,Related,,1.0
5089,bangla.thereport24.com,2018-09-22 17:53:23,National,Reporter,Related,,1.0
5090,dailynayadiganta.com,2018-09-22 10:01:58,Miscellaneous,রুশ উপ পররাষ্ট্রমন্ত্রী,Related,,1.0
5091,samakal.com,2018-09-20 01:12:31,Entertainment,অভিনেতা,Related,,1.0
5092,kalerkantho.com,2018-09-21 17:49:57,International,পূর্ব সুন্দরবন বিভাগের শরণখোলা রেঞ্জের সহকারী বনসংরক্ষক (এসিএফ),Related,,1.0
5093,kalerkantho.com,2018-09-20 20:14:08,Sports,reporter,Related,,1.0
5094,independent24.com,2018-09-22 23:32:01,Finance,বন্দর পরিচালক,Related,,1.0
5095,dhakatimes24.com,2018-09-20 20:11:32,Sports,Reporter,Related,,1.0
5096,bangla.thereport24.com,2018-09-21 23:18:15,National,টেলিযোগাযোগ ও তথ্যপ্রযুক্তি মন্ত্রী,Related,,1.0
5097,independent24.com,2018-09-19 18:37:48,National,আদালত,Related,,1.0
5098,banglatribune.com,2018-09-20 11:31:19,International,Not Found,Related,,1.0
5099,channelionline.com,2018-09-21 16:48:42,Entertainment,Reporter,Related,,1.0
5101,mzamin.com,2018-09-24 23:52:03,Miscellaneous,সামাজিক যোগাযোগ মাধ্যম,Related,,1.0
5102,banglanews24.com,2018-09-21 04:14:55,Education,জাতীয় বিশ্ববিদ্যালয়ে প্রেস,Related,,1.0
5103,risingbd.com,2018-09-19 21:28:58,Sports,Reporter,Related,,1.0
5104,jugantor.com,2018-09-22 09:30:26,Editorial,reporter,Related,,1.0
5105,banglatribune.com,2018-09-22 18:10:10,National,গোবিন্দগঞ্জ থানার ভারপ্রাপ্ত কর্মকর্তা,Related,,1.0
5106,ittefaq.com.bd,2018-09-19 21:03:08,Finance,reporter,Related,,1.0
5107,dailynayadiganta.com,2018-09-19 22:03:24,National,"ছাত্রীর মা , বিদ্যালয়ের ভারপ্রাপ্ত প্রধান শিক্ষক,অভিযুক্ত শিক্ষক",Related,,1.0
5109,bd24live.com,2018-09-22 17:16:15,National,ট্যুইটার,Related,,1.0
5110,dhakatimes24.com,2018-09-20 10:11:58,National,বাসন থানা পুলিশের ভারপ্রাপ্ত কর্মকর্তা (ওসি),Related,,1.0
5111,bd-pratidin.com,2018-09-19 23:53:24,Sports,Reporter,Related,,1.0
5112,jugantor.com,2018-09-20 15:33:09,Editorial,"বেনাপোল পোর্ট থানার ওসি ,বেনাপোল কাস্টমস কমিশনার",Related,,1.0
5113,ittefaq.com.bd,2018-09-20 20:28:38,International,মালশিয়ার দুর্নীতি দমন সংস্থা,Related,,1.0
5115,kalerkantho.com,2018-09-21 02:13:56,National,আবহাওয়া অধিদপ্তর,Related,,1.0
5116,jagonews24.com,2018-09-20 23:48:29,Sports,Reporter,Related,,1.0
5117,bd-pratidin.com,2018-09-21 00:30:49,National,কাস্টমস কমিশনার,Related,,1.0
5118,independent24.com,2018-09-21 15:03:01,International,ট্রাম্প প্রশাসন,Related,,1.0
5119,mzamin.com,2018-09-19 19:40:31,Entertainment,Journalist,Related,,1.0
5120,dhakatimes24.com,2018-09-20 16:12:49,National,Reporter,Related,,1.0
5121,prothomalo.com,2018-09-20 12:25:51,International,রেডিট,Related,,1.0
5122,bd24live.com,2018-09-20 13:39:56,National,Reporter,Related,,1.0
5123,banglatribune.com,2018-09-22 13:17:49,International,রয়টার্স,Related,,1.0
5124,mzamin.com,2018-09-23 23:58:16,National,সড়ক ও সেতুমন্ত্রী এবং আওয়ামী লীগের সাধারণ,Related,,1.0
5125,kalerkantho.com,2018-09-21 14:14:01,International,Reporter,Related,,1.0
5126,mzamin.com,2018-09-26 23:10:33,Sports,reporter,Related,,1.0
5127,kalerkantho.com,2018-09-19 21:26:05,Sports,Journalist,Related,,1.0
5128,mzamin.com,2018-09-23 23:58:15,Miscellaneous,আনন্দবাজার পত্রিকা,Related,,1.0
5129,jagonews24.com,2018-09-20 13:36:39,Miscellaneous,Reporter,Related,,1.0
5130,ittefaq.com.bd,2018-09-20 16:50:26,National,লালমোহন থানার ভারপ্রাপ্ত কর্মকর্তা (ওসি),Related,,1.0
5131,jagonews24.com,2018-09-21 20:12:31,Miscellaneous,reporter,Related,,1.0
5132,channelionline.com,2018-09-20 20:28:10,National,reporter,Related,,1.0
5133,ittefaq.com.bd,2018-09-20 18:38:12,Finance,বাণিজ্যমন্ত্রী,Related,,1.0
5134,channelionline.com,2018-09-22 15:37:21,Entertainment,Reporter,Related,,1.0
5135,jugantor.com,2018-09-22 16:07:36,Editorial,টু প্রটেক্ট জার্নালিস্টস (সিপিজে),Related,,1.0
5136,channelionline.com,2018-09-21 14:26:26,Entertainment,Not Found,Related,,1.0
5138,somoynews.tv,2018-09-22 10:49:09,National,reporter,Related,,1.0
5139,channelionline.com,2018-09-21 21:01:29,Finance,ফ্রাঙ্কফুর্ট শুক্রবার এক সংবাদ বিজ্ঞপ্তিতে,Related,,1.0
5140,jagonews24.com,2018-09-20 12:24:33,Sports,reporter,Related,,1.0
5142,dailynayadiganta.com,2018-09-20 20:14:32,International,দক্ষিণ কোরিয়ার প্রেসিডেন্ট,Related,,1.0
5143,dhakatimes24.com,2018-09-22 12:36:07,International,সূত্র: পার্স টুডে।,Related,,1.0
5144,kalerkantho.com,2018-09-19 23:50:08,Miscellaneous,"আসাদুল হক খোকন, সংবাদকর্মী",Related,,1.0
5145,bd24live.com,2018-09-19 22:41:00,National,Reporter,Related,,1.0
5146,dhakatimes24.com,2018-09-22 16:11:34,International,Not Found,Related,,1.0
5147,dailyjanakantha.com,2018-09-22 11:48:57,Sports,reporter,Related,,1.0
5148,channelionline.com,2018-09-22 21:05:41,Sports,reporter,Related,,1.0
5150,dailynayadiganta.com,2018-09-19 19:38:43,National,আশুগঞ্জ থানার উপ পুলিশ পরিদর্শক,Related,,1.0
5151,somoynews.tv,2018-09-22 18:03:20,National,reporter,Related,,1.0
5152,banglatribune.com,2018-09-20 20:31:44,National,Reporter,Related,,1.0
5153,prothomalo.com,2018-09-20 02:13:25,National,Reporter,Related,,1.0
5154,bangla.thereport24.com,2018-09-23 00:30:06,Politics,বিরোধী দলীয় নেতা,Related,,1.0
5155,risingbd.com,2018-09-21 17:52:40,Sports,Reporter,Related,,1.0
5156,samakal.com,2018-09-20 19:12:47,Sports,Reporter,Related,,1.0
5157,banglanews24.com,2018-09-22 19:53:59,National,Reporter,Related,,1.0
5158,banglanews24.com,2018-09-22 20:33:58,National,Reporter,Related,,1.0
5159,channelionline.com,2018-09-20 21:03:12,Finance,বাংলাদেশ ব্যাংকের গভর্নর,Related,,1.0
5160,mzamin.com,2018-09-22 19:05:06,Miscellaneous,Journalist,Related,,1.0
5161,bd-pratidin.com,2018-09-19 18:00:06,International,সেভ দ্য চিলড্রেনের প্রধান নির্বাহী,Related,,1.0
5162,jagonews24.com,2018-09-21 11:48:31,International,reporter,Related,,1.0
5163,ittefaq.com.bd,2018-09-21 15:38:37,International,ভারতের স্বরাষ্ট্র মন্ত্রণালয়,Related,,1.0
5164,ittefaq.com.bd,2018-09-22 16:15:16,International,রয়টার্স,Related,,1.0
5166,rtnn.net,2018-09-22 11:57:10,Sports,বাংলাদেশের অফ-স্পিনার,Related,,1.0
5168,somoynews.tv,2018-09-20 01:13:25,Sports,বয়সভিত্তিক দলের নির্বাচক,Related,,1.0
5169,kalerkantho.com,2018-09-20 23:14:23,International,অরুনিমা স্পোর্টসওয়্যার লিমিটেড কারখানার জেনারেল ম্যানেজার,Related,,1.0
5170,bangla.bdnews24.com,2018-09-21 22:01:22,Sports,reporter,Related,,1.0
5171,ittefaq.com.bd,2018-09-20 03:37:45,Politics,জাতীয় পার্টি (জাপা) চেয়ারম্যান,Related,,1.0
5172,prothomalo.com,2018-09-20 19:02:05,National,বাংলাদেশের কমিউনিস্ট পার্টির (সিপিবি),Related,,1.0
5173,kalerkantho.com,2018-09-21 04:37:49,Miscellaneous,Reporter,Related,,1.0
5174,ittefaq.com.bd,2018-09-20 12:39:56,National,আন্দোলনরত শিক্ষর্থী,Related,,1.0
5175,bd24live.com,2018-09-22 10:02:57,National,ফেসবুক,Related,,1.0
5176,banglatribune.com,2018-09-20 20:31:12,National,নাজিরপুর থানার ভারপ্রাপ্ত কর্মকর্তা,Related,,1.0
5177,banglanews24.com,2018-09-19 22:20:31,National,নওগাঁ জেলা পুলিশ সুপার (এসপি),Related,,1.0
5178,banglatribune.com,2018-09-20 12:05:18,National,"বরিশাল বিশ্ববিদ্যালয়ের উপাচার্য,রেজিস্ট্রার",Related,,1.0
5181,channelionline.com,2018-09-20 18:37:15,Sports,সামাজিক যোগাযোগ মাধ্যমে,Related,,1.0
5182,dailyjanakantha.com,2018-09-20 17:13:17,National,দশমিনা থানার অফিসার ইনচার্জ,Related,,1.0
5183,banglatribune.com,2018-09-20 20:39:17,Crime,সাবেক প্রধান বিচারপতি,Related,,1.0
5184,mzamin.com,2018-09-23 23:20:53,Miscellaneous,আনন্দবাজার পত্রিকা,Related,,1.0
5185,rtnn.net,2018-09-23 07:44:58,Sports,reporter,Related,,1.0
5186,kalerkantho.com,2018-09-22 16:38:23,Sports,reporter,Related,,1.0
5188,banglanews24.com,2018-09-22 11:29:58,International,আমবাসা থানার ভারপ্রাপ্ত কর্মকর্তা,Related,,1.0
5189,channelionline.com,2018-09-21 19:50:13,Politics,reporter,Related,,1.0
5190,dailyjanakantha.com,2018-09-20 11:49:00,Sports,"যুব ফুটবলের উদ্যোক্তা,আলজেরিয়ার ফুটবল অ্যাসোসিয়েশনর প্রেসিডেন্ট ,বিবিসি বাংলা",Related,,1.0
5191,dailyjanakantha.com,2018-09-20 11:49:07,Sports,reporter,Related,,1.0
5192,bangla.bdnews24.com,2018-09-21 17:13:33,National,যশোর-৪৯ বিজিবি ব্যাটালিয়নের অধিনায়ক,Related,,1.0
5193,somoynews.tv,2018-09-19 18:16:38,National,স্বরাষ্ট্র সচিব,Related,,1.0
5194,dailyjanakantha.com,2018-09-21 12:25:14,International,রয়টার্স,Related,,1.0
5195,prothomalo.com,2018-09-20 21:26:05,National,আবহাওয়া অধিদপ্তর,Related,,1.0
5197,dhakatimes24.com,2018-09-21 15:35:23,National,গণমাধ্যম,Related,,1.0
5199,bd24live.com,2018-09-19 23:51:46,National,সরকার দলীয় সংসদ,Related,,1.0
5200,banglatribune.com,2018-09-20 17:29:39,National,গাজী টিভির এডিটর ইন চিফ,Related,,1.0
5201,independent24.com,2018-09-22 23:32:01,Finance,বিশ্বব্যাংক,Related,,1.0
5202,banglanews24.com,2018-09-20 22:58:30,National,জেলা পুলিশ সুপার (এসপি),Related,,1.0
5203,kalerkantho.com,2018-09-21 02:13:57,National,বিশ্বনাথ থানার ওসি,Related,,1.0
5204,kalerkantho.com,2018-09-19 23:49:59,Sports,Journalist,Related,,1.0
5205,independent24.com,2018-09-20 14:28:35,Politics,reporter,Related,,1.0
5206,banglatribune.com,2018-09-20 18:07:50,Entertainment,Reporter,Related,,1.0
5207,banglatribune.com,2018-09-19 19:54:51,National,পুলিশ পরিদর্শক,Related,,1.0
5208,dhakatimes24.com,2018-09-22 16:11:52,International,বিবিসি,Related,,1.0
5209,jugantor.com,2018-09-22 19:17:23,Editorial,reporter,Related,,1.0
5210,kalerkantho.com,2018-09-21 08:49:42,National,সীতাকুণ্ড থানার অ্যাডিশনাল এসপি,Related,,1.0
5211,independent24.com,2018-09-24 07:48:27,Finance,জাপানি বিনিয়োগ সংস্থা জেট্রোর কর্মকর্তারা,Related,,1.0
5212,channelionline.com,2018-09-22 14:26:54,Sports,reporter,Related,,1.0
5213,ittefaq.com.bd,2018-09-20 01:13:46,Lifestyle,"ত্বক, লেজার এন্ড এসথেটিক বিশেষজ্ঞ",Related,,1.0
5214,channelionline.com,2018-09-19 21:02:35,Entertainment,টুইটার,Related,,1.0
5216,dailynayadiganta.com,2018-09-20 13:02:35,International,Not Found,Related,,1.0
5217,samakal.com,2018-09-19 19:50:09,National,মহিপুর থানার পরিদর্শক,Related,,1.0
5218,kalerkantho.com,2018-09-21 02:13:41,International,বিজিবির চেকপোস্ট ক্যাম্প কমান্ডার,Related,,1.0
5219,dhakatimes24.com,2018-09-22 00:34:41,International,কেন্দ্রীয় স্বরাষ্ট্র দপ্তর,Related,,1.0
5220,bangla.thereport24.com,2018-09-19 20:17:35,Editorial,গুলশান থানার ডিউটি অফিসার,Related,,1.0
5221,somoynews.tv,2018-09-20 16:49:56,International,ব্রিটিশ পররাষ্ট্রমন্ত্রী,Related,,1.0
5222,risingbd.com,2018-09-19 17:56:21,Entertainment,হাসনাত আবদুল হাই,Related,,1.0
5223,bangla.bdnews24.com,2018-09-20 00:25:31,Politics,বিএনপি দলের জ্যেষ্ঠ যুগ্ম মহাসচিব,Related,,1.0
5225,banglanews24.com,2018-09-20 10:56:22,National,প্রধানমন্ত্রী শেখ হাসিনা,Related,,1.0
5226,kalerkantho.com,2018-09-19 23:13:54,Editorial,Journalist,Related,,1.0
5228,banglatribune.com,2018-09-21 09:03:16,Politics,বিএনপির মহাসচিব,Related,,1.0
5229,dailynayadiganta.com,2018-09-19 23:50:18,National,কেন্দ্রীয় বিএনপির প্রচার সম্পাদক,Related,,1.0
5230,mzamin.com,2018-09-25 14:55:00,Miscellaneous,মেহেরপুর সদর থানার ওসি,Related,,1.0
5231,bd-pratidin.com,2018-09-20 20:54:35,Sports,Reporter,Related,,1.0
5232,independent24.com,2018-09-21 15:38:28,National,reporter,Related,,1.0
5233,mzamin.com,2018-09-24 20:17:03,National,আওয়ামী লীগ সাধারণ সমপাদক,Related,,1.0
5234,dailynayadiganta.com,2018-09-21 10:02:18,Miscellaneous,জনপ্রশাসন মন্ত্রণালয়,Related,,1.0
5235,prothomalo.com,2018-09-22 13:01:51,National,বাগেরহাট হাইওয়ে পুলিশের উপপরিদর্শক,Related,,1.0
5236,independent24.com,2018-09-23 15:05:48,National,reporter,Related,,1.0
5237,kalerkantho.com,2018-09-21 10:01:52,Lifestyle,reporter,Related,,1.0
5238,samakal.com,2018-09-23 15:40:00,Politics,আওয়ামী লীগের সাধারণ সম্পাদক এবং সড়ক পরিবহন ও সেতুমন্ত্রী,Related,,1.0
5239,somoynews.tv,2018-09-21 21:39:51,Sports,reporter,Related,,1.0
5240,dailynayadiganta.com,2018-09-20 00:26:47,Sports,reporter,Related,,1.0
5241,banglanews24.com,2018-09-21 14:37:25,National,ময়মনসিংহের গৌরীপুর উপজেলা নির্বাহী কর্মকর্তা,Related,,1.0
5242,bd24live.com,2018-09-20 00:28:18,National,"জেলা বিএনপির যুগ্ন সাধারণ সম্পাদক ,ছাত্রলীগের সাধারণ সম্পাদক",Related,,1.0
5243,ittefaq.com.bd,2018-09-21 13:50:00,National,সাতক্ষীরা জেলা পুলিশের বিশেষ শাখার পরিদর্শক,Related,,1.0
5244,dailyjanakantha.com,2018-09-21 17:13:14,National,সীতাকুন্ডের বার আউলিয়া হাইওয়ে থানার অফিসার ইনচার্জ,Related,,1.0
5245,dailynayadiganta.com,2018-09-21 17:50:48,Lifestyle,Reporter,Related,,1.0
5246,dhakatimes24.com,2018-09-20 12:36:07,Technology,গুগল,Related,,1.0
5247,banglanews24.com,2018-09-19 19:18:27,Entertainment,পরিচালক,Related,,1.0
5250,jugantor.com,2018-09-22 03:29:55,Editorial,reporter,Related,,1.0
5251,independent24.com,2018-09-21 07:49:02,Politics,reporter,Related,,1.0
5253,kalerkantho.com,2018-09-19 23:50:07,Editorial,mostofakamal,Related,,1.0
5254,kalerkantho.com,2018-09-19 20:50:04,International,Journalist,Related,,1.0
5257,dailynayadiganta.com,2018-09-20 12:26:36,Sports,reporter,Related,,1.0
5258,jagonews24.com,2018-09-21 19:36:36,Politics,পুরান ঢাকার নাজিমউদ্দিন রোডের পুরনো কারাগার,Related,,1.0
5259,dhakatimes24.com,2018-09-21 22:11:30,Politics,reporter,Related,,1.0
5260,banglatribune.com,2018-09-21 21:44:54,Sports,reporter,Related,,1.0
5261,banglanews24.com,2018-09-20 18:41:08,Sports,Reporter,Related,,1.0
5263,dailynayadiganta.com,2018-09-20 20:51:09,National,Reporter,Related,,1.0
5264,mzamin.com,2018-09-21 00:28:49,Sports,journalist,Related,,1.0
5265,bd24live.com,2018-09-20 18:28:01,National,শিক্ষামন্ত্রী,Related,,1.0
5266,dailyjanakantha.com,2018-09-20 19:01:19,National,তথ্য প্রতিমন্ত্রী,Related,,1.0
5267,jagonews24.com,2018-09-21 08:12:28,Entertainment,গুলশান থানা পুলিশ,Related,,1.0
5268,mzamin.com,2018-09-19 20:16:47,Miscellaneous,সংসদ অধিবেশন,Related,,1.0
5269,risingbd.com,2018-09-22 16:45:09,Entertainment,ফেসবুক,Related,,1.0
5270,prothomalo.com,2018-09-21 22:01:33,International,বাংলাদেশ সোসাইটির আসন্ন নির্বাচন,Related,,1.0
5272,risingbd.com,2018-09-20 15:29:49,Miscellaneous,কুকরী মুকরী ইউনিয়ন পরিষদের চেয়ারম্যান,Related,,1.0
5273,prothomalo.com,2018-09-19 23:49:45,National,আশুলিয়া থানার পরিদর্শক (তদন্ত),Related,,1.0
5274,somoynews.tv,2018-09-19 18:17:27,National,ঢাকা আবহাওয়া অফিস,Related,,1.0
5275,rtnn.net,2018-09-19 23:58:32,Sports,Reporter,Related,,1.0
5276,banglatribune.com,2018-09-19 19:54:50,National,শ্রম প্রতিমন্ত্রী,Related,,1.0
5277,bd-pratidin.com,2018-09-22 04:04:26,National,মান্দা থানার অফিসার ইনচার্জ,Related,,1.0
5278,banglanews24.com,2018-09-21 17:31:37,National,Reporter,Related,,1.0
5279,dailynayadiganta.com,2018-09-20 14:14:58,International,সামাজিক মাধ্যম,Related,,1.0
5280,jugantor.com,2018-09-19 19:07:19,Editorial,Reporter,Related,,1.0
5282,somoynews.tv,2018-09-19 18:15:53,National,গৃহায়ণ ও গণপূর্ত মন্ত্রী,Related,,1.0
5284,somoynews.tv,2018-09-22 17:27:31,International,reporter,Related,,1.0
5285,channelionline.com,2018-09-22 13:54:15,National,reporter,Related,,1.0
5286,jagonews24.com,2018-09-20 13:36:23,International,Not Found,Related,,1.0
5288,samakal.com,2018-09-23 12:06:59,National,মুকসুদপুর থানার উপ-পরিদর্শক,Related,,1.0
5289,dailyjanakantha.com,2018-09-21 16:37:11,International,আনন্দবাজার,Related,,1.0
5290,samakal.com,2018-09-20 01:12:28,Politics,বিএনপি মহাসচিব,Related,,1.0
5291,prothomalo.com,2018-09-20 12:25:56,International,অস্ট্রেলিয়ায় জঙ্গিবাদে অভিযুক্ত বাংলাদেশি,Related,,1.0
5292,somoynews.tv,2018-09-19 21:02:45,Education,Reporter,Related,,1.0
5293,jagonews24.com,2018-09-19 22:00:27,National,বার্ন ইউনিটের চিকিৎসক,Related,,1.0
5294,channelionline.com,2018-09-21 12:02:03,Crime,ভিডিও,Related,,1.0
5295,independent24.com,2018-09-20 20:28:28,National,Not Found,Related,,1.0
5296,somoynews.tv,2018-09-21 16:48:50,International,প্রত্যক্ষদর্শীরা,Related,,1.0
5297,kalerkantho.com,2018-09-21 23:51:11,Sports,Reporter,Related,,1.0
5298,bd24live.com,2018-09-20 09:27:34,National,নাঙ্গলকোট থানার ভারপ্রাপ্ত কর্মকর্তা (ওসি),Related,,1.0
5299,dhakatimes24.com,2018-09-22 19:21:45,National,reporter,Related,,1.0
5300,dhakatimes24.com,2018-09-21 20:59:17,Sports,reporter,Related,,1.0
5301,bangla.bdnews24.com,2018-09-22 11:13:35,Technology,রয়টার্স,Related,,1.0
5302,bangla.thereport24.com,2018-09-23 13:41:30,National,পুঠিয়া থানার ওসি,Related,,1.0
5303,dailynayadiganta.com,2018-09-22 17:14:58,National,reporter,Related,,1.0
5304,kalerkantho.com,2018-09-20 01:37:42,Finance,প্রধানমন্ত্রীর কার্যালয়ের মুখ্য সচিব মো. নজিবুর রহমান,Related,,1.0
5305,banglanews24.com,2018-09-21 21:21:51,Entertainment,reporter,Related,,1.0
5306,jugantor.com,2018-09-22 20:58:24,Editorial,reporter,Related,,1.0
5307,bangla.thereport24.com,2018-09-24 08:52:18,National,কালীগঞ্জ উপজেলার ১নং সুন্দরপুর দুর্গাপুর ইউনিয়নের চেয়ারম্যান,Related,,1.0
5308,bangla.bdnews24.com,2018-09-22 16:01:37,National,পুলিশ কর্মকর্তা,Related,,1.0
5309,kalerkantho.com,2018-09-20 22:02:02,International,আশুলিয়া থানার ভারপ্রাপ্ত কর্মকর্তা (ওসি),Related,,1.0
5310,dhakatimes24.com,2018-09-20 12:36:18,Technology,হালট্রিপের প্রধান নির্বাহী কর্মকর্তা (সিইও),Related,,1.0
5313,jagonews24.com,2018-09-22 12:24:26,Editorial,ডেইলি মেইল,Related,,1.0
5314,jugantor.com,2018-09-19 19:07:52,Editorial,Reporter,Related,,1.0
5315,kalerkantho.com,2018-09-21 01:37:55,Sports,Reporter,Related,,1.0
5316,banglanews24.com,2018-09-20 12:07:37,National,বাকলিয়া থানার ভারপ্রাপ্ত কর্মকর্তা (ওসি),Related,,1.0
5317,prothomalo.com,2018-09-21 11:13:51,International,ভারতের মুখ্যমন্ত্রী,Related,,1.0
5318,bangla.thereport24.com,2018-09-22 14:17:14,National,ঢালচরের মাছ ব্যবসায়ী (আড়তদার),Related,,1.0
5319,bd-pratidin.com,2018-09-21 17:53:58,National,নৌমন্ত্রী,Related,,1.0
5320,bangla.thereport24.com,2018-09-19 20:53:27,National,রেলমন্ত্রী,Related,,1.0
5321,kalerkantho.com,2018-09-19 23:50:05,Miscellaneous,reporter,Related,,1.0
5322,jagonews24.com,2018-09-19 12:39:00,Entertainment,reporter,Related,,1.0
5323,channelionline.com,2018-09-20 13:50:28,Entertainment,টুইটারে,Related,,1.0
5324,bangla.thereport24.com,2018-09-22 01:03:55,International,ডন,Related,,1.0
5325,banglanews24.com,2018-09-20 16:20:46,National,Reporter,Related,,1.0
5326,banglanews24.com,2018-09-22 03:37:58,National,পুলিশের উপ-পরিদর্শক,Related,,1.0
5327,kalerkantho.com,2018-09-21 10:01:52,International,কেন্দুয়া থানার ওসি,Related,,1.0
5329,dhakatimes24.com,2018-09-21 20:23:13,Editorial,কথাসাহিত্যিক হুমায়ূন আহমেদের ঘনিষ্ঠ সহচর,Related,,1.0
5330,bd24live.com,2018-09-19 21:28:25,National,পরীমণি,Related,,1.0
5333,dhakatimes24.com,2018-09-21 16:46:52,National,সড়ক পরিবহন ও সেতুমন্ত্রী,Related,,1.0
5334,banglatribune.com,2018-09-21 18:38:22,International,ওয়ানজা বন্দরর আঞ্চলিক পুলিশ কমান্ডার,Related,,1.0
5335,kalerkantho.com,2018-09-20 19:02:40,National,প্রধানমন্ত্রী,Related,,1.0
5336,independent24.com,2018-09-22 18:04:00,National,পানি উন্নয়ন বোর্ড,Related,,1.0
5337,jugantor.com,2018-09-19 18:02:56,Editorial,বিএনপির সিনিয়র যুগ্ম মহাসচিব,Related,,1.0
5338,banglanews24.com,2018-09-20 02:28:04,Editorial,Reporter,Related,,1.0
5339,jagonews24.com,2018-09-22 15:24:25,Education,"ভুক্তভোগী ,প্রাধ্যক্ষ",Related,,1.0
5340,jagonews24.com,2018-09-21 13:00:29,International,শহরের পুলিশ প্রধান,Related,,1.0
5341,rtnn.net,2018-09-24 22:12:31,International,আরটিএনএন ইসলামাবাদ,Related,,1.0
5342,bd24live.com,2018-09-19 17:54:39,National,তথ্য ও প্রযুক্তি প্রতিমন্ত্রী,Related,,1.0
5343,prothomalo.com,2018-09-22 13:37:41,National,থানার ভারপ্রাপ্ত কর্মকর্তা,Related,,1.0
5344,risingbd.com,2018-09-20 14:16:42,Crime,আদালত,Related,,1.0
5345,bd24live.com,2018-09-22 17:51:43,National,Reporter,Related,,1.0
5347,dhakatimes24.com,2018-09-19 19:12:30,National,র‌্যাব-১১ সিনিয়র সহকারি পরিচালক এএসপি,Related,,1.0
5348,dailynayadiganta.com,2018-09-22 14:14:32,Politics,বিএনপির সিনিয়র যুগ্ম মহাসচিব,Related,,1.0
5350,jagonews24.com,2018-09-19 21:24:19,National,Reporter,Related,,1.0
5351,risingbd.com,2018-09-22 17:16:48,Sports,ক্রীড়া প্রতিবেদক,Related,,1.0
5352,samakal.com,2018-09-20 16:47:40,Politics,আওয়ামী লীগের সাধারণ সম্পাদক,Related,,1.0
5353,dailyjanakantha.com,2018-09-22 12:25:19,National,আবদুল গনির সহকারী একান্ত সচিব,Related,,1.0
5354,channelionline.com,2018-09-20 13:50:28,National,হাতিয়া থানার অফিসার ইনচার্জ,Related,,1.0
5355,somoynews.tv,2018-09-19 21:38:58,National,Reporter,Related,,1.0
5356,somoynews.tv,2018-09-20 20:14:59,Sports,Reporter,Related,,1.0
5357,somoynews.tv,2018-09-21 13:14:00,National,reporter,Related,,1.0
5358,risingbd.com,2018-09-22 10:03:33,Sports,reporter,Related,,1.0
5360,jagonews24.com,2018-09-22 09:24:27,National,reporter,Related,,1.0
5361,prothomalo.com,2018-09-20 18:25:37,National,reporter,Related,,1.0
5362,banglanews24.com,2018-09-20 16:20:42,National,আদালত,Related,,1.0
5363,jugantor.com,2018-09-22 05:17:55,Editorial,তাহিরপুর থানার ওসি,Related,,1.0
5364,samakal.com,2018-09-20 18:01:30,Lifestyle,জি নিউজ,Related,,1.0
5365,bangla.bdnews24.com,2018-09-19 19:37:33,Finance,Reporter,Related,,1.0
5366,kalerkantho.com,2018-09-20 11:14:04,Entertainment,অভিনেত্রী ও মডেল সাফা কবির,Related,,1.0
5367,kalerkantho.com,2018-09-22 14:50:08,Miscellaneous,Reporter,Related,,1.0
5368,somoynews.tv,2018-09-21 10:49:51,National,স্থায়ী কমিটির সদস্য,Related,,1.0
5369,ittefaq.com.bd,2018-09-22 18:04:19,Crime,পুলিশ ও স্থানীয় সূত্রে,Related,,1.0
5370,mzamin.com,2018-09-25 21:16:59,National,reporter,Related,,1.0
5371,somoynews.tv,2018-09-19 18:17:36,Sports,Reporter,Related,,1.0
5372,mzamin.com,2018-09-21 12:28:10,Miscellaneous,প্রধানমন্ত্রী,Related,,1.0
5375,mzamin.com,2018-09-20 23:16:35,Miscellaneous,বাসস,Related,,1.0
5376,ittefaq.com.bd,2018-09-22 11:27:19,Sports,টুইটার,Related,,1.0
5378,mzamin.com,2018-09-19 18:28:15,Sports,Journalist,Related,,1.0
5379,samakal.com,2018-09-22 21:40:28,National,নগর পুলিশের সহকারী কমিশনার (চট্টগ্রাম অঞ্চল),Related,,1.0
5380,risingbd.com,2018-09-22 14:52:24,National,আওয়ামী লীগের সাধারণ সম্পাদক,Related,,1.0
5383,banglanews24.com,2018-09-19 19:57:06,National,জেলার বিশেষ শাখার ইন্সপেক্টর,Related,,1.0
5384,banglanews24.com,2018-09-20 23:43:06,Sports,লক্ষ্মীকুন্ডা ইউনিয়ন পরিষদের (ইউপি) চেয়ারম্যান,Related,,1.0
5385,samakal.com,2018-09-22 22:18:32,National,"র‌্যাব-৭ এর সহকারী পরিচালক (মিডিয়া ), সহকারী পুলিশ সুপার",Related,,1.0
5386,somoynews.tv,2018-09-19 18:17:48,National,চুয়াডাঙ্গা সদরের কৃষি কর্মকর্তা,Related,,1.0
5387,samakal.com,2018-09-23 02:08:22,National,ইলিয়াস কাঞ্চন,Related,,1.0
5388,ittefaq.com.bd,2018-09-22 09:37:55,Sports,স্পেনের অ্যাটাকিং মিডফিল্ডার ইসকো,Related,,1.0
5389,banglanews24.com,2018-09-19 21:06:14,Entertainment,Reporter,Related,,1.0
5390,jugantor.com,2018-09-20 08:54:29,Editorial,ব্রাহ্মণবাড়িয়া রেলস্টেশনের পুলিশ ক্যাম্পের ইনচার্জ,Related,,1.0
5391,banglanews24.com,2018-09-20 10:21:09,Miscellaneous,Not found,Related,,1.0
5393,independent24.com,2018-09-24 00:48:41,National,জনপ্রশাসন মন্ত্রণালয়,Related,,1.0
5394,jugantor.com,2018-09-21 12:31:51,Editorial,Reporter,Related,,1.0
5395,jagonews24.com,2018-09-22 16:36:26,Politics,সাবেক ভিপি,Related,,1.0
5396,banglatribune.com,2018-09-21 21:43:52,National,পরিকল্পনা মন্ত্রণালয়,Related,,1.0
5397,banglanews24.com,2018-09-19 19:57:25,National,ঝিনাইদহ সদর থানার ভারপ্রাপ্ত কর্মকর্তা (ওসি),Related,,1.0
5398,jagonews24.com,2018-09-21 14:12:38,Education,reporter,Related,,1.0
5399,kalerkantho.com,2018-09-20 02:13:54,Education,Not Found,Related,,1.0
5400,bangla.bdnews24.com,2018-09-21 22:01:21,National,পুরান ঢাকার নাজিম উদ্দিন রোডের পরিত্যক্ত কেন্দ্রীয় কারাগার,Related,,1.0
5401,jagonews24.com,2018-09-21 15:24:29,National,Reporter,Related,,1.0
5402,bangla.thereport24.com,2018-09-22 13:41:45,Crime,পুলিশের কাউন্টার টেরোরিজম অ্যান্ড ট্রান্সন্যাশনাল ক্রাইম (সিটিটিসি) ইউনিটের প্রধান,Related,,1.0
5403,jagonews24.com,2018-09-19 12:53:00,Entertainment,reporter,Related,,1.0
5404,rtnn.net,2018-09-21 10:45:37,Sports,Reporter,Related,,1.0
5405,independent24.com,2018-09-23 09:03:39,Sports,reporter,Related,,1.0
5406,banglatribune.com,2018-09-21 18:38:26,National,ব্রাহ্মণবাড়িয়া আখাউড়া রেলওয়ের ওসি,Related,,1.0
5407,banglanews24.com,2018-09-22 10:55:13,National,Reporter,Related,,1.0
5408,channelionline.com,2018-09-20 18:37:15,Sports,reporter,Related,,1.0
5409,bd-pratidin.com,2018-09-22 13:42:16,National,নির্বাচন কমিশনার,Related,,1.0
5410,risingbd.com,2018-09-21 18:28:51,Sports,Reporter,Related,,1.0
5412,independent24.com,2018-09-20 18:37:56,Politics,জাতীয় পার্টির চেয়ারম্যান,Related,,1.0
5413,independent24.com,2018-09-25 06:37:18,National,reporter,Related,,1.0
5414,bd24live.com,2018-09-21 13:04:04,National,মৎস্য অধিদফতর,Related,,1.0
5415,channelionline.com,2018-09-20 17:26:04,International,হজ মন্ত্রণালয়ের ওমরাহ বিভাগের সহকারী সচিব,Related,,1.0
5416,dailynayadiganta.com,2018-09-20 16:03:25,National,আদালত,Related,,1.0
5417,ittefaq.com.bd,2018-09-19 18:38:02,Politics,আওয়ামী লীগের যুগ্ম -সাধারণ সম্পাদক,Related,,1.0
5418,risingbd.com,2018-09-20 09:28:01,Sports,Reporter,Related,,1.0
5419,dhakatimes24.com,2018-09-22 13:49:17,National,লালমনিরহাট বিভাগীয় ব্যবস্থাপক,Related,,1.0
5420,bd24live.com,2018-09-22 16:44:36,National,reporter,Related,,1.0
5421,banglanews24.com,2018-09-21 22:17:41,Sports,reporter,Related,,1.0
5422,ittefaq.com.bd,2018-09-20 16:50:33,Crime,আদালত,Related,,1.0
5423,ittefaq.com.bd,2018-09-19 23:27:10,Sports,reporter,Related,,1.0
5424,kalerkantho.com,2018-09-20 14:14:42,Miscellaneous,নুসরাত ফারিয়া,Related,,1.0
5425,prothomalo.com,2018-09-19 19:01:53,National,journalist,Related,,1.0
5426,somoynews.tv,2018-09-21 12:38:02,Sports,reporter,Related,,1.0
5427,ittefaq.com.bd,2018-09-19 21:39:32,Crime,আদালত,Related,,1.0
5428,dailynayadiganta.com,2018-09-20 09:26:09,National,reporter,Related,,1.0
5429,kalerkantho.com,2018-09-19 23:13:53,National,প্রধানমন্ত্রী,Related,,1.0
5430,prothomalo.com,2018-09-20 16:37:34,Sports,reporter,Related,,1.0
5431,bd24live.com,2018-09-22 12:27:46,Miscellaneous,reporter,Related,,1.0
5434,jugantor.com,2018-09-21 14:19:07,Editorial,ত্রিশাল ফায়ার সার্ভিসের কর্মকর্তা,Related,,1.0
5436,banglatribune.com,2018-09-20 15:43:02,Entertainment,Reporter,Related,,1.0
5437,jagonews24.com,2018-09-20 09:24:30,International,ওয়ান ইন্ডিয়া,Related,,1.0
5438,jagonews24.com,2018-09-20 09:24:27,International,Reporter,Related,,1.0
5439,prothomalo.com,2018-09-20 18:25:42,International,নেদারল্যান্ডসের অবকাঠামো ও পানি ব্যবস্থাপনা মন্ত্রণালয়ের মন্ত্রী,Related,,1.0
5441,somoynews.tv,2018-09-22 01:49:10,Miscellaneous,বাংলাদেশ ব্যাংক নিয়োগ বিজ্ঞপ্তি,Related,,1.0
5442,bd-pratidin.com,2018-09-20 08:53:16,Miscellaneous,কোয়ার্টজ,Related,,1.0
5443,bd24live.com,2018-09-19 17:54:41,National,কলকাতার অভিনেত্রী,Related,,1.0
5444,dailynayadiganta.com,2018-09-22 11:14:38,Finance,সোনালী ব্যাংকের সংশ্লিষ্ট সূত্র,Related,,1.0
5445,dhakatimes24.com,2018-09-19 20:24:26,National,reporter,Related,,1.0
5446,samakal.com,2018-09-20 21:38:35,National,বিএনপির মহাসচিব,Related,,1.0
5447,bangla.thereport24.com,2018-09-19 20:17:38,National,Reporter,Related,,1.0
5448,bd-pratidin.com,2018-09-21 16:41:43,National,নাঙ্গলকোট থানার পরিদর্শক (তদন্ত,Related,,1.0
5449,prothomalo.com,2018-09-21 14:13:44,Sports,reporter,Related,,1.0
5451,kalerkantho.com,2018-09-21 10:37:55,International,reporter,Related,,1.0
5452,banglatribune.com,2018-09-21 16:32:46,National,বাংলাদেশ অভিবাসী মহিলা শ্রমিক অ্যাসোসিয়েশনের পরিচালক,Related,,1.0
5453,dhakatimes24.com,2018-09-22 08:58:23,Education,বাকৃবি অফিসার পরিষদের একটি বিজ্ঞপ্তি,Related,,1.0
5455,mzamin.com,2018-09-25 23:40:09,Sports,আইসিসির এন্টি করাপশন ইউনিটের প্রধান,Related,,1.0
5456,channelionline.com,2018-09-19 18:37:13,National,প্রধানমন্ত্রী কার্যালয়,Related,,1.0
5457,dhakatimes24.com,2018-09-22 18:36:08,National,পুলিশ সুপার,Related,,1.0
5458,jagonews24.com,2018-09-19 22:00:26,National,উপজেলা সাব-রেজিস্ট্রার অঞ্জনা রানী (ভারপ্রাপ্ত),Related,,1.0
5459,somoynews.tv,2018-09-19 18:16:15,National,আবহাওয়া অধিদপ্তরের আবহাওয়াবিদ,Related,,1.0
5460,prothomalo.com,2018-09-19 20:13:51,International,ভারতীয় সংবাদমাধ্যম এনডিটিভি,Related,,1.0
5461,somoynews.tv,2018-09-21 18:37:20,Sports,reporter,Related,,1.0
5462,mzamin.com,2018-09-20 23:52:16,Entertainment,journalist,Related,,1.0
5463,jugantor.com,2018-09-22 14:19:32,Editorial,গণমাধ্যম,Related,,1.0
5464,banglatribune.com,2018-09-22 17:38:40,Politics,reporter,Related,,1.0
5466,rtnn.net,2018-09-21 23:23:44,National,প্রাথমিক শিক্ষা অধিদফতরের (ডিপিই) মহাপরিচালক,Related,,1.0
5467,bangla.thereport24.com,2018-09-19 20:53:26,National,Reporter,Related,,1.0
5468,dhakatimes24.com,2018-09-20 08:23:50,National,জনপ্রশাসন মন্ত্রণালয়,Related,,1.0
5470,banglatribune.com,2018-09-20 14:30:03,International,মিডল ইস্ট মনিটর,Related,,1.0
5471,mzamin.com,2018-09-22 20:18:32,Miscellaneous,লাঙ্গলকোট থানার ওসি আশরাফুল ইসলাম আশরাফ,Related,,1.0
5472,banglatribune.com,2018-09-21 11:27:48,Entertainment,reporter,Related,,1.0
5473,mzamin.com,2018-09-20 00:28:55,Entertainment,অভিনেতা,Related,,1.0
5474,banglanews24.com,2018-09-22 19:53:12,National,চট্টগ্রাম ফায়ার সার্ভিসের উপ-পরিচালক,Related,,1.0
5475,kalerkantho.com,2018-09-21 17:49:59,International,খারুয়া ইউনিয়ন পরিষদের চেয়ারম্যান,Related,,1.0
5476,banglatribune.com,2018-09-19 18:21:16,Editorial,গল্পকার ও কলাম লেখক,Related,,1.0
5477,rtnn.net,2018-09-21 14:58:04,International,স্পেস এক্স,Related,,1.0
5478,channelionline.com,2018-09-19 21:02:35,Finance,এশীয় উন্নয়ন ব্যাংক (এডিবি),Related,,1.0
5479,bd-pratidin.com,2018-09-21 17:53:59,National,সড়ক পরিবহন ও সেতুমন্ত্রী,Related,,1.0
5480,ittefaq.com.bd,2018-09-20 10:50:41,Sports,reporter,Related,,1.0
5482,bangla.bdnews24.com,2018-09-20 10:01:20,National,ঢাকা বিশ্ববিদ্যালয়ের উপাচার্য,Related,,1.0
5483,banglanews24.com,2018-09-19 22:56:47,Finance,ভিশন ইলেকট্রনিক্সের মহাব্যবস্থাপক (বিপণন),Related,,1.0
5484,bangla.thereport24.com,2018-09-22 21:31:19,Crime,দুর্নীতি দমন কমিশন,Related,,1.0
5485,dhakatimes24.com,2018-09-22 14:58:56,National,সাভার মডেল থানার উপপরিদর্শক (এসআই),Related,,1.0
5486,samakal.com,2018-09-19 18:13:46,Sports,Reporter,Related,,1.0
5487,banglatribune.com,2018-09-20 20:28:49,National,Reporter,Related,,1.0
5489,banglatribune.com,2018-09-20 17:29:43,Miscellaneous,বাংলাদেশ সাধারণ ছাত্র পরিষদ,Related,,1.0
5490,banglanews24.com,2018-09-21 18:39:57,Sports,Reporter,Related,,1.0
5491,banglanews24.com,2018-09-19 22:20:32,National,জেলা পুলিশ সুপার,Related,,1.0
5492,prothomalo.com,2018-09-19 20:49:33,Entertainment,Journalist,Related,,1.0
5493,banglanews24.com,2018-09-21 13:52:37,Education,উপজেলা মাধ্যমিক শিক্ষা কর্মকর্তা,Related,,1.0
5494,banglanews24.com,2018-09-20 20:19:10,Lifestyle,আদ্-দ্বীন ফাউন্ডেশনের পরিচালক (রেগুলেটরি অ্যাফেয়ার্স অ্যান্ড মেডিকেল অ্যাডুকেশন),Related,,1.0
5495,risingbd.com,2018-09-20 14:16:40,National,পররাষ্ট্রমন্ত্রী,Related,,1.0
5496,risingbd.com,2018-09-22 12:28:22,National,reporter,Related,,1.0
5499,jugantor.com,2018-09-21 12:31:49,Editorial,প্রধানমন্ত্রী,Related,,1.0
5500,channelionline.com,2018-09-21 18:00:48,Sports,reporter,Related,,1.0
5501,mzamin.com,2018-09-24 23:16:47,Miscellaneous,কোতোয়ালী থানার ওসি,Related,,1.0
5502,ittefaq.com.bd,2018-09-19 20:27:21,National,রামগঞ্জ থানা অফিসার ইনচার্জ,Related,,1.0
5505,channelionline.com,2018-09-21 15:02:28,International,রয়টার্স,Related,,1.0
5506,prothomalo.com,2018-09-19 19:01:53,Entertainment,journalist,Unrelated,,1.0
5508,risingbd.com,2018-09-20 12:28:40,Sports,Reporter,Related,,1.0
5509,banglanews24.com,2018-09-22 21:45:13,Finance,প্রাণ এক্সপোর্ট লিমিটেডের প্রধান পরিচালন কর্মকর্তা,Related,,1.0
5510,independent24.com,2018-09-25 06:37:17,National,গুলশান জোনের উপ-কমিশনার,Related,,1.0
5511,independent24.com,2018-09-21 16:14:00,National,বিমানবন্দরের কর্মকর্তা,Related,,1.0
5512,mzamin.com,2018-09-21 10:39:47,Entertainment,journalist,Related,,1.0
5513,prothomalo.com,2018-09-22 03:25:35,National,বিকল্পধারার সভাপতি,Related,,1.0
5514,ittefaq.com.bd,2018-09-20 15:41:40,Sports,বিসিসিআই,Related,,1.0
5515,dailynayadiganta.com,2018-09-20 20:14:27,Politics,Reporter,Related,,1.0
5516,dhakatimes24.com,2018-09-22 12:36:10,Technology,নিকন,Related,,1.0
5517,banglatribune.com,2018-09-19 22:54:54,Miscellaneous,সিএনএন,Related,,1.0
5518,jagonews24.com,2018-09-21 09:24:29,Finance,হাইকোর্ট,Related,,1.0
5519,kalerkantho.com,2018-09-20 00:25:59,International,সাভার মডেল থানার ভারপ্রাপ্ত কর্মকর্তা (ওসি) আব্দুল আউয়াল,Related,,1.0
5520,bangla.bdnews24.com,2018-09-20 17:13:42,Politics,বিএনপির জ্যেষ্ঠ যুগ্ম মহাসচিব,Related,,1.0
5522,dailynayadiganta.com,2018-09-21 17:50:46,National,reporter,Related,,1.0
5523,mzamin.com,2018-09-23 14:16:08,Entertainment,"সামাজিক যোগাযোগ মাধ্যমে, টুইট",Related,,1.0
5526,jugantor.com,2018-09-20 10:07:36,Editorial,আশুলিয়া থানার পরিদর্শক (তদন্ত),Related,,1.0
5527,prothomalo.com,2018-09-21 20:13:31,Technology,তথ্যসূত্র: ইউএনবি,Related,,1.0
5528,bd-pratidin.com,2018-09-19 21:30:20,Sports,Reporter,Related,,1.0
5530,samakal.com,2018-09-21 16:48:33,National,নাঙ্গলকোট থানার ওসি,Related,,1.0
5531,jagonews24.com,2018-09-21 17:48:36,Miscellaneous,Reporter,Related,,1.0
5532,banglanews24.com,2018-09-21 14:37:24,Finance,Reporter,Related,,1.0
5536,banglanews24.com,2018-09-19 21:06:19,National,কোস্টগার্ড পশ্চিম জোনের গোয়েন্দা কর্মকর্তা,Related,,1.0
5537,ittefaq.com.bd,2018-09-19 19:51:21,International,ফুল ডিসক্লোসার,Related,,1.0
5538,ittefaq.com.bd,2018-09-21 02:25:23,National,উপজেলা স্বাস্থ্য ও পরিবার পরিকল্পনা কর্মকর্তা,Related,,1.0
5539,banglatribune.com,2018-09-20 23:37:14,National,গাজী টিভির এডিটর ইন চিফ,Related,,1.0
5540,dailynayadiganta.com,2018-09-20 22:03:10,National,জাতীয় নির্বাহী কমিটির সদস্য ও বগুড়া জেলা সভাপতি,Related,,1.0
5541,jugantor.com,2018-09-20 20:20:11,Editorial,রবির কর্পোরেট,Related,,1.0
5542,independent24.com,2018-09-22 10:49:22,National,সৈয়দপুরে উপজেলা প্রশাসন,Related,,1.0
5543,banglanews24.com,2018-09-20 03:40:29,Finance,নাইজেরিয়ায় নিযুক্ত বাংলাদেশের হাইকমিশনার,Related,,1.0
5544,bd-pratidin.com,2018-09-21 17:17:52,Sports,reporter,Related,,1.0
5545,samakal.com,2018-09-20 16:14:25,International,রয়টার্স,Related,,1.0
5546,banglanews24.com,2018-09-19 19:57:05,National,পররাষ্ট্র মন্ত্রণালয়,Related,,1.0
5547,mzamin.com,2018-09-23 19:04:51,International,ওয়াশিংটন পোস্ট,Related,,1.0
5548,independent24.com,2018-09-24 17:43:11,Politics,আওয়ামী লীগ সাধারণ সম্পাদক,Related,,1.0
5549,bd24live.com,2018-09-20 00:28:17,Miscellaneous,Reporter,Related,,1.0
5550,somoynews.tv,2018-09-19 19:50:49,National,প্রধানমন্ত্রী,Related,,1.0
5551,dhakatimes24.com,2018-09-20 20:24:57,Sports,Reporter,Related,,1.0
5552,dailynayadiganta.com,2018-09-20 10:02:10,Miscellaneous,জাতীয় সংসদের শিশু অধিকার বিষয়ক সংসদীয় ককাসের চেয়ারম্যান,Related,,1.0
5553,jagonews24.com,2018-09-22 11:48:26,Sports,reporter,Related,,1.0
5554,prothomalo.com,2018-09-22 15:25:42,National,উপজেলা নির্বাহী কর্মকর্তা (ইউএনও),Related,,1.0
5555,jugantor.com,2018-09-22 14:54:44,Editorial,Reporter,Related,,1.0
5556,dhakatimes24.com,2018-09-21 08:59:46,Education,বিশ্ববিদ্যালয়ের প্রক্টর,Related,,1.0
5557,ittefaq.com.bd,2018-09-22 18:40:55,Editorial,reporter,Related,,1.0
5558,jugantor.com,2018-09-20 22:44:49,Editorial,Reporter,Related,,1.0
5560,bangla.bdnews24.com,2018-09-22 16:01:38,National,সাভার থানার এসআই,Related,,1.0
5561,dhakatimes24.com,2018-09-20 20:24:48,National,কালাই থানার ভারপ্রাপ্ত কর্মকর্তা,Related,,1.0
5562,banglatribune.com,2018-09-20 18:07:58,National,কুমিল্লা সিনিয়র জুডিশিয়াল ম্যাজিস্ট্রেট,Related,,1.0
5563,banglatribune.com,2018-09-20 16:17:45,Miscellaneous,সানডে এক্সপ্রেস,Related,,1.0
5564,somoynews.tv,2018-09-21 15:37:54,Education,ঢাকা বিশ্ববিদ্যালয়ের উপাচার্য,Related,,1.0
5565,somoynews.tv,2018-09-22 16:54:48,International,reporter,Related,,1.0
5567,jagonews24.com,2018-09-19 13:11:00,National,অর্থমন্ত্রী,Related,,1.0
5568,samakal.com,2018-09-21 22:49:06,Sports,reporter,Related,,1.0
5569,bd-pratidin.com,2018-09-20 08:53:18,Sports,reporter,Related,,1.0
5570,prothomalo.com,2018-09-21 23:14:19,International,টুইট,Related,,1.0
5572,risingbd.com,2018-09-20 17:53:24,National,কাউন্টার টেররিজম ইউনিটের পরিদর্শক,Related,,1.0
5573,banglanews24.com,2018-09-22 18:13:16,National,থানার ভারপ্রাপ্ত কর্মকর্তা,Related,,1.0
5574,dailynayadiganta.com,2018-09-19 23:50:15,Politics,প্রধান বিচারপতি,Related,,1.0
5575,banglanews24.com,2018-09-21 22:52:59,Miscellaneous,reporter,Related,,1.0
5576,independent24.com,2018-09-22 16:15:07,Politics,reporter,Related,,1.0
5577,jagonews24.com,2018-09-21 17:48:29,International,নির্মানা থানার ইনচার্জ,Related,,1.0
5578,somoynews.tv,2018-09-21 19:13:29,National,ফরিদপুর পানি উন্নয়ন বোর্ডের তত্ত্বাবধায়ক,Related,,1.0
5579,banglatribune.com,2018-09-19 21:04:04,Politics,গণসংহতি আন্দোলনের প্রধান সমন্বয়ক,Related,,1.0
5580,jugantor.com,2018-09-20 03:30:17,Editorial,প্রতিরক্ষা মন্ত্রণালয়,Related,,1.0
5581,kalerkantho.com,2018-09-20 23:14:24,International,Reporter,Related,,1.0
5582,dailynayadiganta.com,2018-09-20 16:38:30,National,শাহরাস্তি ফায়ার সার্ভিসের স্টেশন মাস্টার,Related,,1.0
5583,banglatribune.com,2018-09-20 11:31:20,National,প্রধানমন্ত্রী,Related,,1.0
5584,kalerkantho.com,2018-09-20 07:37:44,Miscellaneous,Journalist,Unrelated,,1.0
5585,dhakatimes24.com,2018-09-20 11:59:45,Sports,Not Found,Related,,1.0
5586,samakal.com,2018-09-21 13:13:08,National,গোয়েন্দা পুলিশ,Related,,1.0
5587,banglanews24.com,2018-09-20 12:46:34,National,রাঙামাটি জেলা প্রশাসক (ডিসি),Related,,1.0
5588,prothomalo.com,2018-09-21 13:02:01,National,প্রবাসীকল্যাণ ও বৈদেশিক কর্মসংস্থানমন্ত্রী,Related,,1.0
5589,bangla.thereport24.com,2018-09-22 19:06:53,National,প্রধানমন্ত্রীর প্রেস সচিব,Related,,1.0
5590,samakal.com,2018-09-23 10:18:15,National,জেলা পুলিশ সুপার,Related,,1.0
5591,bd24live.com,2018-09-20 13:39:56,National,Reporter,Related,,1.0
5592,jugantor.com,2018-09-19 22:09:09,Editorial,তুরস্কের পররাষ্ট্রমন্ত্রী,Related,,1.0
5593,bangla.bdnews24.com,2018-09-19 20:13:40,Finance,বিটিআরসির জ্যেষ্ঠ সহকারী পরিচালক (মিডিয়া) জাকির হোসেন খান,Related,,1.0
5595,banglanews24.com,2018-09-20 13:24:29,National,Reporter,Related,,1.0
5596,jagonews24.com,2018-09-21 10:36:26,Editorial,reporter,Related,,1.0
5597,banglanews24.com,2018-09-20 16:57:53,Sports,বিসিসিআই,Related,,1.0
5598,ittefaq.com.bd,2018-09-20 10:50:43,Sports,reporter,Related,,1.0
5599,mzamin.com,2018-09-19 22:05:48,International,গার্ডিয়ান,Related,,1.0
5600,prothomalo.com,2018-09-20 14:14:06,Lifestyle,উইকি হাউ,Related,,1.0
5601,banglanews24.com,2018-09-22 14:00:37,National,ঢাকা মেট্রোপলিটন পুলিশের অতিরিক্ত কমিশনার (ট্রাফিক),Related,,1.0
5602,bd24live.com,2018-09-19 19:04:03,National,Reporter,Related,,1.0
5603,dailyjanakantha.com,2018-09-19 19:37:07,National,reporter,Related,,1.0
5604,bangla.bdnews24.com,2018-09-21 00:25:26,National,Reporter,Related,,1.0
5605,bangla.thereport24.com,2018-09-21 23:18:17,Crime,Reporter,Related,,1.0
5606,somoynews.tv,2018-09-19 18:17:46,International,জাতিসংঘ মহাসচিব,Related,,1.0
5607,bangla.thereport24.com,2018-09-20 12:29:27,National,র‌্যাব-১১ এর সিনিয়র সহকারী পরিচালক,Related,,1.0
5608,prothomalo.com,2018-09-19 20:49:30,International,Journalist,Related,,1.0
5609,dhakatimes24.com,2018-09-21 22:11:27,Sports,reporter,Related,,1.0
5610,banglanews24.com,2018-09-21 15:26:39,Sports,Reporter,Related,,1.0
5611,prothomalo.com,2018-09-20 21:26:09,National,উপাচার্য,Related,,1.0
5612,banglatribune.com,2018-09-19 22:54:54,International,ওয়েস্ট ইয়র্কশায়ার পুলিশের সহকারী প্রধান কনস্টেবল,Related,,1.0
5614,risingbd.com,2018-09-20 10:40:16,Sports,Reporter,Related,,1.0
5615,banglanews24.com,2018-09-22 16:18:06,National,লক্ষ্মীপুর সদর মডেল থানার ভারপ্রাপ্ত কর্মকর্তা (ওসি),Related,,1.0
5616,dhakatimes24.com,2018-09-19 19:48:59,Sports,reporter,Related,,1.0
5617,banglanews24.com,2018-09-22 21:45:07,National,সিটি করপোরেশনের সাবেক মেয়র,Related,,1.0
5618,dailyjanakantha.com,2018-09-20 18:25:02,National,reporter,Related,,1.0
5619,independent24.com,2018-09-21 11:27:03,Sports,reporter,Related,,1.0
5620,bangla.bdnews24.com,2018-09-21 09:25:36,National,Reporter,Related,,1.0
5621,mzamin.com,2018-09-23 00:28:54,Sports,reporter,Related,,1.0
5622,bangla.bdnews24.com,2018-09-22 13:01:32,National,সুজানগর থানার ওসি,Related,,1.0
5623,somoynews.tv,2018-09-21 10:14:09,National,reporter,Related,,1.0
5625,banglanews24.com,2018-09-19 18:27:59,National,"হাসপাতালের আবাসিক মেডিকেল অফিসার (আরএমও) , সিনিয়র সহকারী পুলিশ সুপার (চাটমোহর সার্কেল)",Related,,1.0
5626,independent24.com,2018-09-25 16:53:10,National,হাইকোর্ট,Related,,1.0
5627,mzamin.com,2018-09-21 01:40:00,International,যুক্তরাষ্ট্রের দৈনিক ওয়াল স্ট্রিট জার্নাল,Related,,1.0
5628,prothomalo.com,2018-09-20 11:13:51,International,Not Found,Related,,1.0
5629,samakal.com,2018-09-21 16:48:25,Sports,reporter,Related,,1.0
5630,bd24live.com,2018-09-21 08:15:21,Sports,Reporter,Related,,1.0
5631,ittefaq.com.bd,2018-09-22 16:55:44,National,কুলাউড়া থানা,Related,,1.0
5632,risingbd.com,2018-09-21 22:41:05,Sports,reporter,Related,,1.0
5633,banglanews24.com,2018-09-21 19:53:30,National,রাজশাহীর পুঠিয়া থানার ভারপ্রাপ্ত কর্মকর্তা (ওসি),Related,,1.0
5634,jagonews24.com,2018-09-22 05:48:29,Finance,ইউজিসি,Related,,1.0
5635,kalerkantho.com,2018-09-21 14:50:02,International,নাঙ্গলকোট থানার ভারপ্রাপ্ত কর্মকর্তা,Related,,1.0
5636,kalerkantho.com,2018-09-21 12:26:14,Lifestyle,reporter,Related,,1.0
5637,dhakatimes24.com,2018-09-20 07:45:50,Sports,reporter,Related,,1.0
5638,kalerkantho.com,2018-09-21 11:49:54,National,reporter,Related,,1.0
5639,banglanews24.com,2018-09-22 14:35:04,National,জামালখান ওয়ার্ডের কাউন্সিলর,Related,,1.0
5640,bangla.thereport24.com,2018-09-22 15:29:18,Politics,বিএনপির স্থায়ী কমিটি সদস্য,Related,,1.0
5641,banglanews24.com,2018-09-19 18:40:51,Sports,Reporter,Related,,1.0
5642,mzamin.com,2018-09-22 05:50:58,Miscellaneous,বিএনপির চেয়ারপারসনের রাজনৈতিক কার্যালয়ে এক সংবাদ সম্মেলন,Related,,1.0
5643,channelionline.com,2018-09-21 15:37:43,National,Reporter,Related,,1.0
5645,banglanews24.com,2018-09-21 12:07:19,National,জনপ্রশাসন  প্রতিমন্ত্রী,Related,,1.0
5646,jagonews24.com,2018-09-19 18:24:18,Editorial,প্রধানমন্ত্রীর কার্যালয়ের মুখ্য সচিব,Related,,1.0
5648,jugantor.com,2018-09-21 18:31:34,Editorial,reporter,Related,,1.0
5650,somoynews.tv,2018-09-19 19:14:36,National,Reporter,Related,,1.0
5651,mzamin.com,2018-09-20 00:28:52,Entertainment,journalist,Related,,1.0
5652,somoynews.tv,2018-09-21 19:13:31,National,reporter,Related,,1.0
5653,ittefaq.com.bd,2018-09-21 21:40:23,Sports,reporter,Related,,1.0
5654,banglanews24.com,2018-09-20 00:07:09,International,Not Found,Related,,1.0
5655,risingbd.com,2018-09-20 14:16:44,National,Reporter,Related,,1.0
5657,bd-pratidin.com,2018-09-21 07:40:32,Entertainment,টুইটার,Related,,1.0
5659,mzamin.com,2018-09-22 23:53:13,Miscellaneous,গোপালপুর থানার ওসি,Related,,1.0
5660,independent24.com,2018-09-22 18:40:21,National,বগুড়া স্টেশন মাস্টার,Related,,1.0
5661,kalerkantho.com,2018-09-21 02:13:58,National,Reporter,Related,,1.0
5662,kalerkantho.com,2018-09-22 17:49:45,Entertainment,ভারতীয় সংবাদমাধ্যম,Related,,1.0
5663,risingbd.com,2018-09-21 14:16:15,Entertainment,reporter,Related,,1.0
5664,samakal.com,2018-09-21 16:48:29,Editorial,জি নিউজ,Related,,1.0
5665,banglatribune.com,2018-09-22 15:44:11,International,"ট্রান্সপারেন্সি মালদ্বীপ,হিউম্যান রাইটস ওয়াচের এশিয়া অঞ্চলের সহযোগী পরিচালক",Related,,1.0
5666,bd-pratidin.com,2018-09-21 20:54:09,National,কলকাতা হাইকোর্ট,Related,,1.0
5667,kalerkantho.com,2018-09-19 17:52:18,International,এএফপি,Related,,1.0
5668,bd24live.com,2018-09-19 18:27:54,National,বাংলাদেশ ও পাকিস্তানে নিযুক্ত যুক্তরাষ্ট্রের সাবেক রাষ্ট্রদূত,Related,,1.0
5669,dhakatimes24.com,2018-09-19 19:12:10,Entertainment,Reporter,Related,,1.0
5671,ittefaq.com.bd,2018-09-21 17:27:24,International,কাশ্মীরের মানবাধিকার কর্মী,Related,,1.0
5672,prothomalo.com,2018-09-20 19:02:11,Sports,সামাজিক যোগাযোগমাধ্যমে,Related,,1.0
5673,mzamin.com,2018-09-25 20:40:59,National,প্রেসিডেন্ট,Related,,1.0
5675,dhakatimes24.com,2018-09-19 19:11:41,Sports,প্রধানমন্ত্রীর সহকারী প্রেস সচিব,Related,,1.0
5676,channelionline.com,2018-09-21 13:13:48,National,নানিয়ারচর থানার ভারপ্রাপ্ত কর্মকর্তা,Related,,1.0
5677,banglatribune.com,2018-09-21 21:51:05,Miscellaneous,সিএনএন ট্রাভেল,Related,,1.0
5678,independent24.com,2018-09-24 09:01:10,Sports,reporter,Related,,1.0
5679,prothomalo.com,2018-09-20 15:26:38,Sports,reporter,Related,,1.0
5681,rtnn.net,2018-09-23 12:02:37,International,রাশিয়ার প্রেসিডেন্ট,Related,,1.0
5682,somoynews.tv,2018-09-22 12:00:24,International,ব্রিটিশ প্রধানমন্ত্রী,Related,,1.0
5683,ittefaq.com.bd,2018-09-20 16:50:29,International,রয়টার্স,Related,,1.0
5685,independent24.com,2018-09-22 12:39:23,National,reporter,Related,,1.0
5686,bd-pratidin.com,2018-09-20 10:06:13,Sports,reporter,Related,,1.0
5687,kalerkantho.com,2018-09-19 19:38:11,National,এডিবির এক সংবাদ বিজ্ঞপ্তি,Related,,1.0
5688,bangla.thereport24.com,2018-09-21 11:17:25,International,সিএনএনের,Related,,1.0
5689,banglanews24.com,2018-09-21 14:37:24,National,সাবেক রাষ্ট্রদূত ও আইক্ল্যাডসের চেয়ারম্যান,Related,,1.0
5690,somoynews.tv,2018-09-20 12:39:18,National,Reporter,Related,,1.0
5691,kalerkantho.com,2018-09-22 18:26:03,Entertainment,reporter,Related,,1.0
5692,samakal.com,2018-09-21 20:24:50,National,জাতীয় সংসদের স্পিকার,Related,,1.0
5693,banglatribune.com,2018-09-19 22:54:44,Sports,Reporter,Related,,1.0
5694,banglanews24.com,2018-09-21 18:39:58,Editorial,Reporter,Related,,1.0
5695,jugantor.com,2018-09-19 19:07:45,Editorial,যশোর জেনারেল হাসপাতালের তত্ত্বাবধায়ক,Related,,1.0
5696,kalerkantho.com,2018-09-21 08:13:33,International,রাজশাহী সদর ফায়ার সার্ভিস ও সিভিল ডিফেন্সের সিনিয়র স্টেশন অফিসার,Related,,1.0
5697,kalerkantho.com,2018-09-19 23:13:54,National,ঢাবি’র এক সংবাদ বিজ্ঞপ্তিতে,Related,,1.0
5699,jagonews24.com,2018-09-20 10:00:26,National,জয়দেপুর থানার এএসআই,Related,,1.0
5700,jagonews24.com,2018-09-22 16:36:25,Education,reporter,Related,,1.0
5701,dailyjanakantha.com,2018-09-22 17:48:57,National,reporter,Related,,1.0
5702,independent24.com,2018-09-24 15:54:49,Politics,reporter,Related,,1.0
5703,jugantor.com,2018-09-20 23:18:19,Editorial,রাশিয়ার প্রেসিডেন্ট,Related,,1.0
5705,banglatribune.com,2018-09-21 21:40:35,Sports,reporter,Related,,1.0
5706,banglatribune.com,2018-09-21 15:07:18,Entertainment,Reporter,Related,,1.0
5707,channelionline.com,2018-09-22 16:54:35,Technology,গুগল,Related,,1.0
5708,bd-pratidin.com,2018-09-22 00:29:00,Sports,reporter,Related,,1.0
5709,kalerkantho.com,2018-09-20 09:25:42,International,ঈশ্বরদী রেলওয়ে থানার ওসি,Related,,1.0
5711,somoynews.tv,2018-09-19 18:17:38,National,Reporter,Related,,1.0
5712,jagonews24.com,2018-09-20 10:00:28,National,বিমান বাংলাদেশ এয়ারলাইন্সের পরিচালনা পর্ষদ,Related,,1.0
5713,prothomalo.com,2018-09-19 22:01:58,International,"ডিনা চৌধুরী: মেলবোর্ন, অস্ট্রেলিয়া",Related,,1.0
5714,kalerkantho.com,2018-09-21 14:14:02,Finance,reporter,Related,,1.0
5715,jagonews24.com,2018-09-19 11:59:00,Editorial,ফক্স নিউজ,Related,,1.0
5716,bangla.bdnews24.com,2018-09-21 19:38:39,National,ব্রেক্সিট,Related,,1.0
5717,banglanews24.com,2018-09-20 21:06:43,National,আওয়ামী লীগের সাংগঠনিক সম্পাদক,Related,,1.0
5718,banglanews24.com,2018-09-22 12:43:06,Education,বাকৃবি অফিসার পরিষদের সভাপতি ও সাধারণ সম্পাদকের স্বাক্ষরিত একটি বিজ্ঞপ্তি,Related,,1.0
5719,risingbd.com,2018-09-22 09:27:44,Sports,ক্রীড়া ডেস্ক,Related,,1.0
5720,banglatribune.com,2018-09-21 09:03:11,National,চট্টগ্রাম কলেজ ছাত্রলীগের সভাপতি,Related,,1.0
5722,somoynews.tv,2018-09-19 19:14:19,National,Reporter,Related,,1.0
5723,independent24.com,2018-09-23 15:41:32,National,অর্থমন্ত্রী,Related,,1.0
5724,ittefaq.com.bd,2018-09-22 16:15:14,National,নানিয়ারচর থানার ভারপ্রাপ্ত কর্মকর্তা,Related,,1.0
5725,kalerkantho.com,2018-09-19 18:25:55,National,জনপ্রশাসন মন্ত্রণালয়ের প্রজ্ঞাপন,Related,,1.0
5727,dhakatimes24.com,2018-09-21 08:22:22,Politics,কওমি মাদরাসা শিক্ষা বোর্ড,Related,,1.0
5728,banglatribune.com,2018-09-22 14:28:50,Lifestyle,reporter,Related,,1.0
5730,banglanews24.com,2018-09-20 16:20:41,Crime,আদালত,Related,,1.0
5731,jagonews24.com,2018-09-21 14:48:29,National,ধর্ম মন্ত্রণালয়ের উপসচিব,Related,,1.0
5733,prothomalo.com,2018-09-19 22:01:53,National,বিচারক শাহেদ নূর উদ্দিন,Related,,1.0
5734,banglatribune.com,2018-09-22 14:28:54,Miscellaneous,সিটিটিসি ইউনিটের প্রধান,Related,,1.0
5735,dhakatimes24.com,2018-09-20 18:00:22,International,আনন্দবাজার,Related,,1.0
5736,independent24.com,2018-09-23 14:29:11,National,reporter,Related,,1.0
5738,mzamin.com,2018-09-25 11:52:43,Sports,reporter,Related,,1.0
5740,jugantor.com,2018-09-19 23:20:04,Editorial,"আদালত,বাদীপক্ষের আইনজীবী",Related,,1.0
5742,somoynews.tv,2018-09-22 05:23:36,Sports,বিসিবি,Related,,1.0
5743,samakal.com,2018-09-20 10:14:37,National,অর্থমন্ত্রী,Related,,1.0
5744,independent24.com,2018-09-24 15:21:29,National,আইনমন্ত্রী,Related,,1.0
5745,risingbd.com,2018-09-19 23:16:47,Politics,ঢাকা বিশ্ববিদ্যালয়ের প্রাক্তন উপাচার্য,Related,,1.0
5746,jagonews24.com,2018-09-20 20:48:27,Sports,Reporter,Related,,1.0
5747,bangla.bdnews24.com,2018-09-21 19:38:39,Technology,সিএনএন,Related,,1.0
5748,dhakatimes24.com,2018-09-21 22:11:31,Sports,reporter,Related,,1.0
5749,dailyjanakantha.com,2018-09-20 11:13:16,National,কারা অধিদপ্তরের মহাপরিদর্শক,Related,,1.0
5750,bd24live.com,2018-09-20 17:52:49,National,Reporter,Related,,1.0
5751,independent24.com,2018-09-22 07:46:59,National,Reporter,Related,,1.0
5752,jugantor.com,2018-09-22 08:54:26,Editorial,সুজানগর থানার ওসি,Related,,1.0
5753,somoynews.tv,2018-09-22 04:11:22,International,reporter,Related,,1.0
5754,kalerkantho.com,2018-09-21 11:14:10,International,পীরগঞ্জ থানার ওসি,Related,,1.0
5756,kalerkantho.com,2018-09-21 18:26:13,Sports,reporter,Related,,1.0
5757,independent24.com,2018-09-22 08:24:54,National,reporter,Related,,1.0
5759,dailynayadiganta.com,2018-09-19 17:52:51,National,বালিয়াকান্দি থানার এসআই,Related,,1.0
5760,jugantor.com,2018-09-21 00:32:13,Editorial,পুলিশের ডেপুটি ইন্সপেক্টর জেনারেল,Related,,1.0
5761,bd24live.com,2018-09-19 20:16:24,Sports,reporter,Related,,1.0
5762,risingbd.com,2018-09-20 20:53:08,Crime,দুদকের মহাপরিচালক (প্রশাসন),Related,,1.0
5763,dailynayadiganta.com,2018-09-22 11:50:09,Sports,আইনমন্ত্রী,Related,,1.0
5764,bd24live.com,2018-09-21 14:51:46,National,reporter,Related,,1.0
5765,somoynews.tv,2018-09-22 00:03:32,National,কাশিয়ানীর রামদিয়া পুলিশ তদন্ত কেন্দ্রের পরিদর্শক,Related,,1.0
5766,kalerkantho.com,2018-09-20 01:37:33,International,জেলা প্রাথমিক শিক্ষা কর্মকর্তা মোফাজ্জল হোসেন,Related,,1.0
5767,dailynayadiganta.com,2018-09-20 20:14:31,Miscellaneous,"ডাক, টেলিযোগাযোগ ও তথ্যপ্রযুক্তিমন্ত্রী",Related,,1.0
5768,bangla.bdnews24.com,2018-09-20 00:25:32,International,Not Found,Related,,1.0
5769,channelionline.com,2018-09-21 15:37:44,Sports,reporter,Related,,1.0
5770,independent24.com,2018-09-20 00:03:55,National,Not Found,Related,,1.0
5772,dailyjanakantha.com,2018-09-22 13:01:15,National,থানা সূত্রে,Related,,1.0
5773,kalerkantho.com,2018-09-20 17:50:59,National,শিক্ষামন্ত্রী,Related,,1.0
5774,risingbd.com,2018-09-22 10:39:52,Miscellaneous,reporter,Related,,1.0
5776,kalerkantho.com,2018-09-20 14:14:31,International,এলজিআরডি মন্ত্রী,Related,,1.0
5777,independent24.com,2018-09-24 16:27:54,Sports,reporter,Related,,1.0
5779,channelionline.com,2018-09-20 18:37:12,National,reporter,Related,,1.0
5780,independent24.com,2018-09-20 09:38:46,Politics,আওয়ামী লীগের সাবেক সংসদ সদস্য রায়হানুল হক,Related,,1.0
5781,kalerkantho.com,2018-09-20 10:01:45,Lifestyle,সুইরলস্টের অবলম্বনে সাকিব সিকান্দার,Related,,1.0
5782,bangla.bdnews24.com,2018-09-19 17:50:34,Sports,টুখেল,Related,,1.0
5785,bangla.thereport24.com,2018-09-22 22:09:34,National,মুক্তিযুদ্ধ বিষয়ক মন্ত্রী,Related,,1.0
5786,kalerkantho.com,2018-09-20 23:50:05,National,সাবেক প্রধান বিচারপতি,Related,,1.0
5787,independent24.com,2018-09-22 16:15:09,Politics,reporter,Related,,1.0
5788,independent24.com,2018-09-24 07:48:36,National,জাতীয় প্রেসক্লাবে সকালে সংবাদ সম্মেলন,Related,,1.0
5789,banglatribune.com,2018-09-19 19:54:54,National,Reporter,Related,,1.0
5792,kalerkantho.com,2018-09-20 21:26:29,Sports,reporter,Related,,1.0
5793,dailyjanakantha.com,2018-09-20 16:36:57,National,reporter,Related,,1.0
5794,bangla.bdnews24.com,2018-09-19 23:49:28,National,বাংলাদেশের সাবেক প্রধান বিচারপতি,Related,,1.0
5796,jagonews24.com,2018-09-19 19:00:30,National,স্পিকার,Related,,1.0
5797,jagonews24.com,2018-09-19 17:48:28,International,reporter,Related,,1.0
5798,bd24live.com,2018-09-19 20:16:30,National,বিএনপির স্থায়ী কমিটির সদস্য,Related,,1.0
5799,bd-pratidin.com,2018-09-21 13:05:53,Sports,reporter,Related,,1.0
5800,kalerkantho.com,2018-09-19 22:02:33,Miscellaneous,আরএসএস মুখপাত্র অরুণ কুমার,Related,,1.0
5801,kalerkantho.com,2018-09-20 12:26:06,Finance,reporter,Related,,1.0
5803,dhakatimes24.com,2018-09-20 08:59:57,International,এএফপি,Related,,1.0
5804,samakal.com,2018-09-22 20:28:10,International,বিবিসি,Related,,1.0
5805,bangla.thereport24.com,2018-09-23 12:30:02,Sports,মাশরাফি  মর্তুজা,Related,,1.0
5806,kalerkantho.com,2018-09-20 23:49:59,National,প্রধানমন্ত্রী,Related,,1.0
5807,independent24.com,2018-09-23 14:29:11,Miscellaneous,reporter,Related,,1.0
5808,prothomalo.com,2018-09-19 20:49:35,Sports,Journalist,Related,,1.0
5809,bangla.thereport24.com,2018-09-19 20:53:26,National,ত্রাণমন্ত্রী,Related,,1.0
5810,banglanews24.com,2018-09-19 18:40:52,Finance,চাঁদপুর জেলা মৎস্য কর্মকর্তা,Related,,1.0
5815,rtnn.net,2018-09-23 10:46:35,Sports,reporter,Related,,1.0
5816,samakal.com,2018-09-22 22:18:37,National,আইনমন্ত্রী,Related,,1.0
5817,independent24.com,2018-09-23 08:25:17,National,reporter,Related,,1.0
5818,independent24.com,2018-09-23 07:49:04,National,reporter,Related,,1.0
5821,bd-pratidin.com,2018-09-20 16:41:24,National,বেনাপোল পোর্ট থানার ভারপ্রাপ্ত কর্তকর্তা,Related,,1.0
5822,banglatribune.com,2018-09-19 18:38:36,Entertainment,ভ্যারাইটি,Related,,1.0
5823,kalerkantho.com,2018-09-20 04:01:36,International,রাজাপুর থানা পরিদর্শক (ওসি),Related,,1.0
5825,samakal.com,2018-09-21 19:49:38,Sports,reporter,Related,,1.0
5826,jagonews24.com,2018-09-19 22:36:21,International,reporter,Related,,1.0
5828,kalerkantho.com,2018-09-19 23:50:03,Miscellaneous,নিউজওয়ান২৪.কম,Related,,1.0
5829,mzamin.com,2018-09-24 18:28:30,National,দুর্নীতি দমন কমিশনে (দুদক),Related,,1.0
5831,bd-pratidin.com,2018-09-19 18:29:55,Entertainment,পরিচালক,Related,,1.0
5832,kalerkantho.com,2018-09-20 10:01:45,International,বরিশাল জেলার পুলিশ সুপার,Related,,1.0
5833,ittefaq.com.bd,2018-09-20 03:01:14,International,রয়টার্স,Related,,1.0
5834,kalerkantho.com,2018-09-20 16:02:30,International,"রয়টার্স, নিউ ইয়র্ক টাইমস",Related,,1.0
5835,independent24.com,2018-09-23 15:05:49,Sports,reporter,Related,,1.0
5836,kalerkantho.com,2018-09-20 22:02:07,International,জলঢাকা থানার ভারপ্রাপ্ত কর্মকর্তা (ওসি তদন্ত),Related,,1.0
5840,dailynayadiganta.com,2018-09-20 16:38:27,National,দাউদকান্দি হাইওয়ে থানার ওসি,Related,,1.0
5841,bd-pratidin.com,2018-09-22 08:16:58,National,বরিশাল জেলা পুলিশ সুপার,Related,,1.0
5842,bd24live.com,2018-09-19 22:05:26,National,বারহাট্টা থানার অফিসার ইনচার্জ,Related,,1.0
5843,independent24.com,2018-09-21 18:37:41,International,জাতিসংঘের মধ্য প্রাচ্যবিষয়ক সমন্বয়ক নিকোলাই মিয়াদেনোভ,Related,,1.0
5846,kalerkantho.com,2018-09-19 20:14:16,National,বিটিআরসি বিজ্ঞপ্তিতে,Related,,1.0
5847,bangla.bdnews24.com,2018-09-20 11:13:36,Finance,"গ্রামীণফোনের সিইও , তথ্যমন্ত্রী ,গ্রামীণফোনের হেড অব ইকোসিস্টেম",Related,,1.0
5848,mzamin.com,2018-09-22 15:28:05,Miscellaneous,Journalist,Related,,1.0
5850,bangla.bdnews24.com,2018-09-20 00:25:31,Politics,বিএনপির জ্যেষ্ঠ যুগ্ম মহাসচিব,Related,,1.0
5851,dailynayadiganta.com,2018-09-20 11:14:40,International,বিবিসি,Related,,1.0
5852,banglatribune.com,2018-09-19 20:31:04,Technology,আইসিটি বিভাগের প্রতিমন্ত্রী,Related,,1.0
5853,banglatribune.com,2018-09-19 22:54:43,Miscellaneous,সিএনএন,Related,,1.0
5854,independent24.com,2018-09-21 09:02:36,Politics,reporter,Related,,1.0
5855,channelionline.com,2018-09-19 19:50:37,International,Not Found,Related,,1.0
5856,jagonews24.com,2018-09-19 11:38:00,National,টেলিভিশন চ্যানেল নিউজ টুয়েন্টিফোর,Related,,1.0
5857,independent24.com,2018-09-21 15:03:09,Politics,reporter,Related,,1.0
5858,bd24live.com,2018-09-19 20:52:19,National,পূবাইল থানা ওসি,Related,,1.0
5859,kalerkantho.com,2018-09-19 20:49:59,International,Journalist,Related,,1.0
5860,mzamin.com,2018-09-25 16:41:14,Miscellaneous,দুর্নীতি দমন কমিশন (দুদক),Related,,1.0
5861,jagonews24.com,2018-09-20 09:24:28,National,জাতীয় পার্টি,Related,,1.0
5862,mzamin.com,2018-09-23 11:52:41,National,প্রধান নির্বাচন কমিশনার (সিইসি),Related,,1.0
5863,independent24.com,2018-09-23 12:40:14,National,reporter,Related,,1.0
5864,channelionline.com,2018-09-21 11:26:41,Politics,ভিডিও,Related,,1.0
5865,banglatribune.com,2018-09-20 09:39:17,Entertainment,‘দহন’ ছবির  নায়ক  সিয়াম,Related,,1.0
5866,ittefaq.com.bd,2018-09-19 18:37:58,Education,ঢাবি’র এক সংবাদ বিঞ্জপ্তিতে,Related,,1.0
5868,kalerkantho.com,2018-09-20 10:01:47,National,reporter,Related,,1.0
5870,bangla.bdnews24.com,2018-09-19 17:50:28,International,Not found,Related,,1.0
5871,dailyjanakantha.com,2018-09-19 17:49:21,National,reporter,Related,,1.0
5875,jagonews24.com,2018-09-19 11:34:00,Finance,reporter,Related,,1.0
5876,bd-pratidin.com,2018-09-21 23:55:44,National,পাবনার পুলিশ সুপার,Related,,1.0
5877,bangla.bdnews24.com,2018-09-20 11:49:25,National,এএসআই,Related,,1.0
5878,jagonews24.com,2018-09-19 13:18:00,National,প্রধানমন্ত্রী,Related,,1.0
5879,banglanews24.com,2018-09-19 20:33:30,National,লালমনিরহাট সদর থানার ভারপ্রাপ্ত কর্মকর্তা,Related,,1.0
5882,prothomalo.com,2018-09-20 19:47:00,National,ঢাকা মেডিকেল কলেজ হাসপাতাল পুলিশ ফাঁড়ির উপপরিদর্শক,Related,,1.0
5883,bd-pratidin.com,2018-09-20 11:17:44,International,স্পুৎনিক,Related,,1.0
5884,ittefaq.com.bd,2018-09-20 12:04:47,Entertainment,টুইটার,Related,,1.0
5885,channelionline.com,2018-09-20 15:02:04,National,হুসেইন মুহম্মদ এরশাদ,Related,,1.0
5886,mzamin.com,2018-09-20 11:52:09,National,The Dawn,Related,,1.0
5888,jagonews24.com,2018-09-20 04:36:28,Sports,reporter,Related,,1.0
5889,mzamin.com,2018-09-25 23:04:58,Miscellaneous,আদালত,Related,,1.0
5891,independent24.com,2018-09-22 18:40:36,National,reporter,Related,,1.0
5893,bangla.bdnews24.com,2018-09-19 17:50:49,Lifestyle,অধ্যাপক অমিতাভ চট্টোপাধ্যায়,Related,,1.0
5894,banglanews24.com,2018-09-20 06:39:24,Technology,তথ্য ও যোগাযোগ প্রযুক্তি প্রতিমন্ত্রী,Related,,1.0
5895,dailynayadiganta.com,2018-09-20 10:38:35,National,পল্লী বিদ্যুৎ সমিতির বালিপাড়া অভিযোগ কেন্দ্রের ইনচার্জ,Related,,1.0
5896,dailynayadiganta.com,2018-09-20 14:50:25,Politics,বিএনপি,Related,,1.0
5900,prothomalo.com,2018-09-20 16:01:54,International,টাইমস অব ইন্ডিয়া অনলাইন,Related,,1.0
5902,dailynayadiganta.com,2018-09-20 09:26:07,Politics,বিএনপি,Related,,1.0
5903,independent24.com,2018-09-21 00:04:53,National,নদীদূষণ সংক্রান্ত টাস্কফোর্সের চেয়ারম্যান,Related,,1.0
5904,bangla.thereport24.com,2018-09-20 10:05:45,Sports,Reporter,Related,,1.0
5906,mzamin.com,2018-09-23 17:16:27,Miscellaneous,বিএনপির সিনিয়র যুগ্ম মহাসচিব,Related,,1.0
5907,mzamin.com,2018-09-22 20:18:33,National,মলগঞ্জ ৫০ শয্যা হাসপাতালের চিকিৎসক ডা. সৈয়দ শওকত আলী,Related,,1.0
5908,banglatribune.com,2018-09-20 15:43:10,National,Reporter,Related,,1.0
5910,banglatribune.com,2018-09-20 02:26:06,National,এপ্রিলেই প্রবাসী কল্যাণমন্ত্রী,Related,,1.0
5912,samakal.com,2018-09-23 16:18:19,National,গাজীপুর মেট্রোপলিটন পুলিশের গাছা থানার ওসি,Related,,1.0
5914,bd-pratidin.com,2018-09-21 11:18:11,Miscellaneous,Not Found,Related,,1.0
5915,dailynayadiganta.com,2018-09-20 10:38:38,Sports,ভিডিও,Related,,1.0
5917,kalerkantho.com,2018-09-19 20:50:01,Sports,journalist,Related,,1.0
5918,independent24.com,2018-09-19 21:02:59,National,কাস্টমস কর্তৃপক্ষ,Related,,1.0
5919,banglatribune.com,2018-09-19 19:54:50,Sports,বাংলাদেশ অধিনায়ক,Related,,1.0
5920,banglanews24.com,2018-09-19 18:40:49,National,"জেলা প্রশাসক,গাইবান্ধা পানি উন্নয়ন বোর্ডের উপ-প্রকৌশলী",Related,,1.0
5922,jagonews24.com,2018-09-19 22:00:25,Finance,এশীয় উন্নয়ন ব্যাংক,Related,,1.0
5923,bangla.bdnews24.com,2018-09-19 19:01:39,National,রাষ্ট্রপক্ষের আইনজীবী ইসমত আরা,Related,,1.0
5924,ittefaq.com.bd,2018-09-19 20:27:15,National,Not Found,Related,,1.0
5925,bd-pratidin.com,2018-09-21 19:06:18,National,আখাউড়া রেলওয়ে থানার ভারপ্রাপ্ত কর্মকর্তা (ওসি),Related,,1.0
5926,banglanews24.com,2018-09-19 19:57:05,National,সংসদীয় কমিটির সভাপতি,Related,,1.0
5927,bd-pratidin.com,2018-09-20 22:06:34,National,"আমীরে হেফাজত, বেফাক চেয়ারম্যান",Related,,1.0
5929,banglanews24.com,2018-09-20 01:16:09,National,"আদালতের রাষ্ট্রপক্ষের আইনজীবী,রাজশাহী জেলা পুলিশের কোর্ট পুলিশ পরিদর্শক",Related,,1.0
5930,prothomalo.com,2018-09-19 23:13:30,National,Journalist,Related,,1.0
5931,mzamin.com,2018-09-23 23:20:59,Miscellaneous,আওয়ামী লীগের সাধারণ সম্পাদক এবং সড়ক পরিবহন ও সেতুমন্ত্রী,Related,,1.0
5932,independent24.com,2018-09-21 18:04:10,National,সুপ্রিম কোর্ট আইনজীবী সমিতির সভাপতি,Related,,1.0
5933,bangla.bdnews24.com,2018-09-19 20:49:26,Sports,টুখেল,Related,,1.0
5934,banglatribune.com,2018-09-19 19:16:51,National,প্রধানমন্ত্রী,Related,,1.0
5935,prothomalo.com,2018-09-21 12:25:45,Entertainment,reporter,Related,,1.0
5936,prothomalo.com,2018-09-20 23:14:06,National,"সংবাদ সম্মেলনে, পররাষ্ট্রমন্ত্রী",Related,,1.0
5937,dhakatimes24.com,2018-09-19 21:36:07,National,ঝিনাইদহ সদর থানার ওসি,Related,,1.0
5938,dailyjanakantha.com,2018-09-20 11:49:07,Miscellaneous,আনন্দবাজার,Related,,1.0
5940,bangla.thereport24.com,2018-09-21 10:40:29,Sports,Reporter,Related,,1.0
5942,mzamin.com,2018-09-19 22:41:10,Entertainment,Journalist,Related,,1.0
5943,independent24.com,2018-09-24 14:33:25,National,reporter,Related,,1.0
5944,bd24live.com,2018-09-19 17:54:36,National,কেন্দ্রীয় মুক্তিযোদ্ধা সংহতি পরিষদের ভাইস চেয়ারম্যান ও সেনা পরিষদের আহবায়ক কমিটির সদস্য,Related,,1.0
5945,ittefaq.com.bd,2018-09-20 10:50:37,Finance,বাংলাদেশ হাউস বিল্ডিং ফাইনান্স কর্পোরেশন,Related,,1.0
5946,kalerkantho.com,2018-09-20 19:02:24,Miscellaneous,reporter,Related,,1.0
5947,banglatribune.com,2018-09-19 21:40:08,Sports,Reporter,Related,,1.0
5948,prothomalo.com,2018-09-19 22:01:56,National,চট্টগ্রামের জ্যেষ্ঠ বিচারিক হাকিম মোহাম্মদ শহীদুল্লাহ কায়সার,Related,,1.0
5949,bd-pratidin.com,2018-09-19 23:53:26,International,Not found,Related,,1.0
5951,banglatribune.com,2018-09-19 18:38:55,National,প্রধানমন্ত্রী,Related,,1.0
5952,prothomalo.com,2018-09-19 23:49:36,Sports,Journalist,Related,,1.0
5953,independent24.com,2018-09-25 08:25:03,Sports,reporter,Related,,1.0
5954,prothomalo.com,2018-09-20 16:37:32,National,reporter,Related,,1.0
5956,samakal.com,2018-09-22 21:40:33,Politics,আওয়ামী লীগের প্রেসিডিয়াম সদস্য ও স্বাস্থ্যমন্ত্রী,Related,,1.0
5957,kalerkantho.com,2018-09-20 10:01:44,International,র‌্যাব-৮,Related,,1.0
5958,bd-pratidin.com,2018-09-20 17:18:34,National,বিএনপির সিনিয়র যুগ্ম মহাসচিব,Related,,1.0
5959,channelionline.com,2018-09-20 19:13:18,Technology,Not Found,Related,,1.0
5960,banglanews24.com,2018-09-20 10:56:21,Politics,বিএনপি-জামায়াত পন্থী শিক্ষকদের সংগঠন সাদা দলের আহ্বায়ক,Related,,1.0
5961,bd-pratidin.com,2018-09-20 23:53:44,National,Reporter,Related,,1.0
5962,banglatribune.com,2018-09-19 20:31:06,National,"জেলা বিএনপির যুগ্ম সাধারণ সম্পাদক,জেলা ছাত্রলীগের সাধারণ সম্পাদক",Related,,1.0
5963,jagonews24.com,2018-09-19 19:36:27,Miscellaneous,reporter,Related,,1.0
5964,mzamin.com,2018-09-19 18:28:17,Miscellaneous,মহানগর পুলিশের সহকারী কমিশনার (চকবাজার জোন) নোবেল চাকমা,Related,,1.0
5965,kalerkantho.com,2018-09-20 01:02:03,International,Journalist,Related,,1.0
5966,prothomalo.com,2018-09-20 21:26:12,Entertainment,টুইটার,Related,,1.0
5967,bangla.thereport24.com,2018-09-19 20:17:36,National,Reporter,Related,,1.0
5968,prothomalo.com,2018-09-20 17:13:59,National,ঢাকা মহানগর পুলিশের তেজগাঁও অঞ্চলের সহকারী কমিশনার,Related,,1.0
5969,dailynayadiganta.com,2018-09-19 21:26:28,Crime,আদালত,Related,,1.0
5970,kalerkantho.com,2018-09-20 15:27:02,National,পররাষ্ট্রমন্ত্রী,Related,,1.0
5973,dailynayadiganta.com,2018-09-19 17:52:40,International,Not Found,Related,,1.0
5974,bangla.bdnews24.com,2018-09-20 14:13:52,National,"সহকারী প্রক্টর,প্রথম ছাত্রী হলের আবাসিক শিক্ষার্থী",Related,,1.0
5975,bangla.thereport24.com,2018-09-23 14:18:32,National,"প্রিন্সিপাল, আল-ইত্তেহাদ আন্তর্জাতিক মাদরাসা",Related,,1.0
5976,independent24.com,2018-09-24 15:21:29,National,পুলিশ সদর দপ্তরের আইসিটি বিভাগ,Related,,1.0
5978,banglatribune.com,2018-09-19 19:16:20,National,প্রধানমন্ত্রী,Related,,1.0
5983,prothomalo.com,2018-09-20 21:26:16,International,বাংলাদেশের রাষ্ট্রদূত,Related,,1.0
5985,bd-pratidin.com,2018-09-20 00:30:48,National,বিজেপির রাজ্য সভাপতি,Related,,1.0
5988,banglanews24.com,2018-09-19 18:27:56,National,বাদী পক্ষের মামলা পরিচালনাকারী আইনজীবী,Related,,1.0
5989,prothomalo.com,2018-09-21 10:01:36,Entertainment,Not Found,Related,,1.0
5991,channelionline.com,2018-09-20 15:02:04,Entertainment,reporter,Related,,1.0
5992,bangla.thereport24.com,2018-09-22 10:40:34,Sports,Reporter,Related,,1.0
5993,kalerkantho.com,2018-09-20 11:14:00,National,reporter,Related,,1.0
5997,dailyjanakantha.com,2018-09-20 13:01:00,International,রয়টার্স,Related,,1.0
5998,bd24live.com,2018-09-19 18:27:54,National,Reporter,Related,,1.0
5999,bd24live.com,2018-09-19 19:40:16,National,ঝিনাইদহ সদর থানার ওসি,Related,,1.0
6001,banglanews24.com,2018-09-19 19:18:30,Sports,Reporter,Related,,1.0
6003,ittefaq.com.bd,2018-09-19 19:51:29,Sports,reporter,Related,,1.0
6005,mzamin.com,2018-09-23 23:58:15,National,ঢাকা মহানগর পুলিশের (ডিএমপি) অতিরিক্ত কমিশনার ও সিটিটিসি ইউনিট,Related,,1.0
6008,bangla.thereport24.com,2018-09-21 14:17:00,Finance,ডিএসই সূত্রে,Related,,1.0
6009,mzamin.com,2018-09-23 10:05:55,Miscellaneous,কোটচাদপুর থানার ওসি,Related,,1.0
6011,independent24.com,2018-09-23 23:32:04,International,Not Found,Related,,1.0
6012,bd-pratidin.com,2018-09-20 16:41:24,National,খালেদার আইনজীবী,Related,,1.0
6015,dailyjanakantha.com,2018-09-19 19:01:17,Entertainment,reporter,Related,,1.0
6016,channelionline.com,2018-09-19 18:37:13,Crime,পুলিশ,Related,,1.0
6019,samakal.com,2018-09-22 18:01:45,National,রেলওয়ে কর্মকর্তা,Related,,1.0
6021,bangla.thereport24.com,2018-09-22 18:29:16,National,"বাংলাদেশে বিশ্বব্যাংকের কান্ট্রি ডিরেক্টর ,ইআরডি সচিব",Related,,1.0
6022,dailyjanakantha.com,2018-09-19 17:49:12,National,জনপ্রশাসন মন্ত্রণালয়,Related,,1.0
6023,bd-pratidin.com,2018-09-20 17:18:34,International,"যুক্তরাষ্ট্র যুবলীগের সাবেক সাধারণ সম্পাদক, যুক্তরাষ্ট্র আওয়ামী লীগের সভাপতি",Related,,1.0
6024,banglanews24.com,2018-09-20 10:56:23,Politics,খালেদা জিয়ার  আইনজীবী,Related,,1.0
6027,bd-pratidin.com,2018-09-21 20:54:06,Sports,reporter,Related,,1.0
6030,dailyjanakantha.com,2018-09-20 20:00:02,National,তাড়াইল থানার ওসি,Related,,1.0
6031,samakal.com,2018-09-22 13:13:52,Sports,reporter,Related,,1.0
6032,bangla.thereport24.com,2018-09-20 14:17:31,National,ব্র্যাক,Related,,1.0
6033,independent24.com,2018-09-20 20:28:27,International,Not Found,Related,,1.0
6034,dailyjanakantha.com,2018-09-20 23:48:57,National,সংসদ,Related,,1.0
6035,banglanews24.com,2018-09-19 20:33:32,National,বিমানবন্দর কাস্টম কর্মকর্তা,Related,,1.0
6036,banglatribune.com,2018-09-19 21:40:03,National,মাদারীপুর থানার ওসি,Related,,1.0
6037,jagonews24.com,2018-09-19 14:37:00,National,reporter,Related,,1.0
6039,kalerkantho.com,2018-09-19 20:50:05,National,সরকারি দলের সদস্য নিজাম উদ্দিন হাজারী,Related,,1.0
6040,rtnn.net,2018-09-21 23:23:51,International,আনন্দ বাজার,Related,,1.0
6042,dailynayadiganta.com,2018-09-20 11:14:38,Miscellaneous,এএফপি ও আলজাজিরা,Related,,1.0
6044,rtnn.net,2018-09-23 10:12:14,National,জনপ্রশাসন মন্ত্রণালয়,Related,,1.0
6046,independent24.com,2018-09-24 00:09:24,Finance,reporter,Related,,1.0
6047,ittefaq.com.bd,2018-09-20 01:13:46,National,হাজীগঞ্জ উপজেলা সহকারী কমিশনার (ভূমি) ও উপজেলা নির্বাহী ম্যাজিস্ট্রেট,Related,,1.0
6048,bangla.bdnews24.com,2018-09-20 14:13:51,National,Reporter,Related,,1.0
6051,samakal.com,2018-09-22 19:24:05,Sports,reporter,Related,,1.0
6054,bd-pratidin.com,2018-09-19 19:06:05,National,Reporter,Related,,1.0
6055,channelionline.com,2018-09-20 18:02:27,International,Not Found,Related,,1.0
6058,dailynayadiganta.com,2018-09-20 10:02:12,National,reporter,Related,,1.0
6060,kalerkantho.com,2018-09-20 02:13:48,Politics,অধ্যক্ষ মোফাজ্জেল হক,Related,,1.0
6061,jagonews24.com,2018-09-19 12:51:00,National,আদালত।,Related,,1.0
6062,ittefaq.com.bd,2018-09-20 11:26:33,International,রয়টার্স,Related,,1.0
6065,banglanews24.com,2018-09-20 00:07:10,Crime,Reporter,Related,,1.0
6066,banglanews24.com,2018-09-19 21:42:43,National,সিরাজগঞ্জ পানি উন্নয়ন বোর্ডের সহকারী প্রকৌশলী,Related,,1.0
6067,banglanews24.com,2018-09-20 10:56:21,International,বাংলাদেশ ভবনের চিফ কো-অর্ডিনেটর তথা অধ্যাপক,Related,,1.0
6070,rtnn.net,2018-09-23 10:12:15,National,হুররিয়াত ডেইলি নিউজ,Related,,1.0
6071,bd-pratidin.com,2018-09-22 08:53:04,International,বিবিসির বিশ্লেষক,Related,,1.0
6073,independent24.com,2018-09-19 23:27:02,National,Not Found,Related,,1.0
6074,jagonews24.com,2018-09-19 13:15:00,Entertainment,reporter,Related,,1.0
6075,dhakatimes24.com,2018-09-19 21:36:16,Sports,reporter,Related,,1.0
6076,bd-pratidin.com,2018-09-22 09:29:03,International,বিশ্ব স্বাস্থ্য সংস্থার পরিসংখ্যান,Related,,1.0
6078,mzamin.com,2018-09-25 10:40:02,Miscellaneous,মীরসরাই ফায়ার স্টেশনের ইনচার্জ ও হাইওয়ে পুলিশের ইনচার্জ এসআই,Related,,1.0
6079,jagonews24.com,2018-09-20 11:48:43,Sports,reporter,Related,,1.0
6081,prothomalo.com,2018-09-20 18:25:46,Sports,reporter,Related,,1.0
6082,dailynayadiganta.com,2018-09-19 21:26:31,National,reporter,Related,,1.0
6083,prothomalo.com,2018-09-20 00:25:37,Sports,Journalist,Related,,1.0
6085,independent24.com,2018-09-25 10:50:00,National,রয়টার্স,Related,,1.0
6086,dailynayadiganta.com,2018-09-19 23:50:20,National,ব্রাহ্মণপাড়া থানার ওসি,Related,,1.0
6087,bd-pratidin.com,2018-09-21 15:30:18,Sports,reporter,Related,,1.0
6088,banglanews24.com,2018-09-20 12:46:32,Sports,বাংলাদেশ ফুটবল ফেডারেশনের নির্বাহী সদস্য নীলফামারী জেলা ক্রীড়া সংস্থার সাধারণ সম্পাদক,Related,,1.0
6089,kalerkantho.com,2018-09-20 09:25:56,National,জনপ্রশাসন মন্ত্রণালয়,Related,,1.0
6090,bd24live.com,2018-09-19 18:27:55,National,Reporter,Related,,1.0
6091,kalerkantho.com,2018-09-20 11:14:01,International,চ্যানেল এশিয়া নেটওয়ার্ক,Related,,1.0
6092,kalerkantho.com,2018-09-19 23:50:01,National,পুলিশের উপ-কমিশনার (বন্দর) মোহাম্মদ শহীদুল্লাহ,Related,,1.0
6093,dailynayadiganta.com,2018-09-20 17:51:34,National,reporter,Related,,1.0
6094,dailyjanakantha.com,2018-09-19 19:36:58,National,reporter,Related,,1.0
6095,prothomalo.com,2018-09-20 20:50:05,International,নাইজেরিয়ার কৃষি ও পল্লি উন্নয়ন প্রতিমন্ত্রী সিনেটর,Related,,1.0
6096,independent24.com,2018-09-24 17:00:32,National,তাইওয়ানের আবহাওয়া অধিদপ্তর,Related,,1.0
6097,jagonews24.com,2018-09-19 11:41:00,Crime,সুপ্রিম কোর্টের হাইকোর্ট বিভাগের বিচারপতি,Related,,1.0
6098,kalerkantho.com,2018-09-19 22:38:14,International,নিয়াজুরি ইউনিয়ন পরিষদের প্যানেল চেয়ারম্যান মো. আইয়ুব খান,Related,,1.0
6099,prothomalo.com,2018-09-19 22:02:15,National,ইসলামিক ফাউন্ডেশনের মহাপরিচালক সামীম মোহাম্মদ আফজাল,Related,,1.0
6100,samakal.com,2018-09-23 17:25:15,Entertainment,জি-নিউজ,Related,,1.0
6101,mzamin.com,2018-09-22 22:08:07,Miscellaneous,সুজানগর থানার ওসি,Related,,1.0
6103,mzamin.com,2018-09-25 21:17:01,National,journalist,Related,,1.0
6104,banglanews24.com,2018-09-20 01:16:08,National,জেলা পুলিশ সুপার,Related,,1.0
6105,bangla.thereport24.com,2018-09-23 00:30:06,Education,"ত্রিপুরা স্টুডেন্টস ফোরামের সাহিত্য ও প্রকাশনা বিষয়ক সম্পাদক,আদিবাসী পরিষদের কেন্দ্রীয় সহ-সভাপতি,বাংলাদেশ ছাত্র ফেডারেশনের সভাপতি",Related,,1.0
6106,bd-pratidin.com,2018-09-21 14:17:43,Sports,reporter,Related,,1.0
6111,bangla.bdnews24.com,2018-09-19 20:13:42,National,Reporter,Related,,1.0
6113,banglanews24.com,2018-09-20 10:20:43,National,প্রধানমন্ত্রী শেখ হাসিনা,Related,,1.0
6116,mzamin.com,2018-09-23 23:21:07,Miscellaneous,জাতীয় পার্টির চেয়ারম্যান,Related,,1.0
6118,independent24.com,2018-09-24 07:48:36,National,reporter,Related,,1.0
6120,banglanews24.com,2018-09-19 19:57:07,International,Not Found,Related,,1.0
6121,independent24.com,2018-09-24 07:48:28,National,reporter,Related,,1.0
6122,kalerkantho.com,2018-09-20 21:26:28,Entertainment,অভিনেত্রী সারাহ বেগম কবরী,Related,,1.0
6125,channelionline.com,2018-09-20 12:03:52,National,ভিডিও,Related,,1.0
6126,dailynayadiganta.com,2018-09-19 21:26:42,Politics,বিএনপির মহাসচিব,Related,,1.0
6127,dailyjanakantha.com,2018-09-20 20:49:01,National,reporter,Related,,1.0
6128,ittefaq.com.bd,2018-09-19 21:03:12,National,কুষ্টিয়ার সিনিয়র জুডিশিয়াল আদালতের বিচারক,Related,,1.0
6129,prothomalo.com,2018-09-21 11:49:39,Entertainment,সোশ্যাল মিডিয়া,Related,,1.0
6130,dailynayadiganta.com,2018-09-19 23:50:15,National,সংসদ,Related,,1.0
6131,bangla.thereport24.com,2018-09-19 20:17:36,International,সিএনএন,Related,,1.0
6132,jagonews24.com,2018-09-19 11:31:00,Sports,reporter,Related,,1.0
6133,bangla.bdnews24.com,2018-09-21 05:13:28,Sports,Reporter,Related,,1.0
6134,bd-pratidin.com,2018-09-19 20:18:28,National,Reporter,Related,,1.0
6135,bd24live.com,2018-09-20 14:16:15,National,ঢাকা বিশ্ব‌বিদ্যাল‌য়ের সা‌বেক উপাচার্য,Related,,1.0
6137,bd-pratidin.com,2018-09-22 18:30:45,National,ঢাকা দক্ষিণ সিটি করপোরেশন (ডিএসসিসি) মেয়র,Related,,1.0
6138,independent24.com,2018-09-25 06:37:15,National,জনসংযোগ বিভাগ,Related,,1.0
6140,dailynayadiganta.com,2018-09-20 17:51:32,National,রাণীনগর থানাপুলিশ ও জেলা গোয়েন্দা পুলিশ,Related,,1.0
6141,dailynayadiganta.com,2018-09-20 13:02:38,National,reporter,Related,,1.0
6142,independent24.com,2018-09-20 18:37:43,International,Not Found,Related,,1.0
6143,jagonews24.com,2018-09-18 11:58:00,Entertainment,ঐন্দ্রিলা,Related,,1.0
6144,jagonews24.com,2018-09-19 13:24:00,International,reporter,Related,,1.0
6145,independent24.com,2018-09-20 15:41:31,Sports,reporter,Related,,1.0
6146,bangla.bdnews24.com,2018-09-19 22:01:15,Lifestyle,হিউম্যান রিপোডাকশন জার্নালে,Related,,1.0
6147,banglanews24.com,2018-09-20 06:39:45,National,নীলফামারী সদর উপজেলা প্রকৌশলী,Related,,1.0
6148,dailynayadiganta.com,2018-09-20 12:26:36,International,Not Found,Related,,1.0
6149,channelionline.com,2018-09-20 19:13:17,Entertainment,"সামাজিক যোগাযোগ মাধ্যম, ইনস্টাগ্রাম",Related,,1.0
6151,dailynayadiganta.com,2018-09-20 17:14:58,National,পলাশ থানার ওসি,Related,,1.0
6152,mzamin.com,2018-09-22 20:18:28,Miscellaneous,মহানগর গোয়েন্দা পুলিশের অতিরিক্ত উপ-কমিশনার মো. কামরুজ্জামান,Related,,1.0
6153,bd24live.com,2018-09-20 00:28:19,National,Reporter,Related,,1.0
6155,dailynayadiganta.com,2018-09-19 19:02:47,National,reporter,Related,,1.0
6156,mzamin.com,2018-09-20 01:39:38,National,journalist,Related,,1.0
6157,mzamin.com,2018-09-19 22:05:47,Miscellaneous,Journalist,Related,,1.0
6158,mzamin.com,2018-09-22 01:03:16,Miscellaneous,নাগরিক ঐক্যের আহ্বায়ক ও ডাকসুর সাবেক ভিপি মাহমুদুর রহমান মান্না,Related,,1.0
6159,independent24.com,2018-09-22 11:27:06,Entertainment,reporter,Related,,1.0
6160,channelionline.com,2018-09-19 18:15:40,International,বিবিসি,Related,,1.0
6161,independent24.com,2018-09-21 16:14:01,National,পুলিশ,Related,,1.0
6162,banglatribune.com,2018-09-19 19:54:54,National,জাতীয় সংসদ,Related,,1.0
6163,dailynayadiganta.com,2018-09-20 01:02:23,Miscellaneous,reporter,Related,,1.0
6164,banglatribune.com,2018-09-19 22:54:40,Sports,Reporter,Related,,1.0
6168,jagonews24.com,2018-09-19 12:58:00,Editorial,তথ্য প্রতিমন্ত্রী,Related,,1.0
6170,independent24.com,2018-09-21 10:50:05,National,পররাষ্ট্র সচিব,Related,,1.0
6171,bangla.bdnews24.com,2018-09-19 17:50:45,Finance,"মহিউদ্দীন আহমেদ, বাসদ নেতা রাজেকুজ্জামান রতন,সাবেক সংসদ সদস্য অধ্যাপক হুমায়ূন করিব হিরু",Related,,1.0
6173,bd24live.com,2018-09-20 15:28:59,National,আরএসএস পরিচালিত ফার্মেসি সংস্থা,Related,,1.0
6174,bd-pratidin.com,2018-09-20 23:53:40,National,Reporter,Related,,1.0
6175,dailynayadiganta.com,2018-09-20 13:02:37,International,Not Found,Related,,1.0
6176,ittefaq.com.bd,2018-09-19 19:15:12,National,গাইবান্ধা জেলা ডিবি পুলিশের ওসি,Related,,1.0
6177,independent24.com,2018-09-20 12:39:47,Sports,reporter,Related,,1.0
6178,mzamin.com,2018-09-24 10:40:52,International,"অনলাইন মিয়ানমার টাইমস, পররাষ্ট্র মন্ত্রণালয়",Related,,1.0
6179,banglanews24.com,2018-09-20 03:40:58,National,Reporter,Related,,1.0
6180,dailyjanakantha.com,2018-09-19 19:37:06,National,reporter,Related,,1.0
6181,channelionline.com,2018-09-21 18:00:48,Sports,reporter,Related,,1.0
6182,independent24.com,2018-09-20 15:02:37,National,বাঘাইছড়ি  পৌর মেয়র,Related,,1.0
6183,dailynayadiganta.com,2018-09-20 14:50:26,Miscellaneous,বিএফইউজ,Related,,1.0
6184,banglanews24.com,2018-09-20 01:51:51,National,প্রধানমন্ত্রী,Related,,1.0
6185,prothomalo.com,2018-09-21 15:25:48,Sports,"ইএসপিএন ক্রিকইনফো, reporter",Related,,1.0
6187,dailynayadiganta.com,2018-09-20 11:14:40,Sports,বিবিসি,Related,,1.0
6188,mzamin.com,2018-09-24 04:39:24,National,স্বাস্থ্য অধিদপ্তরের ২০১৭ সালের হেলথ বুলেটিন,Related,,1.0
6189,bd-pratidin.com,2018-09-22 13:06:31,International,রয়টার্স,Related,,1.0
6190,banglatribune.com,2018-09-19 20:31:04,National,সদর থানার ওসি,Related,,1.0
6191,dailyjanakantha.com,2018-09-20 16:01:18,Entertainment,আনন্দবাজার,Related,,1.0
6192,channelionline.com,2018-09-20 12:03:52,International,Not Found,Related,,1.0
6194,banglatribune.com,2018-09-19 20:31:06,Miscellaneous,মহিলা ও শিশু বিষয়ক প্রতিমন্ত্রী,Related,,1.0
6195,dailyjanakantha.com,2018-09-21 13:01:22,National,reporter,Related,,1.0
6196,bd-pratidin.com,2018-09-21 20:54:10,National,বিএনপির মহাসচিব,Related,,1.0
6198,ittefaq.com.bd,2018-09-19 20:27:26,International,তুরস্কে নিযুক্ত বাংলাদেশের রাষ্ট্রদূত,Related,,1.0
6200,kalerkantho.com,2018-09-19 17:51:20,Sports,Journalist,Related,,1.0
6201,dhakatimes24.com,2018-09-19 23:24:16,National,গাজীপুর মেয়র,Related,,1.0
6202,banglatribune.com,2018-09-20 00:05:04,National,গৃহায়ন ও গণপূর্তমন্ত্রী,Related,,1.0
6203,independent24.com,2018-09-22 08:24:54,National,আইনমন্ত্রী,Related,,1.0
6204,jagonews24.com,2018-09-20 12:24:31,Miscellaneous,বাংলাদেশ ব্যাংকে,Related,,1.0
6205,dhakatimes24.com,2018-09-20 07:45:58,Miscellaneous,ফেসবুক,Related,,1.0
6207,bangla.thereport24.com,2018-09-23 14:56:00,Politics,জাতীয় পার্টির চেয়ারম্যান,Related,,1.0
6208,independent24.com,2018-09-20 22:15:58,International,Not Found,Related,,1.0
6209,dhakatimes24.com,2018-09-20 10:12:05,Sports,পাকিস্তান দলের অধিনায়ক,Related,,1.0
6210,dhakatimes24.com,2018-09-20 07:46:12,National,প্রধানমন্ত্রী,Related,,1.0
6211,kalerkantho.com,2018-09-20 18:26:08,International,reporter,Related,,1.0
6212,banglanews24.com,2018-09-19 23:30:12,National,Reporter,Related,,1.0
6213,independent24.com,2018-09-21 11:27:04,Sports,reporter,Related,,1.0
6215,ittefaq.com.bd,2018-09-19 21:39:36,National,তদন্তকারী কর্মকর্তা (ওসি,Related,,1.0
6216,rtnn.net,2018-09-21 23:23:39,International,আল-জাজিরা,Related,,1.0
6217,dailyjanakantha.com,2018-09-20 12:25:22,International,Not Found,Related,,1.0
6218,mzamin.com,2018-09-20 13:04:17,Miscellaneous,journalist,Related,,1.0
6221,prothomalo.com,2018-09-20 18:25:39,National,প্রধানমন্ত্রী,Related,,1.0
6222,bd-pratidin.com,2018-09-21 14:53:45,National,চট্টগ্রাম মহানগর গোয়েন্দা পুলিশের অতিরিক্ত উপ-কমিশনার (উত্তর,Related,,1.0
6227,bd24live.com,2018-09-19 22:05:28,National,Reporter,Related,,1.0
6228,jagonews24.com,2018-09-19 14:51:00,National,নাঙ্গলকোট থানা পুলিশের ওসি,Related,,1.0
6229,jagonews24.com,2018-09-19 13:53:00,National,জননিরাপত্তা বিঘ্নকারী অপরাধ দমন ট্রাইব্যুনাল,Related,,1.0
6230,samakal.com,2018-09-23 15:03:40,Lifestyle,"কনসালট্যান্ট শিশু বিভাগ, ঢাকা মেডিকেল কলেজ ও হাসপাতাল",Related,,1.0
6231,jagonews24.com,2018-09-19 21:24:20,Politics,জাতীয় জোট বিএনএ’র চেয়ারম্যান,Related,,1.0
6234,prothomalo.com,2018-09-20 21:26:04,National,তথ্যমন্ত্রী,Related,,1.0
6235,ittefaq.com.bd,2018-09-20 03:37:45,National,প্রধানমন্ত্রী কার্যালয়ের জারি করা বিদেশ ভ্রমণ সংক্রান্ত পরিপত্র,Related,,1.0
6236,dailyjanakantha.com,2018-09-20 11:49:10,International,Not Found,Related,,1.0
6237,prothomalo.com,2018-09-20 20:49:56,National,চকবাজার থানার ভারপ্রাপ্ত কর্মকর্তা (ওসি),Related,,1.0
6238,kalerkantho.com,2018-09-19 17:51:28,National,শিক্ষামন্ত্রী নুরুল ইসলাম নাহিদ,Related,,1.0
6239,dailynayadiganta.com,2018-09-20 12:26:37,Miscellaneous,টাইমস অব ইসরাইল,Related,,1.0
6244,independent24.com,2018-09-24 18:08:21,National,reporter,Related,,1.0
6246,independent24.com,2018-09-22 18:40:37,International,Not Found,Related,,1.0
6247,mzamin.com,2018-09-23 21:29:30,National,চান্দগাঁও থানার ভারপ্রাপ্ত কর্মকর্তা (ওসি),Related,,1.0
6248,dailyjanakantha.com,2018-09-21 13:01:21,National,বিএনপির মহাসচিব,Related,,1.0
6249,samakal.com,2018-09-21 19:49:48,National,আশুলিয়া থানার ওসি,Related,,1.0
6250,ittefaq.com.bd,2018-09-19 23:27:06,National,reporter,Related,,1.0
6251,banglanews24.com,2018-09-19 21:06:20,Education,শিক্ষামন্ত্রী,Related,,1.0
6252,independent24.com,2018-09-24 18:08:21,International,reporter,Related,,1.0
6253,channelionline.com,2018-09-20 15:02:09,Education,শিক্ষা মন্ত্রণালয়,Related,,1.0
6254,mzamin.com,2018-09-20 23:52:09,Entertainment,journalist,Related,,1.0
6256,dhakatimes24.com,2018-09-19 20:24:18,Politics,আওয়ামী লীগের সাধারণ সম্পাদক,Related,,1.0
6257,ittefaq.com.bd,2018-09-19 19:15:04,National,দুর্নীতি দমন কমিশন,Related,,1.0
6258,bangla.bdnews24.com,2018-09-20 11:49:25,Finance,"মডার্ন পাইলন ইন্ডাস্ট্রিজের ব্যবস্থাপনা পরিচালক ,শিল্পমন্ত্রী",Related,,1.0
6259,jagonews24.com,2018-09-19 21:24:19,National,reporter,Related,,1.0
6261,bd24live.com,2018-09-20 16:39:42,National,Reporter,Related,,1.0
6264,mzamin.com,2018-09-20 23:16:32,Miscellaneous,journalist,Related,,1.0
6268,bd-pratidin.com,2018-09-22 13:42:16,International,বাংলাদেশ দূতাবাস,Related,,1.0
6269,independent24.com,2018-09-20 08:25:14,Sports,reporter,Related,,1.0
6271,bangla.thereport24.com,2018-09-22 01:03:53,National,প্রধানমন্ত্রীর কার্যালয় থেকে জারিকৃত এক পরিপত্রে,Related,,1.0
6274,banglanews24.com,2018-09-20 00:07:30,Entertainment,Reporter,Related,,1.0
6276,banglatribune.com,2018-09-20 03:38:13,Education,Reporter,Related,,1.0
6277,prothomalo.com,2018-09-19 19:37:39,National,সরকার দলীয় সাংসদ ফারুক খান,Related,,1.0
6279,kalerkantho.com,2018-09-19 17:51:30,International,ইউনিয়ন পরিষদের চেয়ারম্যান আমজাদ হোসেন,Related,,1.0
6281,dailyjanakantha.com,2018-09-20 13:01:01,National,পুলিশ,Related,,1.0
6283,bd-pratidin.com,2018-09-20 13:42:02,Sports,দ্য ইন্ডিপেন্ডেন্ট,Related,,1.0
6284,bangla.bdnews24.com,2018-09-19 23:49:28,National,সদরঘাট থানার ওসি,Related,,1.0
6285,banglanews24.com,2018-09-19 21:06:13,National,স্বরাষ্ট্র মন্ত্রণালয়ের জন নিরাপত্তা বিভাগের সচিব,Related,,1.0
6289,mzamin.com,2018-09-19 19:04:23,International,বিবিসি,Related,,1.0
6290,channelionline.com,2018-09-19 20:26:36,Education,"WOC, English Olympiad",Related,,1.0
6291,banglanews24.com,2018-09-19 19:57:15,National,স্থানীয় ইউপি চেয়ারম্যান,Related,,1.0
6292,independent24.com,2018-09-21 11:27:04,National,পুলিশ,Related,,1.0
6293,dailyjanakantha.com,2018-09-20 11:13:16,National,পুলিশ তদন্ত কেন্দ্রের উপ-পরিদর্শক (এসআই),Related,,1.0
6294,independent24.com,2018-09-24 08:25:02,Miscellaneous,reporter,Related,,1.0
6295,independent24.com,2018-09-23 17:26:48,National,reporter,Related,,1.0
6296,independent24.com,2018-09-23 22:20:59,International,Not Found,Related,,1.0
6297,bd24live.com,2018-09-19 20:16:23,National,Reporter,Related,,1.0
6299,dhakatimes24.com,2018-09-20 10:47:32,Sports,reporter,Related,,1.0
6300,independent24.com,2018-09-21 11:27:04,Politics,আদালত,Related,,1.0
6301,samakal.com,2018-09-23 11:26:48,National,হিজলার ইউএনও,Related,,1.0
6302,bangla.thereport24.com,2018-09-22 13:41:23,Crime,খালেদা জিয়ার আইনজীবী,Related,,1.0
6303,channelionline.com,2018-09-21 09:37:50,National,মার্কিন প্রতিবেদন,Related,,1.0
6304,independent24.com,2018-09-23 18:07:01,Sports,reporter,Related,,1.0
6305,bangla.bdnews24.com,2018-09-20 03:25:27,National,দুদকের জনসংযোগ কর্মকর্তা,Related,,1.0
6306,dhakatimes24.com,2018-09-20 09:34:48,National,পুলিশ সুপার,Related,,1.0
6307,ittefaq.com.bd,2018-09-20 00:39:48,National,স্পিকার,Related,,1.0
6308,channelionline.com,2018-09-20 09:01:03,National,সংসদের,Related,,1.0
6309,prothomalo.com,2018-09-19 22:37:35,International,পাকিস্তানি সংবাদমাধ্যম জিও নিউজ,Related,,1.0
6310,channelionline.com,2018-09-20 22:52:09,Technology,বাংলালিংক-অ্যাক্টিং চিফ কমার্শিয়াল অফিসার,Related,,1.0
6311,banglatribune.com,2018-09-19 19:16:05,Miscellaneous,"দুদকের জনসংযোগ কর্মকর্তা,দুদকের মহাপরিচালক (প্রশাসন)",Related,,1.0
6312,bangla.thereport24.com,2018-09-20 12:29:26,International,"মালয়েশিয়ার সংবাদমাধ্যম দ্য স্টার, সেলাঙ্গর জেলার পুলিশ প্রধান",Related,,1.0
6313,banglatribune.com,2018-09-20 00:05:20,Entertainment,নাগরিক টিভির অনুষ্ঠান বিভাগের প্রধান,Related,,1.0
6314,dailynayadiganta.com,2018-09-19 17:52:38,National,reporter,Related,,1.0
6315,jagonews24.com,2018-09-19 14:22:00,Education,reporter,Related,,1.0
6316,bd24live.com,2018-09-19 18:27:55,National,Reporter,Related,,1.0
6318,mzamin.com,2018-09-22 23:53:06,Miscellaneous,Journalism,Related,,1.0
6319,independent24.com,2018-09-20 22:15:57,National,reporter,Related,,1.0
6320,mzamin.com,2018-09-19 22:05:55,National,অনলাইন এশিয়ান এইজ,Related,,1.0
6323,mzamin.com,2018-09-21 09:28:09,National,যুক্তরাষ্ট্রের সন্ত্রাসবাদ বিষয়ক বার্ষিক প্রতিবেদন,Related,,1.0
6324,bangla.bdnews24.com,2018-09-20 13:37:24,Finance,Not Found,Related,,1.0
6326,kalerkantho.com,2018-09-20 14:49:58,International,বিবিসি,Related,,1.0
6327,jagonews24.com,2018-09-19 14:37:00,International,ওআইসি,Related,,1.0
6328,kalerkantho.com,2018-09-19 23:50:02,National,Journalist,Related,,1.0
6329,bd-pratidin.com,2018-09-22 08:16:59,International,Not Found,Related,,1.0
6330,dailynayadiganta.com,2018-09-20 00:26:57,Miscellaneous,ছাত্রশিবির,Related,,1.0
6333,bd24live.com,2018-09-20 08:15:03,National,বিরোধী দলীয় কয়েকজন এমপি,Related,,1.0
6334,mzamin.com,2018-09-19 17:55:59,International,Journalist,Related,,1.0
6335,mzamin.com,2018-09-21 14:16:02,National,Journalist,Related,,1.0
6337,kalerkantho.com,2018-09-20 13:37:59,International,টাইমস অব ইন্ডিয়া,Related,,1.0
6338,dailynayadiganta.com,2018-09-20 15:27:53,National,কোটালীপাড়া থানার ওসি,Related,,1.0
6339,kalerkantho.com,2018-09-20 04:01:35,National,জাতীয় সংসদ,Related,,1.0
6340,independent24.com,2018-09-24 07:48:27,National,reporter,Related,,1.0
6344,rtnn.net,2018-09-23 11:23:11,International,ব্রেইটবার্ট নিউজ,Related,,1.0
6345,dailynayadiganta.com,2018-09-19 17:52:43,National,আদমদীঘি থানার ওসি,Related,,1.0
6346,channelionline.com,2018-09-21 16:13:34,Sports,Not Found,Related,,1.0
6348,kalerkantho.com,2018-09-19 23:50:06,Sports,Journalist,Related,,1.0
6349,independent24.com,2018-09-20 21:03:25,National,reporter,Related,,1.0
6350,mzamin.com,2018-09-22 23:53:10,Miscellaneous,সদর থানার ওসি,Related,,1.0
6352,mzamin.com,2018-09-23 18:28:50,Sports,reporter,Related,,1.0
6356,banglanews24.com,2018-09-19 22:20:30,National,বোয়ালখালী থানার ভারপ্রাপ্ত কর্মকর্তা (ওসি),Related,,1.0
6359,channelionline.com,2018-09-20 07:48:16,Technology,সাংবাদিক জায়েদুল আহসান পিন্টু,Related,,1.0
6362,mzamin.com,2018-09-20 21:28:44,National,লুৎফা খাতুন,Related,,1.0
6363,prothomalo.com,2018-09-19 19:37:41,Sports,journalist,Related,,1.0
6364,kalerkantho.com,2018-09-20 08:49:41,International,ব্রাহ্মণপাড়া থানার ভারপ্রাপ্ত কর্মকর্তা (ওসি),Related,,1.0
6365,kalerkantho.com,2018-09-19 19:02:04,International,বিআইডব্লিউটিসির পাটুরিয়া ঘাটের মধুমতি ভাসমান কারখানার নির্বাহী প্রকৌশলী মো. এনামুল হক,Related,,1.0
6369,dailynayadiganta.com,2018-09-19 21:26:39,Politics,প্রধানমন্ত্রী,Related,,1.0
6371,mzamin.com,2018-09-23 21:29:30,National,হরিণটানা থানার ভারপ্রাপ্ত কর্মকর্তা (ওসি),Related,,1.0
6373,dailyjanakantha.com,2018-09-21 11:49:08,Technology,রয়টার্স,Related,,1.0
6374,jagonews24.com,2018-09-20 15:24:31,Entertainment,প্রধানমন্ত্রীর কার্যালয়,Related,,1.0
6375,dailyjanakantha.com,2018-09-20 16:01:11,International,Not Found,Related,,1.0
6376,channelionline.com,2018-09-21 10:49:29,Sports,reporter,Related,,1.0
6377,independent24.com,2018-09-22 10:13:51,International,জ্যাক মা,Related,,1.0
6379,prothomalo.com,2018-09-20 02:49:20,Sports,Journalist,Related,,1.0
6380,dailynayadiganta.com,2018-09-19 20:50:44,Sports,reporter,Related,,1.0
6383,samakal.com,2018-09-22 21:04:59,National,স্কুলের সভাপতি,Related,,1.0
6384,bangla.thereport24.com,2018-09-20 13:05:31,National,রংপুর র‌্যাব- ১৩ মিডিয়া অফিসার,Related,,1.0
6386,kalerkantho.com,2018-09-19 19:02:18,International,Journalist,Related,,1.0
6387,channelionline.com,2018-09-19 18:15:35,Technology,নির্মাতা,Unrelated,,1.0
6388,samakal.com,2018-09-23 12:07:31,National,কোটচাদপুর থানার ভারপ্রাপ্ত কর্মকর্তা (ওসি),Related,,1.0
6389,samakal.com,2018-09-21 15:01:40,National,নানিয়ারচর থানার উপপরিদর্শক (এসআই),Related,,1.0
6390,kalerkantho.com,2018-09-19 20:14:16,Entertainment,সংবাদ সংস্থা আইএএনএস,Related,,1.0
6391,independent24.com,2018-09-24 07:12:05,National,আইনমন্ত্রী,Related,,1.0
6392,banglatribune.com,2018-09-19 20:31:09,Miscellaneous,ডিএমপির জনসংযোগ ও গণমাধ্যম শাখা,Related,,1.0
6393,dailyjanakantha.com,2018-09-19 17:49:19,Sports,reporter,Related,,1.0
6394,bd24live.com,2018-09-20 11:51:53,National,সানি লিওন,Related,,1.0
6396,independent24.com,2018-09-24 11:31:47,National,reporter,Related,,1.0
6398,kalerkantho.com,2018-09-19 20:49:54,International,ক্ষ্মীপুর সদর থানার ভারপ্রাপ্ত কর্মকর্তা (ওসি) মো. লোকমান হোসেন,Related,,1.0
6399,kalerkantho.com,2018-09-20 16:02:25,Entertainment,জিনিউজ,Related,,1.0
6400,ittefaq.com.bd,2018-09-20 01:13:43,National,reporter,Related,,1.0
6401,dailyjanakantha.com,2018-09-21 13:01:16,National,ময়মনসিংহ রেলওয়ে স্টেশনের সুপারিনটেনডেন্ট,Related,,1.0
6402,dailyjanakantha.com,2018-09-20 19:01:15,National,দিনাজপুর ক্যাম্পের অধিনায়ক,Related,,1.0
6403,mzamin.com,2018-09-25 23:40:06,Entertainment,সর্বভারতীয় সংবাদমাধ্যমে,Related,,1.0
6404,banglanews24.com,2018-09-20 06:04:18,Crime,"বিচারক,রাষ্ট্রপক্ষের প্রধান প্রসিকিউটর,আসামিপক্ষের আইনজীবী",Related,,1.0
6405,mzamin.com,2018-09-19 22:05:53,Miscellaneous,ঘাটাইল থানার অফিসার্স ইনচার্জ মাকছুদুল আলম,Related,,1.0
6407,bd-pratidin.com,2018-09-20 10:06:14,Sports,reporter,Related,,1.0
6408,mzamin.com,2018-09-25 13:40:18,International,আন্তর্জাতিক মানবাধিকার বিষয়ক সংগঠন হিউম্যান রাইটস ওয়াচ,Related,,1.0
6409,bangla.bdnews24.com,2018-09-20 13:01:12,Sports,Reporter,Related,,1.0
6410,mzamin.com,2018-09-26 09:14:27,National,reporter,Related,,1.0
6411,prothomalo.com,2018-09-20 22:37:52,National,বিরোধী দলীয় নেতা,Related,,1.0
6412,dailyjanakantha.com,2018-09-19 19:37:13,National,reporter,Related,,1.0
6414,bd-pratidin.com,2018-09-20 11:53:58,National,reporter,Related,,1.0
6415,kalerkantho.com,2018-09-20 10:38:03,International,Not Found,Related,,1.0
6416,independent24.com,2018-09-23 11:27:46,International,ইরানের রাষ্ট্রীয় সংবাদ মাধ্যম,Related,,1.0
6417,prothomalo.com,2018-09-20 22:01:50,National,সংবাদ বিজ্ঞপ্তিতে,Related,,1.0
6418,banglanews24.com,2018-09-19 21:06:17,National,জেলা মুক্তিযোদ্ধা কমান্ডার,Related,,1.0
6419,bangla.bdnews24.com,2018-09-19 17:50:34,Technology,Not found,Related,,1.0
6420,bd-pratidin.com,2018-09-21 20:17:52,National,Not Found,Related,,1.0
6423,independent24.com,2018-09-21 14:26:51,National,রাষ্ট্রপক্ষের আইনজীবী,Related,,1.0
6425,banglanews24.com,2018-09-19 18:40:54,National,"স্থানীয় চর কালকিনি ইউনিয়নের চেয়ারম্যান ,ইউনিয়ন  যুবলীগের সহ-সভাপতি",Related,,1.0
6426,bangla.thereport24.com,2018-09-19 22:06:33,National,টেকনাফ-২ বিজিবি ব্যাটালিয়নের অধিনায়ক,Related,,1.0
6427,rtnn.net,2018-09-23 10:46:32,Entertainment,reporter,Related,,1.0
6428,banglatribune.com,2018-09-19 21:40:28,International,আল-জাজিরা,Related,,1.0
6429,mzamin.com,2018-09-25 22:28:46,Editorial,নাজমুল হোসেন প্রকৌশলী ও লেখক,Related,,1.0
6430,dailyjanakantha.com,2018-09-20 20:49:01,National,Not Found,Related,,1.0
6431,bangla.thereport24.com,2018-09-22 22:09:41,National,সদর উপজেলা নির্বাহী কর্মকর্তা,Related,,1.0
6432,independent24.com,2018-09-24 00:09:24,National,Not Found,Related,,1.0
6433,bd-pratidin.com,2018-09-22 18:30:45,National,আওয়ামী লীগের সাধারণ সম্পাদক এবং সড়ক পরিবহন ও সেতুমন্ত্রী,Related,,1.0
6434,bangla.thereport24.com,2018-09-22 13:05:42,Lifestyle,Reporter,Related,,1.0
6435,bd-pratidin.com,2018-09-20 01:05:26,National,ঠাকুরগাঁওয়ের একজন চিকিৎসক,Related,,1.0
6436,bd24live.com,2018-09-19 20:16:25,National,রাজশাহী মহানগরীর বোয়ালিয়া থানার ভারপ্রাপ্ত কর্মকর্তা (ওসি),Related,,1.0
6438,dailyjanakantha.com,2018-09-19 23:48:57,National,reporter,Related,,1.0
6439,samakal.com,2018-09-23 12:38:48,National,উখিয়া থানার ভারপ্রাপ্ত কর্মকর্তা (ওসি),Related,,1.0
6440,channelionline.com,2018-09-19 18:15:20,International,ডেইলি মেইল,Related,,1.0
6441,independent24.com,2018-09-21 15:03:09,Politics,আওয়ামী লীগ সাধারণ সম্পাদক,Related,,1.0
6445,bangla.bdnews24.com,2018-09-20 15:26:01,National,সলঙ্গা থানার ওসি,Related,,1.0
6448,samakal.com,2018-09-23 16:17:32,International,এএফপি,Related,,1.0
6449,banglatribune.com,2018-09-19 21:40:00,Miscellaneous,ফিনান্সিয়াল টাইমস,Related,,1.0
6450,bangla.bdnews24.com,2018-09-20 14:13:51,International,মার্কিন প্রেসিডেন্টের,Related,,1.0
6452,jagonews24.com,2018-09-27 00:11:20,National,সদর থানা পুলিশের এসআই,Related,,1.0
6453,banglatribune.com,2018-10-05 09:23:55,National,"কারাগার সূত্র,বরিশাল-শের-ই বাংলা মেডিক্যাল কলেজ হাসপাতালের ওয়ার্ড মাস্টার",Related,,1.0
6454,bangla.thereport24.com,2018-10-03 12:16:42,Crime,Reporter,Related,,1.0
6455,independent24.com,2018-10-10 20:12:36,National,reporter,Related,,1.0
6456,banglatribune.com,2018-09-30 02:48:04,National,reporter,Related,,1.0
6457,bangla.thereport24.com,2018-09-29 13:28:05,Crime,"ঢামেক হাসপাতাল পুলিশ ক্যাম্পের উপ-পরিদর্শক,তেজগাঁও থানার ভারপ্রাপ্ত কর্মকর্তা (ওসি)",Related,,1.0
6458,jagonews24.com,2018-09-19 23:48:28,National,বিরোধী দলীয় কয়েকজন এমপি,Related,,1.0
6459,bangla.thereport24.com,2018-10-07 02:03:30,Crime,Reporter,Related,,1.0
6460,banglatribune.com,2018-10-05 20:14:55,National,দৌলতপুর থানার ভারপ্রাপ্ত কর্মকর্তা (ওসি),Related,,1.0
6461,jagonews24.com,2018-09-22 21:24:23,National,আওয়ামী লীগের প্রেসিডিয়াম সদস্য ও স্বাস্থ্যমন্ত্রী,Related,,1.0
6462,jagonews24.com,2018-09-24 17:48:22,National,মাদকদ্রব্য নিয়ন্ত্রণ অধিদফতরের কক্সবাজার কার্যালয়ের সহকারী পরিচালক,Related,,1.0
6463,banglatribune.com,2018-10-05 16:39:50,National,আদিবাসী শিক্ষার্থী,Related,,1.0
6464,jagonews24.com,2018-09-23 19:00:40,National,যশোর বাঘারপাড়া উপজেলা আওয়ামী লীগ,Related,,1.0
6465,jagonews24.com,2018-09-26 20:35:41,National,নরসিংদী সদর মডেল থানা পুলিশের ভারপ্রাপ্ত কর্মকর্তা,Related,,1.0
6466,bangla.thereport24.com,2018-09-24 19:06:14,National,গণফোরামের সভাপতি,Related,,1.0
6467,bangla.thereport24.com,2018-10-02 18:52:26,Crime,দুদকের জনসংযোগ কর্মকর্তা,Related,,1.0
6468,jagonews24.com,2018-09-20 19:38:09,National,শিক্ষামন্ত্রী,Related,,1.0
6470,independent24.com,2018-09-20 18:37:56,Politics,Reporter,Related,,1.0
6471,jagonews24.com,2018-09-25 10:00:24,National,ফতুল্লা মডেল থানা পুলিশের ভারপ্রাপ্ত কর্মকর্তা (ওসি),Related,,1.0
6472,jagonews24.com,2018-09-26 10:23:21,National,ডায়াগনিস্টিক সেন্টারের জেনারেল ম্যানেজার,Related,,1.0
6473,banglatribune.com,2018-09-23 12:40:52,National,মৌলভীবাজারের জেলা প্রশাসক,Related,,1.0
6474,kalerkantho.com,2018-09-22 22:03:32,National,বিএনপিপন্থী বুদ্ধিজীবী ও গণস্বাস্থ্য কেন্দ্রের প্রতিষ্ঠাতা,Related,,1.0
6475,banglatribune.com,2018-10-04 05:09:51,National,গোলাপগঞ্জ পৌরসভা নির্বাচনের সহকারী রিটার্নিং কর্মকর্তা,Related,,1.0
6477,banglatribune.com,2018-10-06 10:01:54,National,"দেওয়ানগঞ্জ থানার ওসি,পুলিশ সুপার,দেওয়ানগঞ্জ উপজেলা নির্বাচন অফিসার",Related,,1.0
6478,bangla.bdnews24.com,2018-09-20 22:37:35,National,স্বাস্থ্যমন্ত্রী,Related,,1.0
6479,banglatribune.com,2018-09-21 18:38:24,National,রিটার্নিং কর্মকর্তা,Related,,1.0
6480,bangla.thereport24.com,2018-10-05 15:16:28,Crime,Reporter,Related,,1.0
6481,bangla.bdnews24.com,2018-09-20 17:50:21,Technology,বিটিআরসির,Related,,1.0
6482,ittefaq.com.bd,2018-09-20 14:28:44,National,আবহাওয়া অধিদপ্তর,Related,,1.0
6483,independent24.com,2018-10-06 17:12:03,National,র‍্যাব,Related,,1.0
6484,banglatribune.com,2018-09-27 12:30:10,National,reporter,Related,,1.0
6485,samakal.com,2018-09-20 11:25:11,Politics,Reporter,Related,,1.0
6486,jagonews24.com,2018-09-22 14:12:31,National,সাংবাদিক ইউনিয়ন গাজীপুরের (জেইউজি),Related,,1.0
6487,banglatribune.com,2018-10-05 01:35:12,National,বিজিবি হিলির বাসুদেবপুর কোম্পানি কমান্ডার,Related,,1.0
6488,bangla.thereport24.com,2018-09-25 11:17:19,Sports,দ্য রিপোর্ট ডেস্ক,Related,,1.0
6490,jagonews24.com,2018-09-22 18:24:27,National,সদর থানার ওসি,Related,,1.0
6492,jagonews24.com,2018-09-23 22:01:10,National,র‌্যাব-৭ এর সহকারী পরিচালক এএসপি,Related,,1.0
6493,banglatribune.com,2018-10-04 22:04:28,National,"বাংলাদেশ বেভারেজ ম্যানুফেকচারিং অ্যাসোসিয়েশন (বিবিএমএ) সংবাদ বিজ্ঞপ্তি,বিবিএমএ-এর সাধারণ সম্পাদক",Related,,1.0
6494,jagonews24.com,2018-09-20 22:00:29,National,Reporter,Related,,1.0
6495,bangla.thereport24.com,2018-10-11 12:51:41,Crime,Reporter,Related,,1.0
6496,bangla.bdnews24.com,2018-09-20 17:50:27,Technology,আলিবাবা,Related,,1.0
6497,jagonews24.com,2018-09-22 22:00:46,National,উপজেলা নির্বাহী কর্মকর্তা,Related,,1.0
6498,independent24.com,2018-09-28 14:13:15,National,জনপ্রশাসন মন্ত্রণালয়,Related,,1.0
6499,independent24.com,2018-09-21 18:04:10,National,সুপ্রিম কোর্ট আইনজীবী সমিতির সভাপতি,Related,,1.0
6500,jagonews24.com,2018-09-23 16:00:47,Crime,Reporter,Related,,1.0
6501,banglatribune.com,2018-09-21 13:50:26,National,ভুরুঙ্গামারী উপ‌জেলা নির্বাহী কর্মকর্তা (ইউএনও,Related,,1.0
6502,jagonews24.com,2018-09-25 21:47:12,National,খুলনা র‌্যাব-৬ এর কমান্ডার,Related,,1.0
6503,jagonews24.com,2018-09-23 12:24:27,National,গাজীপুর মেট্রোপলিটন পুলিশের গাছা থানার ওসি,Related,,1.0
6504,independent24.com,2018-10-04 15:11:44,National,reporter,Related,,1.0
6505,banglanews24.com,2018-09-19 19:18:26,National,জুড়ি থানার ভারপ্রাপ্ত কর্মকর্তা,Related,,1.0
6506,jagonews24.com,2018-09-21 11:48:27,National,"ঘিবা বিজিবি ক্যাম্প কমান্ডার নায়েব সুবেদার ,যশোর ৪৯ বিজিবি ব্যাটালিয়নের অধিনায়ক",Related,,1.0
6507,jagonews24.com,2018-09-23 22:36:32,National,কক্সবাজার জেলা কারাগারের তত্ত্বাবধায়ক,Related,,1.0
6509,independent24.com,2018-09-21 15:38:28,National,পররাষ্ট্র প্রতিমন্ত্রী,Related,,1.0
6510,jagonews24.com,2018-09-20 20:48:22,National,জনপ্রশাসন মন্ত্রণালয়,Related,,1.0
6511,independent24.com,2018-09-22 11:27:06,National,reporter,Related,,1.0
6512,banglatribune.com,2018-10-02 11:14:46,National,reporter,Related,,1.0
6513,jagonews24.com,2018-09-23 23:48:32,National,দুদক সমন্বিত নোয়াখালী জেলার সহকারী পরিচালক,Related,,1.0
6514,jagonews24.com,2018-09-27 01:23:20,National,সরিষাবাড়ী উপজেলা নির্বাহী কর্মকর্তা,Related,,1.0
6515,jagonews24.com,2018-09-20 13:00:22,National,"কোটচাঁদপুরের লক্ষ্মীপুর গ্রামের ধান চাষি ,সদর উপজেলার গোপালপুর ক্লকের উপসহকারি কৃষি কর্মকর্তা",Related,,1.0
6517,banglatribune.com,2018-09-26 17:58:48,National,কোটা আন্দোলনের রাবি শাখার সমন্বয়ক,Related,,1.0
6519,bangla.thereport24.com,2018-10-03 18:18:13,Crime,বিএনপি মিডিয়া উইংয়ের কর্মকর্তা,Related,,1.0
6520,jagonews24.com,2018-09-27 09:47:23,National,Reporter,Related,,1.0
6521,banglatribune.com,2018-09-29 17:50:50,National,ছাত্তার শপিংমলের ম্যানেজার,Related,,1.0
6522,jagonews24.com,2018-09-24 20:12:34,National,কোতোয়ালি থানা পুলিশের ভারপ্রাপ্ত কর্মকর্তা (ওসি),Related,,1.0
6523,banglatribune.com,2018-10-06 10:01:49,National,Reporter,Related,,1.0
6524,independent24.com,2018-09-24 11:31:47,National,reporter,Related,,1.0
6526,banglatribune.com,2018-09-26 18:32:11,National,পদ্মা সেতুর একাধিক প্রকৌশলী,Related,,1.0
6527,banglatribune.com,2018-09-21 18:38:22,Politics,ইসলামী আন্দোলন বাংলাদেশের যুগ্ম-মহাসচিব,Related,,1.0
6528,independent24.com,2018-09-29 09:59:55,National,reporter,Related,,1.0
6529,independent24.com,2018-10-07 14:48:53,National,নাটোর সদর থানা পুলিশ,Related,,1.0
6530,independent24.com,2018-09-26 21:36:04,National,বন্দর কর্তৃপক্ষ,Related,,1.0
6531,bangla.bdnews24.com,2018-09-21 08:49:21,National,কালাই থানার ওসি,Related,,1.0
6532,banglatribune.com,2018-09-30 10:36:55,National,reporter,Related,,1.0
6533,banglatribune.com,2018-09-26 19:11:13,National,রাজবাড়ী সদর হাসপাতালের জরুরি বিভাগে কর্তব্যরত চিকিৎসক,Related,,1.0
6534,banglatribune.com,2018-09-22 08:25:23,National,খুলশী থানার এসআই,Related,,1.0
6535,ittefaq.com.bd,2018-09-20 01:49:18,National,পরিকল্পনামন্ত্রী,Related,,1.0
6536,independent24.com,2018-10-04 23:15:54,National,reporter,Related,,1.0
6537,jagonews24.com,2018-09-26 19:59:17,National,কচুয়া থানা পুলিশের ভারপ্রাপ্ত কর্মকর্তা,Related,,1.0
6538,independent24.com,2018-09-29 15:28:31,National,পুলিশ,Related,,1.0
6539,bangla.bdnews24.com,2018-09-21 17:13:31,National,দেবহাটা থানার ওসি,Related,,1.0
6540,banglatribune.com,2018-09-30 11:14:00,National,র‌্যাব-৮,Related,,1.0
6541,bangla.thereport24.com,2018-10-05 23:40:07,Crime,Reporter,Related,,1.0
6542,bangla.bdnews24.com,2018-09-21 12:25:37,National,দুদকের উপ-পরিচালক (জনসংযোগ),Related,,1.0
6544,jagonews24.com,2018-09-25 18:47:14,National,জাতীয় ক্ষুদ্র নৃগোষ্ঠী পরিষদের সভাপতি,Related,,1.0
6545,bangla.thereport24.com,2018-10-05 18:16:16,Crime,রাষ্ট্রপক্ষের কৌঁসুলি,Related,,1.0
6546,banglatribune.com,2018-09-21 16:52:23,National,নৌ-পরিবহন মন্ত্রী,Related,,1.0
6548,bangla.thereport24.com,2018-09-30 20:03:59,Crime,রূপনগর থানার ভারপ্রাপ্ত কর্মকর্তা (ওসি),Related,,1.0
6549,banglatribune.com,2018-09-20 13:53:30,National,ফেনী সড়ক ও জনপদ বিভাগের নির্বাহী প্রকৌশলী,Related,,1.0
6550,jagonews24.com,2018-09-23 19:00:33,National,কাজীরহাট থানা পুলিশের ওসি,Related,,1.0
6551,jagonews24.com,2018-09-22 14:12:34,National,পরিবহন শ্রমিকেরা,Related,,1.0
6554,independent24.com,2018-09-27 08:04:26,National,বিআইডাব্লিউটিসি'র উপ-মহাব্যবস্থাপক,Related,,1.0
6556,independent24.com,2018-09-28 17:50:12,National,রেলওয়ে কর্তৃপক্ষ,Related,,1.0
6557,jagonews24.com,2018-09-22 21:24:29,National,"খোদ প্রকল্প তদারককারী সংস্থা পরিকল্পনা মন্ত্রণালয়ের বাস্তবায়ন, পরিবীক্ষণ ও মূল্যায়ন বিভাগ (আইএমইডি)",Related,,1.0
6558,kalerkantho.com,2018-09-22 20:50:28,National,রাষ্ট্রপতির প্রেস সচিব,Related,,1.0
6559,jagonews24.com,2018-09-25 13:00:29,Crime,Reporter,Related,,1.0
6560,bangla.thereport24.com,2018-09-26 08:39:13,Crime,দুদকের চেয়ারম্যান,Related,,1.0
6561,bangla.thereport24.com,2018-09-23 11:17:15,National,বা‌গেরহাট ম‌ডেল থানার ভারপ্রাপ্ত কর্মকর্তা,Related,,1.0
6562,jagonews24.com,2018-09-27 09:11:17,National,কক্সবাজার সদর মডেল থানার ভারপ্রাপ্ত কর্মক,Related,,1.0
6563,bangla.thereport24.com,2018-10-02 12:16:37,Crime,Reporter,Related,,1.0
6564,independent24.com,2018-09-25 11:26:49,National,পানি উন্নয়ন বোর্ড,Related,,1.0
6566,banglatribune.com,2018-09-30 17:49:17,National,ইঞ্জিনচালিত মাঝি সংঘের সাধারণ সম্পাদক,Related,,1.0
6568,banglatribune.com,2018-09-28 22:05:50,National,আওয়ামী লীগের যুগ্ম-সাধারণ সম্পাদক,Related,,1.0
6571,banglatribune.com,2018-09-27 10:02:00,National,নগর পুলিশের সহকারী কমিশনার (কর্ণফুলী জোন),Related,,1.0
6573,banglatribune.com,2018-10-05 11:12:22,National,"কাঠমিস্ত্রি,দিনাজপুরের",Related,,1.0
6574,jagonews24.com,2018-09-24 13:00:28,Crime,Reporter,Related,,1.0
6575,jagonews24.com,2018-09-22 20:48:28,National,জাতীয় ভোক্তা অধিকার সংরক্ষণ অধিদফতর,Related,,1.0
6576,rtnn.net,2018-09-21 06:33:16,Politics,জাতীয় ঐক্য প্রক্রিয়ায় আহ্বায়ক ও গণফোরাম সভাপতি,Related,,1.0
6577,jagonews24.com,2018-09-23 16:36:27,National,ফতুল্লা মডেল থানা পুলিশের ভারপ্রাপ্ত কর্মকর্তা (ওসি),Related,,1.0
6579,jagonews24.com,2018-09-26 12:11:24,National,পাথরঘাটা থানা পুলিশের ভারপ্রাপ্ত কর্মকর্তা,Related,,1.0
6580,bangla.bdnews24.com,2018-09-21 17:13:31,Sports,reporter,Related,,1.0
6581,banglatribune.com,2018-09-29 14:13:47,National,নওগাঁ জেলা পুলিশ সুপার,Related,,1.0
6582,banglatribune.com,2018-09-26 19:11:18,National,উপজেলা প্রশাসন,Related,,1.0
6583,bangla.thereport24.com,2018-10-02 21:52:18,Crime,শাহবাগ থানার ওসি (পরিদর্শক),Related,,1.0
6584,independent24.com,2018-10-08 15:32:19,National,reporter,Related,,1.0
6587,independent24.com,2018-10-08 13:01:31,National,সড়ক ও জনপথ বিভাগ,Related,,1.0
6590,jagonews24.com,2018-09-19 21:24:20,Politics,জাতীয় জোট বিএনএ’র চেয়ারম্যান,Related,,1.0
6591,independent24.com,2018-09-29 17:50:00,National,reporter,Related,,1.0
6593,independent24.com,2018-10-09 21:28:39,National,reporter,Related,,1.0
6594,banglatribune.com,2018-09-28 13:36:24,National,উখিয়া থানার ভারপ্রাপ্ত কর্মকর্তা (ওসি),Related,,1.0
6595,jagonews24.com,2018-09-24 13:36:42,National,তালা থানা পুলিশের ভারপ্রাপ্ত কর্মকর্তা (ওসি),Related,,1.0
6596,jagonews24.com,2018-09-21 09:24:31,National,নানিয়ারচর থানার ওসি,Related,,1.0
6597,independent24.com,2018-09-27 14:54:19,National,বিআইডাব্লিউটিসি'র উপ-মহাব্যবস্থাপক,Related,,1.0
6598,ittefaq.com.bd,2018-09-23 15:06:03,National,এলজিআরডি মন্ত্রণালয়,Related,,1.0
6599,jagonews24.com,2018-09-24 12:24:22,National,মির্জাপুর উপজেলা স্বাস্থ্য ও পরিবার পরিকল্পনা কর্মকর্তা,Related,,1.0
6601,ittefaq.com.bd,2018-09-19 20:27:17,National,যোগাযোগ মন্ত্রণালয়,Related,,1.0
6602,banglatribune.com,2018-09-22 14:28:52,National,শ্রীপুর থানার ভারপ্রাপ্ত কর্মকর্তা (ওসি) জাবেদুল ইসলাম,Related,,1.0
6603,banglatribune.com,2018-09-29 19:39:35,National,রাষ্ট্রপতি,Related,,1.0
6604,jagonews24.com,2018-09-24 22:00:27,National,রাষ্ট্রপতি,Related,,1.0
6605,banglatribune.com,2018-10-01 06:58:25,National,লক্ষ্মীপুর জেলা ছাত্রলীগের সাধারণ সম্পাদক,Related,,1.0
6606,independent24.com,2018-09-23 15:05:48,National,reporter,Related,,1.0
6608,jagonews24.com,2018-09-25 19:59:15,National,মুলাদী থানা পুলিশের ওসি,Related,,1.0
6609,jagonews24.com,2018-09-23 13:36:31,National,ট্রান্সপারেন্সি ইন্টারন্যাশনাল বাংলাদেশ (টিআইবি),Related,,1.0
6610,bangla.thereport24.com,2018-10-01 21:52:20,Crime,Reporter,Related,,1.0
6613,bangla.thereport24.com,2018-09-26 12:16:56,Crime,বিমান বাংলাদেশ এয়ারলাইন্সের জনসংযোগ বিভাগের মহাব্যবস্থাপক,Related,,1.0
6614,kalerkantho.com,2018-09-22 14:13:56,Politics,গণফোরাম সভাপতি ও জাতীয় ঐক্যপ্রক্রিয়ার নেতা,Related,,1.0
6615,jagonews24.com,2018-09-22 11:12:32,National,ডিএনসিসির প্রধান তথ্য কর্মকর্তা,Related,,1.0
6616,kalerkantho.com,2018-09-22 22:40:43,National,প্রধানমন্ত্রী শেখ হাসিনা,Related,,1.0
6617,ittefaq.com.bd,2018-09-23 08:25:19,National,reporter,Related,,1.0
6618,kalerkantho.com,2018-09-22 23:51:20,National,যুক্তফ্রন্ট চেয়ারম্যান,Related,,1.0
6619,kalerkantho.com,2018-09-20 11:14:03,National,বাংলাদেশ ব্যাংকের ডেপুটি গভর্নর,Related,,1.0
6620,jagonews24.com,2018-09-20 18:24:24,National,প্রাথমিক ও গণশিক্ষামন্ত্রী,Related,,1.0
6621,jagonews24.com,2018-09-25 13:36:25,National,বিজয়নগর থানা পুলিশের ভারপ্রাপ্ত কর্মকর্তা (ওসি),Related,,1.0
6622,kalerkantho.com,2018-09-24 16:38:18,Crime,Reporter,Related,,1.0
6623,ittefaq.com.bd,2018-09-20 03:37:45,Politics,জাতীয় পার্টি (জাপা) চেয়ারম্যান,Related,,1.0
6624,jagonews24.com,2018-09-23 10:00:30,National,অ্যাটর্নি জেনারেল মাহবুবে আলম,Related,,1.0
6625,jagonews24.com,2018-09-22 13:36:24,National,মুক্তিযুদ্ধভিত্তিক সংগঠন ‘মুক্ত আসর’,Related,,1.0
6626,banglatribune.com,2018-10-04 19:39:52,National,মাদারীপুরের অতিরিক্ত পুলিশ সুপার,Related,,1.0
6627,independent24.com,2018-09-30 17:14:12,National,পুলিশ,Related,,1.0
6629,jagonews24.com,2018-09-21 16:36:39,National,"নাঙ্গলকোট পল্লী বিদ্যুতের ডিজিএম,নাঙ্গলকোট থানার এসআই,পুলিশ ও স্থানীয় সূত্র",Related,,1.0
6630,bangla.thereport24.com,2018-10-07 09:53:01,Crime,Reporter,Related,,1.0
6632,jagonews24.com,2018-09-20 19:00:35,National,যুব ও ক্রীড়া প্রতিমন্ত্রী,Related,,1.0
6633,bangla.thereport24.com,2018-09-24 13:44:00,National,বিএনপির সিনিয়র যুগ্ম-মহাসচিব,Related,,1.0
6634,dailynayadiganta.com,2018-10-05 23:37:32,National,পুলিশ সূত্র,Related,,1.0
6635,banglatribune.com,2018-09-26 22:19:10,National,বাংলা ট্রিবিউন,Related,,1.0
6636,banglatribune.com,2018-09-22 15:04:38,National,reporter,Related,,1.0
6637,bangla.bdnews24.com,2018-09-21 14:13:28,National,reporter,Related,,1.0
6638,bangla.thereport24.com,2018-10-09 20:41:32,Crime,Reporter,Related,,1.0
6639,banglatribune.com,2018-09-23 17:27:58,Politics,যুক্তফ্রন্টের চেয়ারম্যান,Related,,1.0
6640,bangla.bdnews24.com,2018-09-21 10:37:35,National,চতরা ইউনিয়ন পরিষদ চেয়ারম্যান,Related,,1.0
6641,jagonews24.com,2018-09-25 15:24:22,Crime,আইনজীবী,Related,,1.0
6642,jagonews24.com,2018-09-23 12:24:28,International,ঈশ্বরদী থানা পুলিশের ভারপ্রাপ্ত কর্মকর্তা (ওসি),Related,,1.0
6643,jagonews24.com,2018-09-25 12:24:25,National,তাড়াশ উপজেলা উরাঁও ফাউন্ডেশনের সভাপতি,Related,,1.0
6644,banglatribune.com,2018-10-01 23:13:37,National,পিরোজপুর জেলা জজ আদালত,Related,,1.0
6645,jagonews24.com,2018-09-22 20:48:22,National,বিদ্যমান অবস্থা ও পরিকল্পনা ভাবনা’ শীর্ষক আলোচনা সভা ও ডকুমেন্টারি প্রদর্শনীতে বক্তারা,Related,,1.0
6646,banglanews24.com,2018-09-20 13:58:46,Politics,Reporter,Related,,1.0
6647,bangla.thereport24.com,2018-09-24 13:06:53,National,আওয়ামী লীগের সাধারণ সম্পাদক এবং সড়ক পরিবহন ও সেতুমন্ত্রী,Related,,1.0
6649,banglanews24.com,2018-09-20 19:16:21,Politics,Reporter,Related,,1.0
6650,banglatribune.com,2018-10-05 19:43:09,National,জেলা মাদকদ্রব্য নিয়ন্ত্রণ অধিদফতরের সহকারী পরিচালক,Related,,1.0
6651,bangla.bdnews24.com,2018-09-21 01:01:40,Sports,reporter,Related,,1.0
6652,banglanews24.com,2018-09-20 13:24:28,Politics,আওয়ামী লীগের সাধারণ সম্পাদক এবং সড়ক পরিবহন ও সেতুমন্ত্রী,Related,,1.0
6653,banglatribune.com,2018-10-04 23:49:25,National,Reporter,Related,,1.0
6654,independent24.com,2018-10-09 00:24:14,National,reporter,Related,,1.0
6655,bangla.thereport24.com,2018-09-24 18:29:21,Politics,গণফোরামের সভাপতি,Related,,1.0
6656,dailynayadiganta.com,2018-10-06 12:13:47,National,"কমলনগর থানার ওসি,স্থানীয়",Related,,1.0
6658,jagonews24.com,2018-09-27 06:11:13,National,Reporter,Related,,1.0
6659,jagonews24.com,2018-09-20 17:12:37,Crime,Reporter,Related,,1.0
6660,bangla.bdnews24.com,2018-09-21 19:38:38,National,আখাউড়া রেলওয়ে থানার ওসি,Related,,1.0
6661,jagonews24.com,2018-09-22 09:24:25,National,জামালপুর সদর থানার ভারপ্রাপ্ত কর্মকর্তা (ওসি),Related,,1.0
6662,banglatribune.com,2018-09-22 15:42:05,National,নাটোর র‌্যাব অফিসের ভারপ্রাপ্ত কোম্পানি কমান্ডার এসপি,Related,,1.0
6663,jagonews24.com,2018-09-20 15:24:27,Crime,Reporter,Related,,1.0
6664,banglatribune.com,2018-09-30 19:00:06,National,তেঘরিয়া ইউনিয়ন পরিষদের চেয়ারম্যান,Related,,1.0
6666,jagonews24.com,2018-09-25 10:00:26,National,পুলিশ সুপার,Related,,1.0
6667,independent24.com,2018-10-04 13:01:19,National,শ্রমিক ইউনিয়নের নেতারা,Related,,1.0
6668,bangla.bdnews24.com,2018-09-21 13:37:22,International,রয়টার্স,Related,,1.0
6669,bangla.thereport24.com,2018-10-03 12:52:59,Crime,Reporter,Related,,1.0
6670,banglatribune.com,2018-09-28 17:51:18,National,মানিকগঞ্জ জেলা পুলিশের বিশেষ শাখার সহকারী পুলিশ সুপার,Related,,1.0
6671,bangla.thereport24.com,2018-09-24 11:55:13,National,বাগেরহাট হাইওয়ে পুলিশের উপ পরিদর্শক,Related,,1.0
6672,jagonews24.com,2018-09-27 12:11:26,National,Reporter,Related,,1.0
6674,independent24.com,2018-10-02 09:23:29,National,reporter,Related,,1.0
6675,independent24.com,2018-09-29 19:02:18,National,reporter,Related,,1.0
6676,bangla.thereport24.com,2018-09-24 13:44:00,Crime,পুলিশের কাউন্টার টেরোরিজম অ্যান্ড ট্রান্সন্যাশনাল ক্রাইম (সিটিটিসি) ইউনিটের প্রধান,Related,,1.0
6677,banglatribune.com,2018-10-02 21:00:12,National,"উল্লাপাড়া থানার ওসি,কয়রা ইউনিয়ন পরিষদের ৪নং ওয়ার্ড আওয়ামী লীগের সাধারণ সম্পাদক",Related,,1.0
6679,bangla.thereport24.com,2018-09-27 18:57:12,Crime,অ্যাটর্নি জেনারেল,Related,,1.0
6680,independent24.com,2018-09-23 14:29:11,National,reporter,Related,,1.0
6681,independent24.com,2018-10-01 19:00:10,National,reporter,Related,,1.0
6682,banglatribune.com,2018-09-28 09:24:35,National,কামারখন্দ থানার ভারপ্রাপ্ত কর্মকর্তা,Related,,1.0
6683,bangla.bdnews24.com,2018-09-22 07:37:07,Sports,reporter,Related,,1.0
6684,banglatribune.com,2018-10-04 01:00:26,National,দেওয়ানগঞ্জ উপজেলা নির্বাচন কর্মকর্তা,Related,,1.0
6685,jagonews24.com,2018-09-24 22:00:29,National,র‌্যাব-৭ এর সহকারী পরিচালক,Related,,1.0
6686,jagonews24.com,2018-09-24 20:48:22,National,পরিকল্পনামন্ত্রী,Related,,1.0
6687,independent24.com,2018-10-06 17:12:06,National,reporter,Related,,1.0
6688,banglatribune.com,2018-09-27 10:01:56,National,বাহুবল থানার ভারপ্রাপ্ত কর্মকর্তা (ওসি),Related,,1.0
6689,jagonews24.com,2018-09-24 18:24:31,Crime,Reporter,Related,,1.0
6691,independent24.com,2018-09-22 08:24:54,National,আইনমন্ত্রী,Related,,1.0
6692,independent24.com,2018-10-01 23:13:10,National,reporter,Related,,1.0
6693,jagonews24.com,2018-09-20 16:36:31,Crime,Reporter,Related,,1.0
6695,jagonews24.com,2018-09-22 21:24:31,National,সদর থানা পুলিশের ওসি,Related,,1.0
6697,kalerkantho.com,2018-09-23 12:26:44,National,ডিএনসিসির জনসংযোগ কর্মকর্তা,Related,,1.0
6698,banglatribune.com,2018-09-30 19:00:02,National,বরিশাল মেট্রোপলিটন পুলিশের কাউনিয়া থানার উপ-পরিদর্শক (এসআই),Related,,1.0
6700,banglatribune.com,2018-09-26 16:13:49,National,নাটোর র‌্যাব অফিসের ভারপ্রাপ্ত কোম্পানি কমান্ডার এএসপি,Related,,1.0
6701,independent24.com,2018-09-23 15:41:33,National,reporter,Related,,1.0
6702,jagonews24.com,2018-09-24 15:29:48,National,কালীগঞ্জ থানা পুলিশের ভারপ্রাপ্ত কর্মকর্তা (ওসি),Related,,1.0
6704,jagonews24.com,2018-09-21 13:00:28,National,ডিএমপির মিডিয়া অ্যান্ড পাবলিক রিলেশনস বিভাগের উপ-পুলিশ (ডিসি) কমিশনার,Related,,1.0
6705,jagonews24.com,2018-09-20 16:00:33,National,বাংলাদেশ সাধারণ ছাত্র পরিষদ,Related,,1.0
6706,independent24.com,2018-09-27 21:38:25,National,পুলিশ,Related,,1.0
6707,samakal.com,2018-09-19 22:16:27,Politics,বিএনপির স্থায়ী কমিটির সদস্য,Related,,1.0
6708,jagonews24.com,2018-09-22 11:12:28,National,পররাষ্ট্রমন্ত্রী,Related,,1.0
6709,independent24.com,2018-09-26 15:00:45,National,reporter,Related,,1.0
6710,kalerkantho.com,2018-09-22 17:14:18,National,বক্তারা,Related,,1.0
6713,jagonews24.com,2018-09-26 10:59:20,National,Reporter,Related,,1.0
6714,jagonews24.com,2018-09-24 16:00:31,Editorial,রাজশাহী মহানগর পুলিশ (আরএমপি),Related,,1.0
6715,jagonews24.com,2018-09-22 10:36:27,National,যশোর কোতোয়ালি থানার উপ পরিদর্শক,Related,,1.0
6716,independent24.com,2018-09-23 00:15:17,National,দক্ষিণ সিটি মেয়র,Related,,1.0
6717,jagonews24.com,2018-09-21 10:00:26,National,ফতুল্লা মডেল থানার ওসি,Related,,1.0
6718,independent24.com,2018-09-30 10:36:11,National,reporter,Related,,1.0
6719,bangla.bdnews24.com,2018-09-21 09:25:36,National,reporter,Related,,1.0
6723,jagonews24.com,2018-09-22 19:36:24,National,ভূমিমন্ত্রী,Related,,1.0
6726,banglanews24.com,2018-09-19 22:20:37,Politics,হুসেইন মুহম্মদ এরশাদ,Related,,1.0
6727,ittefaq.com.bd,2018-09-19 21:39:36,National,"ডাক, টেলিযোগাযোগ ও তথ্যপ্রযুক্তি মন্ত্রী",Related,,1.0
6729,jagonews24.com,2018-09-21 17:12:28,National,Reporter,Related,,1.0
6730,independent24.com,2018-09-29 17:50:00,National,reporter,Related,,1.0
6731,jagonews24.com,2018-09-21 18:24:33,National,ঝলমলিয়া হাইওয়ে থানা পুলিশের ইনচার্জ,Related,,1.0
6732,banglatribune.com,2018-09-20 09:39:18,National,রাষ্ট্রপক্ষের আইনজীবী,Related,,1.0
6735,jagonews24.com,2018-09-24 20:48:23,National,নিরাপদ সড়ক চাই (নিসচা) এর কেন্দ্রীয় কমিটির চেয়ারম্যান,Related,,1.0
6737,banglatribune.com,2018-09-29 15:29:28,National,মাদারীপুরের জেলা প্রশাসক,Related,,1.0
6738,banglatribune.com,2018-09-27 17:19:54,National,নৌমন্ত্রী,Related,,1.0
6739,banglatribune.com,2018-10-09 14:50:25,Politics,উদ্যোগের সংকটকালীন সদস্য,Related,,1.0
6740,jagonews24.com,2018-09-21 11:12:30,National,নারায়ণগঞ্জ-৫ আসনের এমপি,Related,,1.0
6741,jagonews24.com,2018-09-22 08:48:26,National,১নং সুন্দরপুর দুর্গাপুর ইউনিয়নের চেয়ারম্যান,Related,,1.0
6742,independent24.com,2018-10-05 15:10:47,National,reporter,Related,,1.0
6743,independent24.com,2018-09-28 22:41:58,National,বিজিবি,Related,,1.0
6744,banglatribune.com,2018-09-28 13:36:23,National,মানিকগঞ্জ ১ আসনের সাবেক এমপি,Related,,1.0
6745,independent24.com,2018-09-24 12:07:56,National,reporter,Related,,1.0
6746,jagonews24.com,2018-09-25 18:47:10,National,আওয়ামী লীগের সাধারণ সম্পাদক এবং সড়ক পরিবহন ও সেতুমন্ত্রী,Related,,1.0
6747,jagonews24.com,2018-09-21 22:00:32,National,তাহিরপুর থানা পুলিশের ভারপ্রাপ্ত কর্মকর্তা (ওসি),Related,,1.0
6748,jagonews24.com,2018-09-22 18:24:27,National,সদর থানা পুলিশের উপ-পরিদর্শক (এসআই),Related,,1.0
6749,banglatribune.com,2018-09-22 15:48:18,National,স্থানীয় ইউপি সদস্য,Related,,1.0
6750,banglatribune.com,2018-10-01 22:02:17,National,সহকারী কমিশনার (ভূমি),Related,,1.0
6751,jagonews24.com,2018-09-19 20:12:23,Politics,স্বরাষ্ট্রমন্ত্রী,Related,,1.0
6752,independent24.com,2018-10-01 20:50:58,National,পুলিশ,Related,,1.0
6754,banglatribune.com,2018-09-22 13:58:09,National,রাণীশংকৈল থানার ভারপ্রাপ্ত কর্মকর্তা,Related,,1.0
6755,independent24.com,2018-09-26 23:51:57,National,reporter,Related,,1.0
6757,jagonews24.com,2018-09-20 17:12:26,National,পুলিশ ও স্বজন,Related,,1.0
6758,independent24.com,2018-10-08 00:24:40,National,নাটোর সদর থানা পুলিশ,Related,,1.0
6759,banglanews24.com,2018-09-20 16:57:52,Politics,খুলনা মহানগর দপ্তর সম্পাদক,Related,,1.0
6760,ittefaq.com.bd,2018-09-23 16:53:19,National,স্পিকার ড. শিরীন শারমিন চৌধুরী,Related,,1.0
6761,bangla.thereport24.com,2018-09-28 17:41:33,Crime,Reporter,Related,,1.0
6765,banglatribune.com,2018-09-22 15:02:12,National,সভাপতি এম হাফিজ উদ্দিন খান এবং সাধারণ সম্পাদক বদিউল আলম মজুমদার স্বাক্ষরিত এক বিবৃতি,Related,,1.0
6766,banglatribune.com,2018-09-29 23:50:13,National,বিএনপির সাবেক সাধারণ সম্পাদক,Related,,1.0
6767,independent24.com,2018-10-02 09:23:29,National,reporter,Related,,1.0
6768,bd24live.com,2018-09-20 14:51:52,Politics,Reporter,Related,,1.0
6769,jagonews24.com,2018-09-26 11:35:13,National,উপবিভাগীয় প্রকৌশলী,Related,,1.0
6770,bangla.thereport24.com,2018-10-09 13:28:26,Crime,"নিহত হালিমার ভাই,ঢামেক হাসপাতাল পুলিশ ক্যাম্পের ইনচার্জ (এসআই)",Related,,1.0
6771,independent24.com,2018-10-10 21:27:33,National,reporter,Related,,1.0
6772,banglatribune.com,2018-09-26 18:31:52,National,পঞ্চগড় আধুনিক সদর হাসপাতালের চিকিৎসক,Related,,1.0
6773,jagonews24.com,2018-09-22 20:12:34,National,শিশু বিষয়ক প্রতিমন্ত্রী,Related,,1.0
6776,independent24.com,2018-09-26 23:22:42,National,আদালত,Related,,1.0
6780,independent24.com,2018-09-24 16:27:42,National,পুলিশ,Related,,1.0
6781,ittefaq.com.bd,2018-09-20 10:15:53,National,Reporter,Related,,1.0
6782,jagonews24.com,2018-09-24 00:24:31,National,স্বাস্থ্যমন্ত্রী মোহাম্মদ নাসিম,Related,,1.0
6784,kalerkantho.com,2018-09-23 14:13:55,Crime,Reporter,Related,,1.0
6786,ittefaq.com.bd,2018-09-21 09:02:45,National,মেট্রোপলিটন পুলিশ,Related,,1.0
6787,independent24.com,2018-10-03 00:59:28,National,ফায়ার সার্ভিস,Related,,1.0
6789,bangla.thereport24.com,2018-09-24 19:06:10,National,মালয়েশিয়ার অভিবাসন দফতরের মহাপরিচালক,Related,,1.0
6790,banglatribune.com,2018-09-22 12:02:25,National,reporter,Related,,1.0
6791,banglatribune.com,2018-10-06 01:35:58,National,মেয়র,Related,,1.0
6792,jagonews24.com,2018-09-22 14:48:26,National,বার কাউন্সিলের ভাইস চেয়ারম্যান,Related,,1.0
6793,bangla.thereport24.com,2018-10-07 18:17:22,Crime,Reporter,Related,,1.0
6795,jagonews24.com,2018-09-23 10:36:25,National,অর্থ মন্ত্রণালয়,Related,,1.0
6796,jagonews24.com,2018-09-25 17:12:22,Editorial,আইনজীবী,Related,,1.0
6797,rtnn.net,2018-09-22 11:57:12,Politics,জাতীয় পার্টির চ্যায়ারম্যান,Related,,1.0
6798,banglatribune.com,2018-10-05 21:26:51,National,সিদ্ধিরগঞ্জ থানার ভারপ্রাপ্ত কর্মকর্তা,Related,,1.0
6800,jagonews24.com,2018-09-23 16:00:34,National,দুর্নীতি দমন কমিশন,Related,,1.0
6801,banglatribune.com,2018-09-23 12:40:51,National,reporter,Related,,1.0
6802,banglatribune.com,2018-10-05 15:11:46,National,"মুশুরিয়া গ্রামের কার্ডধারী,কোটালীপাড়া উপজেলা নির্বাহী অফিসার",Related,,1.0
6803,dailynayadiganta.com,2018-10-05 20:37:34,National,Reporter,Related,,1.0
6804,bangla.thereport24.com,2018-10-08 17:40:17,Crime,র‌্যাব-১ এর অধিনায়ক (সিও),Related,,1.0
6806,jagonews24.com,2018-09-20 19:43:08,National,ধর্মমন্ত্রী,Related,,1.0
6807,bangla.thereport24.com,2018-09-25 14:19:27,National,মহানগর পুলিশের (ডিএমপি),Related,,1.0
6808,jagonews24.com,2018-09-21 19:36:35,National,আখাউড়া রেলওয়ে থানা পুলিশের ভারপ্রাপ্ত কর্মকর্তা (ওসি),Related,,1.0
6809,jagonews24.com,2018-09-23 16:00:46,National,উপজেলা ভাইস চেয়ারম্যান,Related,,1.0
6810,jagonews24.com,2018-09-26 17:35:36,National,সখীপুর থানা পুলিশের ভারপ্রাপ্ত কর্মকর্তা,Related,,1.0
6811,jagonews24.com,2018-09-24 14:48:31,National,শ্রীমঙ্গল থানার ভারপ্রাপ্ত কর্মকর্তা (ওসি),Related,,1.0
6812,jagonews24.com,2018-09-23 13:00:37,National,ঢাকা উত্তর সিটি কর্পোরেশনের প্রধান জনসংযোগ কর্মকর্তা,Related,,1.0
6813,independent24.com,2018-10-03 12:26:20,National,সড়ক ও জনপথ বিভাগ,Related,,1.0
6814,kalerkantho.com,2018-09-22 19:02:33,National,বিএনপি স্থায়ী কমিটির সদস্য,Related,,1.0
6815,jagonews24.com,2018-09-25 11:12:26,National,র‌্যাব-৯ এর জ্যেষ্ঠ সহকারী পরিচালক,Related,,1.0
6816,banglatribune.com,2018-09-30 08:48:15,National,আড়াইহাজার থানার ভারপ্রাপ্ত কর্মকর্তা (ওসি),Related,,1.0
6817,banglanews24.com,2018-09-20 19:16:16,Politics,জাতীয় পার্টির (জাপা) চেয়ারম্যান,Related,,1.0
6818,banglatribune.com,2018-09-26 17:58:55,National,হিজলা থানার অফিসার ইনচার্জ (ওসি),Related,,1.0
6819,jagonews24.com,2018-09-25 21:11:12,National,বিনাউটি ইউনিয়ন পরিষদের চেয়ারম্যান,Related,,1.0
6820,jagonews24.com,2018-09-26 18:47:28,National,খানসামা থানা পুলিশের ভারপ্রাপ্ত কর্মকর্তা,Related,,1.0
6821,banglatribune.com,2018-09-22 00:50:16,National,"জেলে-মাঝিমাল্লারা,বরগুনা জেলা মৎস্যজীবী ট্রলার মালিক সমিতির সভাপতি",Related,,1.0
6822,risingbd.com,2018-09-19 20:17:07,Politics,বিএনপির মহাসচিব,Related,,1.0
6823,kalerkantho.com,2018-09-21 02:13:40,National,Reporter,Related,,1.0
6824,banglanews24.com,2018-09-20 18:40:57,Politics,Reporter,Related,,1.0
6825,banglatribune.com,2018-09-29 19:39:33,National,দেবীগঞ্জ উপজেলা নির্বাহী কর্মকর্তা (ইউএনবি),Related,,1.0
6827,ittefaq.com.bd,2018-09-22 21:06:15,National,ভিয়েতনামের বাংলাদেশ দূতাবাস,Related,,1.0
6828,jagonews24.com,2018-09-23 16:36:24,National,বামনডাঙ্গা কার্যালয়ের উপ-সহকারী প্রকৌশলী,Related,,1.0
6829,banglatribune.com,2018-09-30 20:13:34,National,সোনাইমুড়ি থানার ভারপ্রাপ্ত কর্মকর্তা,Related,,1.0
6830,bangla.thereport24.com,2018-09-30 11:03:57,Crime,গুলশান থানার ভারপ্রাপ্ত কর্মকর্তা (ওসি),Related,,1.0
6833,jagonews24.com,2018-09-24 13:36:43,National,আওয়ামী লীগের সাধারণ সম্পাদক,Related,,1.0
6834,banglatribune.com,2018-09-28 16:05:42,National,কমলগঞ্জ উপজেলার পতনঊষার ইউনিয়নের বৈদ্যনাথপুর গ্রামের বাসিন্দা,Related,,1.0
6835,banglanews24.com,2018-09-20 13:24:27,Politics,জাতীয় পার্টির চেয়ারম্যান,Related,,1.0
6837,independent24.com,2018-10-09 14:12:50,National,reporter,Related,,1.0
6838,banglatribune.com,2018-10-02 11:14:44,National,নারায়ণগঞ্জ জেলা প্রশাসকের কার্যালয় প্রাঙ্গণ,Related,,1.0
6839,jagonews24.com,2018-09-23 10:00:29,National,কমলগঞ্জ থানার ভারপ্রাপ্ত কর্মকর্তা (ওসি),Related,,1.0
6841,independent24.com,2018-09-23 17:26:47,National,পানি উন্নয়ন বোর্ড,Related,,1.0
6842,banglatribune.com,2018-10-01 09:24:17,National,পঞ্চগড় জেলা জাতীয় পার্টির সাধারণ সম্পাদক,Related,,1.0
6843,independent24.com,2018-10-07 10:19:24,National,র‌্যাব,Related,,1.0
6844,jagonews24.com,2018-09-26 21:11:27,National,Reporter,Related,,1.0
6845,jagonews24.com,2018-09-20 19:38:17,National,"জেলা প্রশাসক,বাগেরহাটের পুলিশ সুপার",Related,,1.0
6846,bangla.thereport24.com,2018-09-24 18:29:19,National,নাগরিক ঐক্যের আহ্বায়ক,Related,,1.0
6847,banglatribune.com,2018-09-28 13:36:23,National,সংবাদ বিজ্ঞপ্তিতে র‌্যাব-৫,Related,,1.0
6848,independent24.com,2018-10-11 16:37:27,National,কর্তৃপক্ষ,Related,,1.0
6849,banglatribune.com,2018-09-27 14:16:36,National,শাহ আমানত বিমানবন্দরের সিনিয়র ম্যানেজার,Related,,1.0
6851,jagonews24.com,2018-09-20 14:12:34,Crime,Reporter,Related,,1.0
6852,jagonews24.com,2018-09-20 15:24:24,Politics,অাওয়ামী লীগের যুগ্ম সাধারণ সম্পাদক,Related,,1.0
6853,banglatribune.com,2018-09-28 23:50:59,National,রাজপাড়া থানার ভারপ্রাপ্ত কর্মকর্তা (ওসি),Related,,1.0
6854,banglatribune.com,2018-09-29 17:50:53,National,বানিয়াচং থানার ওসি,Related,,1.0
6855,banglatribune.com,2018-10-06 02:47:44,National,সখীপুর থানার ভারপ্রাপ্ত কর্মকর্তা (ওসি),Related,,1.0
6856,banglatribune.com,2018-09-20 15:08:03,National,ময়নামতি হাইওয়ে থানার ওসি,Related,,1.0
6858,dailynayadiganta.com,2018-10-05 18:13:42,National,কাজিপুর থানার অফিসার ইনচার্জ,Related,,1.0
6859,banglatribune.com,2018-09-22 15:02:23,National,ঝিনাইদহের অতিরিক্ত পুলিশ সুপার,Related,,1.0
6862,bangla.thereport24.com,2018-10-05 23:40:06,Crime,Reporter,Related,,1.0
6863,banglatribune.com,2018-10-05 14:11:48,National,বোয়ালমারী থানার ওসি (তদন্ত),Related,,1.0
6865,jagonews24.com,2018-09-26 19:59:31,National,Reporter,Related,,1.0
6866,jagonews24.com,2018-09-24 22:00:29,National,ব্রাহ্মণবাড়িয়া-৩ (সদর ও বিজয়নগর) আসনের সংসদ সদস্য,Related,,1.0
6867,banglatribune.com,2018-10-03 10:36:04,National,কক্সবাজার সদর মডেল থানার ভারপ্রাপ্ত কর্মকর্তা (ওসি),Related,,1.0
6868,independent24.com,2018-09-29 09:59:55,National,reporter,Related,,1.0
6869,bangla.thereport24.com,2018-09-25 18:52:22,Crime,"জিয়া চ্যারিটেবল ট্রাস্ট মামলায় দুদকের আইনজীবী,খালেদা জিয়ার আইনজীবী",Related,,1.0
6870,banglanews24.com,2018-09-20 18:10:36,Politics,Reporter,Related,,1.0
6872,banglanews24.com,2018-09-19 23:30:07,Politics,বিএনপির স্থায়ী কমিটির সদস্য,Related,,1.0
6873,jagonews24.com,2018-09-21 09:24:28,National,Reporter,Related,,1.0
6874,bangla.thereport24.com,2018-09-24 13:06:54,National,ঢাকা দক্ষিণ সিটি করপোরেশন (ডিএসসিসি)-এর মেয়র,Related,,1.0
6875,jagonews24.com,2018-09-20 17:48:24,National,শিবগঞ্জ থানা পুলিশের ওসি (অপারেশন),Related,,1.0
6876,independent24.com,2018-09-29 17:12:18,National,বন্দর কর্তৃপক্ষ,Related,,1.0
6877,banglatribune.com,2018-09-20 20:30:54,National,সদর থানার ভারপ্রাপ্ত কর্মকর্তা (ওসি),Related,,1.0
6878,jagonews24.com,2018-09-24 23:12:30,National,জেলা পরিষদের অপর সদস্য,Related,,1.0
6880,jagonews24.com,2018-09-24 12:24:30,Crime,Reporter,Related,,1.0
6881,bangla.thereport24.com,2018-10-11 11:04:04,Crime,ঢাকা মহানগর পুলিশের (ডিএমপি) কমিশনার,Related,,1.0
6882,dailynayadiganta.com,2018-10-06 11:37:15,National,পুলিশ,Related,,1.0
6883,independent24.com,2018-10-01 20:50:58,National,আদালত,Related,,1.0
6884,jagonews24.com,2018-09-25 18:11:11,National,সদর মডেল থানা পুলিশের ভারপ্রাপ্ত কর্মকর্তা (ওসি),Related,,1.0
6885,independent24.com,2018-09-30 21:25:10,National,পুলিশ,Related,,1.0
6886,jagonews24.com,2018-09-26 09:11:14,National,পাংশা উপজেলা আওয়ামী লীগের যুগ্ম-সম্পাদক,Related,,1.0
6888,jagonews24.com,2018-09-21 21:24:28,National,২১ বর্ডার গার্ড ব্যাটালিয়নের অধিনায়ক,Related,,1.0
6890,banglatribune.com,2018-10-01 08:47:08,National,বেনাপোল চেকপোস্ট এর রাজস্ব কর্মকর্তা,Related,,1.0
6891,kalerkantho.com,2018-09-22 23:51:13,National,বিশ্বব্যাংকের দক্ষিণ এশীয় অঞ্চলের ভাইস প্রেসিডেন্ট,Related,,1.0
6892,rtnn.net,2018-09-21 22:10:44,Politics,বিএনপির স্থায়ী কমিটির সদস্য,Related,,1.0
6893,bangla.thereport24.com,2018-09-28 11:40:12,Crime,দুদক চেয়ারম্যান,Related,,1.0
6894,jagonews24.com,2018-09-21 17:12:30,National,নওগাঁ সদর থানা পুলিশের ভারপ্রাপ্ত কর্মকর্তা (ওসি),Related,,1.0
6895,banglatribune.com,2018-10-05 19:01:58,National,ফতুল্লা মডেল থানার ভারপ্রাপ্ত কর্মকর্তা (ওসি),Related,,1.0
6897,jagonews24.com,2018-09-26 19:59:18,National,চট্টগ্রাম জেলা সিভিল সার্জন,Related,,1.0
6898,rtnn.net,2018-09-19 23:58:29,Politics,Reporter,Related,,1.0
6899,banglatribune.com,2018-09-29 16:38:29,National,পরিবহন ও সেতুমন্ত্রী এবং বাংলাদেশ আওয়ামী লীগের সাধারণ সম্পাদক,Related,,1.0
6900,bangla.bdnews24.com,2018-09-20 17:50:28,Sports,reporter,Related,,1.0
6902,bangla.thereport24.com,2018-10-11 09:15:29,Crime,"নিহতের ভাই ,উত্তরা পশ্চিম থানার ওসি",Related,,1.0
6903,jagonews24.com,2018-09-24 10:36:31,National,জেলা প্রশাসক,Related,,1.0
6904,jagonews24.com,2018-09-24 14:48:28,National,র‌্যাব ১২ সিপিসি ৩ এর কোম্পানি কমান্ডার মেজর,Related,,1.0
6905,jagonews24.com,2018-09-24 20:48:28,National,অতিরিক্ত চিফ জুডিসিয়াল ম্যাজিস্ট্রেট আদালতের বিচারক,Related,,1.0
6906,independent24.com,2018-09-24 07:48:28,National,পুলিশ,Related,,1.0
6907,jagonews24.com,2018-09-26 15:11:37,National,বেগমগঞ্জ থানা পুলিশের ভারপ্রাপ্ত কর্মকর্তা,Related,,1.0
6908,dailynayadiganta.com,2018-10-05 21:50:21,National,জাতীয়তাবাদী ছাত্রদলের কেন্দ্রীয় কমিটির সাবেক সহসভাপতি,Related,,1.0
6911,kalerkantho.com,2018-09-25 13:37:58,Crime,Reporter,Related,,1.0
6912,independent24.com,2018-09-22 10:49:22,National,reporter,Related,,1.0
6913,jagonews24.com,2018-09-26 16:59:15,National,গোয়েন্দা পুলিশ,Related,,1.0
6914,bangla.thereport24.com,2018-09-24 19:06:09,National,বেলাবো থানার পরিদর্শক (তদন্ত),Related,,1.0
6915,banglatribune.com,2018-09-29 19:03:45,National,কমলগঞ্জ থানার ভারপ্রাপ্ত কর্মকর্তা (ওসি),Related,,1.0
6916,independent24.com,2018-09-25 16:19:35,National,reporter,Related,,1.0
6918,jagonews24.com,2018-09-22 17:12:30,National,প্রধানমন্ত্রীর আন্তর্জাতিকবিষয়ক উপদেষ্টা,Related,,1.0
6919,jagonews24.com,2018-09-21 09:24:27,National,"আতাইকুলা থানার ওসি ,পাবনার অতিরিক্ত পুলিশ সুপার",Related,,1.0
6920,banglatribune.com,2018-09-29 14:51:20,National,ব্রাহ্মণবাড়িয়া-৩ (সদর ও বিজয়নগর) আসনের সংসদ সদস্য,Related,,1.0
6921,jagonews24.com,2018-09-25 18:47:08,National,শিল্পমন্ত্রী,Related,,1.0
6922,banglatribune.com,2018-09-22 01:50:48,International,কাশিয়ানীর রামদিয়া পুলিশ তদন্তকেন্দ্রের পরিদর্শক,Related,,1.0
6923,jagonews24.com,2018-09-25 18:47:09,National,কুষ্টিয়া মেডিকেল কলেজের শিশু বিভাগের সহযোগী অধ্যাপক,Related,,1.0
6924,jagonews24.com,2018-09-20 17:12:29,National,"বেনাপোল কাস্টম হাউজের রাজস্ব কর্মকর্তা ,বেনাপোল পোর্ট থানা পুলিশের ভারপ্রাপ্ত কর্মকর্তা (ওসি)",Related,,1.0
6925,jagonews24.com,2018-09-20 21:24:38,National,"সামাজিক বনায়ন সমিতির এক সদস্য ,সামাজিক বনায়ন সমিতির সভাপতি",Related,,1.0
6926,independent24.com,2018-10-07 11:47:09,National,reporter,Related,,1.0
6927,banglatribune.com,2018-09-23 07:12:35,National,উপজেলা যুবদলের সম্মেলনে প্রধান অতিথ,Related,,1.0
6928,bangla.bdnews24.com,2018-09-20 22:37:37,National,ময়মনিসংহ জংশন স্টেশনের সুপারিনটেনডেন্ট,Related,,1.0
6929,jagonews24.com,2018-09-19 20:48:21,Politics,Reporter,Related,,1.0
6932,bangla.thereport24.com,2018-10-10 09:16:57,Crime,শুল্ক গোয়েন্দা বিভাগ,Related,,1.0
6933,independent24.com,2018-09-23 18:07:01,National,তথ্যপ্রযুক্তিমন্ত্রী,Related,,1.0
6934,bangla.bdnews24.com,2018-09-21 13:37:22,Sports,রশিদ,Related,,1.0
6935,banglatribune.com,2018-10-04 17:49:23,National,"কারিগর,হবিগঞ্জ দেয়ানত শাহ বাড়ির পূজা উৎযাপন কমিটির সাধারণ সম্পাদক, হবিগঞ্জের পুলিশ সুপার",Related,,1.0
6936,banglatribune.com,2018-09-30 06:22:44,National,ব্রাহ্মণবাড়িয়া পুলিশ সুপার,Related,,1.0
6937,independent24.com,2018-10-11 13:36:29,National,reporter,Related,,1.0
6938,jagonews24.com,2018-09-27 12:11:21,National,উপজেলা প্রাথমিক শিক্ষা কর্মকর্তা,Related,,1.0
6939,jagonews24.com,2018-09-23 06:24:29,National,সাতগ্রাম ইউনিয়ন পরিষদের চেয়ারম্যান,Related,,1.0
6940,jagonews24.com,2018-09-20 12:24:27,National,"জুড়ি থানা পুলিশ ,কুলাউড়া রেঞ্জের সহযোগি রেঞ্জ অফিসার,জুড়ি থানা পুলিশের ভারপ্রাপ্ত কর্মকর্তা (ওসি)",Related,,1.0
6941,bangla.thereport24.com,2018-10-09 15:52:56,Crime,Reporter,Related,,1.0
6942,independent24.com,2018-10-07 12:23:29,National,সোনাগাজী থানা পুলিশ,Related,,1.0
6943,banglatribune.com,2018-09-22 12:07:00,National,গোলড়া হাইওয়ে থানার পুলিশের অফিসার ইনচার্জ,Related,,1.0
6944,kalerkantho.com,2018-09-25 14:50:59,Crime,পুলিশ,Related,,1.0
6945,kalerkantho.com,2018-09-22 20:50:36,National,সম্পাদক পরিষদ,Related,,1.0
6947,independent24.com,2018-09-22 15:01:40,National,Reporter,Related,,1.0
6949,bangla.thereport24.com,2018-09-24 17:53:41,National,সিইসি,Related,,1.0
6950,independent24.com,2018-09-26 14:23:08,National,reporter,Related,,1.0
6952,banglatribune.com,2018-09-22 15:38:31,National,আবাসিক শিক্ষার্থীরা,Related,,1.0
6953,jagonews24.com,2018-09-25 18:11:07,National,চকরিয়া থানা পুলিশের ভারপ্রাপ্ত কর্মকর্তা (ওসি),Related,,1.0
6954,banglatribune.com,2018-09-22 15:43:41,National,মহালছড়ি থানার ভারপ্রাপ্ত কর্মকর্তা,Related,,1.0
6955,jagonews24.com,2018-09-21 11:48:28,National,Reporter,Related,,1.0
6956,jagonews24.com,2018-09-20 19:43:07,National,"কেদারপুর ইউনিয়ন পরিষদের ৩ নম্বর ওয়ার্ড সদস্য,শরীয়তপুর পানি উন্নয়ন বোর্ডের নির্বাহী প্রকৌশলী",Related,,1.0
6957,banglatribune.com,2018-09-30 20:49:19,National,প্রধানমন্ত্রীর রাজনৈতিক উপদেষ্টা,Related,,1.0
6959,independent24.com,2018-09-26 19:45:34,National,আদালত,Related,,1.0
6960,independent24.com,2018-10-02 23:15:02,National,পুলিশ,Related,,1.0
6961,dailynayadiganta.com,2018-10-05 18:49:39,National,বন বিভাগ সূত্র,Related,,1.0
6962,banglatribune.com,2018-10-03 20:13:03,National,বগুড়া র‍্যাব– ১২,Related,,1.0
6963,independent24.com,2018-10-07 11:47:09,National,reporter,Related,,1.0
6964,jagonews24.com,2018-09-20 10:00:28,National,বিমান সূত্র।,Related,,1.0
6965,ittefaq.com.bd,2018-09-22 13:55:03,National,প্রধান নির্বাচন কমিশনার (সিইসি),Related,,1.0
6966,jagonews24.com,2018-09-26 14:35:21,National,কুষ্টিয়ার অতিরিক্ত পুলিশ সুপার,Related,,1.0
6967,banglatribune.com,2018-09-27 14:16:16,National,আওয়ামী লীগের আইন বিষয়ক সম্পাদক,Related,,1.0
6969,banglatribune.com,2018-09-23 12:40:54,National,পারিবারিক ও একাধিক সূত্র,Related,,1.0
6970,bangla.thereport24.com,2018-09-25 13:41:28,Crime,খিলগাঁও থানার এসআই,Related,,1.0
6971,independent24.com,2018-10-02 09:59:23,National,প্রাথমিক শিক্ষা অফিস,Related,,1.0
6973,jagonews24.com,2018-09-25 16:00:23,National,টুঙ্গিপাড়ার সহকারী কমিশনার (ভূমি),Related,,1.0
6974,banglatribune.com,2018-09-21 15:07:12,National,ইউপিডিএফ,Related,,1.0
6975,bangla.bdnews24.com,2018-09-21 20:13:26,Sports,reporter,Related,,1.0
6976,independent24.com,2018-10-10 08:11:06,National,reporter,Related,,1.0
6977,bangla.bdnews24.com,2018-09-20 18:25:31,Technology,ইউরোপিয়ান জাস্টিস কমিশনার,Related,,1.0
6978,bangla.thereport24.com,2018-09-25 18:16:47,Crime,আসামি পক্ষের আইনজীবী,Related,,1.0
6980,jagonews24.com,2018-09-26 16:59:17,National,হবিগঞ্জ সদর উপজেলা নির্বাহী কর্মকর্তা,Related,,1.0
6981,banglatribune.com,2018-09-27 20:54:07,National,কাঁচপুর হাইওয়ে থানার ভারপ্রাপ্ত কর্মকর্তা (ওসি),Related,,1.0
6982,jagonews24.com,2018-09-22 21:24:24,National,ফটিকছড়ি থানার উপ-পরিদর্শক (এসঅাই),Related,,1.0
6984,jagonews24.com,2018-09-23 13:00:38,National,পাটকেলঘাটা থানার ভারপ্রাপ্ত কর্মকর্তা (ওসি),Related,,1.0
6985,independent24.com,2018-09-21 15:38:30,National,পুলিশ,Related,,1.0
6987,banglanews24.com,2018-09-20 10:56:23,Politics,আইনজীবীদ,Related,,1.0
6988,banglatribune.com,2018-09-26 21:37:33,National,উপজেলা প্রশাসন,Related,,1.0
6989,independent24.com,2018-09-22 18:04:00,National,পানি উন্নয়ন বোর্ড,Related,,1.0
6990,bangla.thereport24.com,2018-10-07 01:26:36,Crime,দুদকের জনসংযোগ কর্মকর্তা,Related,,1.0
6991,independent24.com,2018-10-11 09:24:53,National,হাইওয়ে পুলিশ,Related,,1.0
6992,banglatribune.com,2018-09-28 23:16:38,National,কুটামনি এলাকার বাসিন্দা,Related,,1.0
6993,bangla.thereport24.com,2018-09-24 21:31:11,National,এরশাদ,Related,,1.0
6994,jagonews24.com,2018-09-22 17:48:27,National,উত্তরবঙ্গ ট্রাক ট্যাংকলরি কাভার্ডভ্যান মালিক শ্রমিক ঐক্য পরিষদ,Related,,1.0
6996,independent24.com,2018-10-02 21:27:57,National,বিজিবি,Related,,1.0
6997,jagonews24.com,2018-09-26 16:23:25,National,Reporter,Related,,1.0
6999,rtnn.net,2018-09-19 23:58:36,Politics,Reporter,Related,,1.0
7000,banglatribune.com,2018-10-02 06:58:48,National,বিজিবির হিলি আইসিপি ক্যাম্প কমান্ডার,Related,,1.0
7001,ittefaq.com.bd,2018-09-20 21:40:15,National,প্রধানমন্ত্রী,Related,,1.0
7002,jagonews24.com,2018-09-25 21:47:08,National,আলীকদম উপজেলা নির্বাহী কর্মকর্তা,Related,,1.0
7003,banglatribune.com,2018-10-06 22:25:04,Politics,কামাল হোসেনের পরিবারের একজন সদস্য,Related,,1.0
7004,jagonews24.com,2018-09-20 21:24:27,National,কওমি মাদরাসা শিক্ষা বোর্ড বেফাক ও আল-হাইয়াতুল উলয়া লিল জামিয়াতিল কওমিয়ারও চেয়ারম্যান,Related,,1.0
7005,kalerkantho.com,2018-09-20 22:38:13,National,হেফাজতের আমির এবং কওমি মাদ্রাসা শিক্ষা বোর্ড,Related,,1.0
7007,independent24.com,2018-10-02 16:05:18,National,সড়ক বিভাগ,Related,,1.0
7008,bangla.thereport24.com,2018-09-24 11:55:15,National,ডিএন‌সি‌সির প্রধান তথ্য কর্মকর্তা,Related,,1.0
7009,jagonews24.com,2018-09-25 01:36:28,National,বন্দর থানা পুলিশের ভারপ্রাপ্ত কর্মকর্তা (ওসি),Related,,1.0
7010,bangla.thereport24.com,2018-10-11 11:39:46,National,Reporter,Related,,1.0
7011,bangla.thereport24.com,2018-10-02 12:16:34,Crime,Reporter,Related,,1.0
7012,jagonews24.com,2018-09-21 17:48:26,National,Reporter,Related,,1.0
7013,jagonews24.com,2018-09-24 12:24:29,National,বিশ্বনাথ থানা পুলিশের ভারপ্রাপ্ত কর্মকর্তা (ওসি),Related,,1.0
7015,banglatribune.com,2018-09-30 14:55:03,National,নাজমুল হুসাইন,Related,,1.0
7016,jagonews24.com,2018-09-20 11:48:33,National,"স্থানীয় কৃষক,সিরাজগঞ্জ সদর উপজেলা কৃষি কর্মকর্তা",Related,,1.0
7018,kalerkantho.com,2018-09-23 11:13:58,National,চলচ্চিত্র পরিচালক,Related,,1.0
7019,kalerkantho.com,2018-09-23 18:26:23,National,বিএন‌পির স্থায়ী ক‌মি‌টির সদস্য,Related,,1.0
7020,banglatribune.com,2018-09-27 12:30:07,National,দিনাজপুর জেলা আওয়ামী লীগের যুগ্ম সাধারণ সম্পাদক,Related,,1.0
7021,bangla.bdnews24.com,2018-09-22 13:01:22,Sports,মাশরাফি,Related,,1.0
7023,banglatribune.com,2018-09-22 12:05:16,National,রাজশাহী বিশ্ববিদ্যালয়ে (রাবি) reporter,Related,,1.0
7024,independent24.com,2018-09-23 15:05:48,National,প্রধান নির্বাচন কমিশনার,Related,,1.0
7025,jagonews24.com,2018-09-20 16:36:29,Crime,Reporter,Related,,1.0
7027,jagonews24.com,2018-09-22 15:24:24,National,রেডিও ঝিনুকের স্টেশন ম্যানেজার,Related,,1.0
7028,jagonews24.com,2018-09-22 19:36:34,National,শিবগঞ্জ উপজেলা নির্বাহী কর্মকর্তা,Related,,1.0
7029,banglatribune.com,2018-09-22 19:43:54,Politics,"ইসলামিক ডেমোক্রেটিক অ্যালায়েন্সের মুখপাত্র , ইসলামী ঐক্যজোটের ভাইস চেয়ারম্যান,খেলাফত আন্দোলনের মহাসচিব",Related,,1.0
7030,independent24.com,2018-09-21 15:03:09,National,Reporter,Related,,1.0
7031,jagonews24.com,2018-09-20 21:24:34,National,র‌্যাব-৭ কক্সবাজার ক্যাম্পের কোম্পানি অধিনায়ক,Related,,1.0
7033,banglatribune.com,2018-09-27 12:30:08,National,বাংলাহিলি কাস্টমস সিএন্ডএফ এজেন্ট অ্যাসোসিয়েশনের সচিব,Related,,1.0
7034,banglatribune.com,2018-09-21 14:34:11,National,ময়মনসিংহ রেলওয়ে স্টেশন সুপার,Related,,1.0
7035,independent24.com,2018-10-11 15:25:11,National,পুলিশ,Related,,1.0
7036,kalerkantho.com,2018-09-24 14:50:10,Crime,Reporter,Related,,1.0
7037,ittefaq.com.bd,2018-09-20 09:01:34,National,নির্বাচন কমিশন,Related,,1.0
7038,banglatribune.com,2018-09-28 16:37:23,National,জেলা আওয়ামী লীগের সভাপতি ও সদর আসনের সংসদ সদস্য,Related,,1.0
7039,banglatribune.com,2018-09-28 11:15:29,National,বঙ্গবন্ধু সেতু পূর্ব থানার অফিসার ইনচার্জ (ওসি),Related,,1.0
7041,independent24.com,2018-10-01 23:13:10,National,চট্টগ্রাম অঞ্চলের জিওসি,Related,,1.0
7042,jagonews24.com,2018-09-19 20:12:20,National,সচিবালয়ে মন্ত্রিপরিষদ বিভাগ,Related,,1.0
7043,independent24.com,2018-10-11 08:11:01,National,কৃষি সম্প্রসারণ অধিদপ্তর,Related,,1.0
7045,bd24live.com,2018-09-19 20:16:30,Politics,বিএনপির স্থায়ী কমিটির সদস্য,Related,,1.0
7047,bangla.thereport24.com,2018-10-02 11:40:33,Crime,ঢামেক হাসপাতাল পুলিশ ফাঁড়ির দায়িত্বপ্রাপ্ত কর্মকর্তা উপ-পরিদর্শক (এসআই),Related,,1.0
7048,bangla.thereport24.com,2018-09-26 14:09:49,Crime,ঢামেক হাসপাতাল পুলিশ ক্যাম্পের ইনচার্জ,Related,,1.0
7049,bangla.thereport24.com,2018-10-11 14:03:47,Crime,ঢাকা মহানগর পুলিশের (ডিএমপি) কমিশনার,Related,,1.0
7050,jagonews24.com,2018-09-22 11:48:25,National,ইসি,Related,,1.0
7051,banglatribune.com,2018-09-29 18:30:09,National,কক্সবাজার থানার ভারপ্রাপ্ত কর্মকর্তা (ওসি),Related,,1.0
7052,independent24.com,2018-10-05 00:25:23,National,reporter,Related,,1.0
7054,jagonews24.com,2018-09-23 15:24:22,National,ব্র্যাক মাইগ্রেশন প্রোগ্রামের প্রধান,Related,,1.0
7055,jagonews24.com,2018-09-22 15:24:27,National,যাত্রীকল্যাণ সমিতি ও নাগরিক সমাজ,Related,,1.0
7056,banglatribune.com,2018-10-01 20:52:50,Politics,তথ্যমন্ত্রী,Related,,1.0
7057,rtnn.net,2018-09-21 10:09:57,Politics,Reporter,Related,,1.0
7060,kalerkantho.com,2018-09-23 15:26:47,National,reporter,Related,,1.0
7061,independent24.com,2018-09-21 16:14:02,National,নাঙ্গলকোট থানার তদন্ত কর্মকর্তা+প্রত্যক্ষদর্শীরা,Related,,1.0
7062,banglatribune.com,2018-09-20 12:05:16,National,দর্শনার্থীদের অভিযোগ,Related,,1.0
7064,kalerkantho.com,2018-09-22 19:37:59,National,সুশাসনের জন্য নাগরিক,Related,,1.0
7065,jagonews24.com,2018-09-22 07:36:27,National,জেলা পুলিশ সুপার,Related,,1.0
7067,jagonews24.com,2018-09-23 16:00:42,National,উখিয়া থানা পুলিশের ভারপ্রাপ্ত কর্মকর্তা,Related,,1.0
7068,bangla.thereport24.com,2018-10-08 19:28:23,Crime,"খালেদা জিয়ার আইনজীবী,রাষ্ট্রপক্ষের আইনজীবী",Related,,1.0
7069,banglatribune.com,2018-09-21 17:29:50,Politics,ড. কামাল হোসেন,Related,,1.0
7070,independent24.com,2018-10-06 13:00:35,National,reporter,Related,,1.0
7071,banglatribune.com,2018-10-01 18:26:35,National,বড়াইগ্রাম থানার ভারপ্রাপ্ত কর্মকর্তা (ওসি),Related,,1.0
7072,banglatribune.com,2018-10-05 14:11:51,National,উপশহর পুলিশ ক্যাম্পের ইনচার্জ,Related,,1.0
7073,jagonews24.com,2018-09-22 13:00:24,National,রাজবাড়ীর পুলিশ সুপার,Related,,1.0
7074,banglatribune.com,2018-09-21 13:50:28,National,ঘিবা বিজিবির  কমান্ডার,Related,,1.0
7076,banglatribune.com,2018-09-29 11:13:39,National,reporter,Related,,1.0
7077,banglatribune.com,2018-09-21 18:38:23,National,জেলা প্রশাসক,Related,,1.0
7078,jagonews24.com,2018-09-20 18:24:29,National,"পুলিশের উপ-পরিদর্শক (এসআই),বাসন থানা পুলিশের ওসিs",Related,,1.0
7079,banglatribune.com,2018-10-02 10:00:07,National,ব্রাহ্মণপাড়া থানার ভারপ্রাপ্ত কর্মকর্তা (ওসি),Related,,1.0
7080,banglatribune.com,2018-10-05 00:26:14,National,শ্রীপুর থানার উপ-পরিদর্শক (এসআই),Related,,1.0
7083,jagonews24.com,2018-09-23 15:24:24,National,reporter,Related,,1.0
7087,independent24.com,2018-10-03 11:48:54,National,reporter,Related,,1.0
7088,bangla.bdnews24.com,2018-09-21 13:37:21,National,জনসংহতি সমিতির (এমএন লারমা) মুখপাত্র,Related,,1.0
7089,dailynayadiganta.com,2018-10-05 20:37:34,National,বিএনপির কেন্দ্রীয় নির্বাহী কমিটির সাংগঠনিক সম্পাদক,Related,,1.0
7090,jagonews24.com,2018-09-24 17:12:24,National,নগরীর রাজপাড়া থানা পুলিশের ভারপ্রাপ্ত কর্মকর্তা (ওসি),Related,,1.0
7091,jagonews24.com,2018-09-22 14:48:26,National,রাষ্ট্রপতি,Related,,1.0
7092,bangla.thereport24.com,2018-09-23 14:18:35,Crime,Reporter,Related,,1.0
7093,jagonews24.com,2018-09-22 13:36:26,National,স্থানীয় সরকার প্রকৌশল অধিদফতরের (এলজিইডি) নির্বাহী প্রকৌশলী,Related,,1.0
7094,banglatribune.com,2018-09-27 22:13:56,National,দাগনভূঞা থানার ভারপ্রাপ্ত কর্মকর্তা (ওসি),Related,,1.0
7095,independent24.com,2018-10-11 16:37:16,National,reporter,Related,,1.0
7096,jagonews24.com,2018-09-21 14:48:27,National,"নগর পুলিশের মুখপাত্র,কাটাখালি পৌরসভার ১ নম্বর ওয়ার্ডের কাউন্সিলর",Related,,1.0
7097,independent24.com,2018-09-26 23:51:58,National,পুলিশ,Related,,1.0
7099,jagonews24.com,2018-09-23 01:00:28,National,টাঙ্গাইল জেলা আওয়ামী লীগের বিজ্ঞান ও প্রযুক্তি বিষয়ক সম্পাদক,Related,,1.0
7100,independent24.com,2018-09-26 11:11:35,National,reporter,Related,,1.0
7101,jagonews24.com,2018-09-23 18:24:23,National,মেহেরপুরের অতিরিক্ত জেলা ও দায়রা জজ,Related,,1.0
7102,bangla.thereport24.com,2018-09-24 10:42:00,National,হরিনটানা থানার ভারপ্রাপ্ত কর্মকর্তা (ওসি),Related,,1.0
7103,bangla.bdnews24.com,2018-09-20 22:01:31,National,রাষ্ট্রপক্ষের অন্যতম আইনজীবী,Related,,1.0
7104,banglatribune.com,2018-09-29 13:04:36,National,কক্সবাজারের অতিরিক্ত পুলিশ সুপার,Related,,1.0
7105,banglatribune.com,2018-09-21 16:52:43,National,সৈয়দপুর থানার ওসি,Related,,1.0
7106,jagonews24.com,2018-09-22 19:36:33,National,আওয়ামী লীগের সাধারণ সম্পাদক,Related,,1.0
7107,jagonews24.com,2018-09-24 11:12:35,National,সিলেট মহানগর মহিলা আওয়ামী লীগের সহ-সাধারণ সম্পাদক,Related,,1.0
7108,independent24.com,2018-09-25 16:53:09,National,reporter,Related,,1.0
7110,independent24.com,2018-10-04 13:01:12,National,reporter,Related,,1.0
7112,independent24.com,2018-09-30 16:05:55,National,পুলিশ,Related,,1.0
7113,jagonews24.com,2018-09-23 11:48:26,Crime,Reporter,Related,,1.0
7114,bangla.bdnews24.com,2018-09-20 20:49:50,International,reporter,Related,,1.0
7115,bangla.thereport24.com,2018-10-03 21:15:59,Crime,ডিএমপি কমিশনার,Related,,1.0
7116,independent24.com,2018-10-05 10:36:06,National,পুলিশ ও এলাকাবাসী,Related,,1.0
7117,bangla.thereport24.com,2018-09-24 13:06:55,Lifestyle,টুইটার,Related,,1.0
7119,independent24.com,2018-10-06 17:12:03,National,reporter,Related,,1.0
7121,independent24.com,2018-10-11 16:37:31,National,reporter,Related,,1.0
7122,ittefaq.com.bd,2018-09-20 03:37:45,National,প্রধানমন্ত্রীর কার্যালয়,Related,,1.0
7123,banglatribune.com,2018-10-04 20:13:23,National,বাংলাদেশের ওয়ার্কার্স পার্টির সভাপতি ও সমাজকল্যাণমন্ত্রী,Related,,1.0
7124,banglatribune.com,2018-10-06 11:13:30,National,কোতোয়ালি মডেল  থানার ভারপ্রাপ্ত কর্মকর্তা (ওসি),Related,,1.0
7125,jagonews24.com,2018-09-24 11:12:33,National,ডিবি পুলিশের ভারপ্রাপ্ত কর্মকর্তা (ওসি),Related,,1.0
7126,samakal.com,2018-09-19 22:51:33,Politics,আওয়ামী লীগের সাধারণ সম্পাদক এবং সড়ক পরিবহন ও সেতুমন্ত্রী,Related,,1.0
7127,jagonews24.com,2018-09-25 13:00:35,National,কাঁঠালবাড়ী ফেরি ঘাটের ব্যবস্থাপক,Related,,1.0
7128,jagonews24.com,2018-09-26 16:23:22,National,বাসাইল থানা পুলিশের ভারপ্রাপ্ত কর্মকর্তা,Related,,1.0
7130,banglatribune.com,2018-09-28 09:24:33,National,সলঙ্গা থানার ওসি ওহেদুজ্জামান,Related,,1.0
7131,independent24.com,2018-09-28 16:04:57,National,reporter,Related,,1.0
7132,ittefaq.com.bd,2018-09-20 22:52:47,National,আবহাওয়া অধিদপ্তর,Related,,1.0
7134,independent24.com,2018-10-01 17:47:01,National,পুলিশ,Related,,1.0
7135,jagonews24.com,2018-09-21 14:48:27,Crime,সুপ্রিম কোর্ট আইনজীবী সমিতির সভাপতি,Related,,1.0
7136,jagonews24.com,2018-09-20 16:36:28,National,নৌমন্ত্রী,Related,,1.0
7137,banglatribune.com,2018-10-03 19:37:12,National,পটুয়াখালী র‌্যাব ক্যম্পের কোম্পানি অধিনায়ক,Related,,1.0
7138,independent24.com,2018-10-06 18:23:07,National,reporter,Related,,1.0
7139,jagonews24.com,2018-09-25 21:47:24,Crime,Reporter,Related,,1.0
7140,jagonews24.com,2018-09-23 18:24:27,Crime,প্রধান বিচারপতি,Related,,1.0
7141,independent24.com,2018-09-22 10:49:22,National,Reporter,Related,,1.0
7142,jagonews24.com,2018-09-19 21:24:16,National,প্রধানমন্ত্রী,Related,,1.0
7143,jagonews24.com,2018-09-24 17:12:25,National,জেলার অতিরিক্ত পুলিশ সুপার,Related,,1.0
7144,jagonews24.com,2018-09-22 20:12:32,National,ওসমানীনগর থানা পুলিশের এসআই,Related,,1.0
7145,kalerkantho.com,2018-09-23 02:44:17,National,ডিজিটাল স্বাস্থ্যসেবাদাতা প্রতিষ্ঠান টেলিনর হেলথ,Related,,1.0
7146,banglatribune.com,2018-10-06 15:25:28,National,কক্সবাজার বিমানবন্দরের ম্যানেজার,Related,,1.0
7147,jagonews24.com,2018-09-22 13:36:26,National,বাগেরহাটের কাটাখালী হাইওয়ে থানার ভারপ্রাপ্ত কর্মকর্তা (ওসি),Related,,1.0
7148,banglatribune.com,2018-09-22 14:28:39,National,আওয়ামী লীগের সাধারণ সম্পাদক এবং সড়ক পরিবহন ও সেতুমন্ত্রী ওবায়দুল কাদের,Related,,1.0
7149,kalerkantho.com,2018-09-23 13:02:21,National,ঢাকা উত্তর সিটি করপোরেশনের প্যানেল মেয়র,Related,,1.0
7150,banglatribune.com,2018-09-28 17:12:41,National,মাধবপুর থানার ভারপ্রাপ্ত কর্মকর্তা (ওসি),Related,,1.0
7151,independent24.com,2018-09-30 14:54:09,National,স্থানীয়রা,Related,,1.0
7152,bangla.bdnews24.com,2018-09-21 16:01:08,Politics,বাম জোটের সভাপতি,Related,,1.0
7153,jagonews24.com,2018-09-21 09:24:30,National,রাষ্ট্রপতি,Related,,1.0
7154,jagonews24.com,2018-09-23 08:48:28,National,পটুয়াখালী জেলা পুলিশের অতিরিক্ত পুলিশ সুপার,Related,,1.0
7155,independent24.com,2018-09-21 15:38:29,National,রেল কর্তৃপক্ষ,Related,,1.0
7156,banglatribune.com,2018-09-27 11:11:26,National,পাহাড়তলী থানার ওসি,Related,,1.0
7157,jagonews24.com,2018-09-23 14:48:24,National,২১ বিজিবি পুটখালী ক্যাম্পের সুবেদার,Related,,1.0
7158,banglatribune.com,2018-10-04 01:35:03,National,আদালত,Related,,1.0
7159,jagonews24.com,2018-09-20 13:36:23,National,শৈলকুপা থানা পুলিশের তদন্ত কর্মকর্তা,Related,,1.0
7161,jagonews24.com,2018-09-22 04:36:29,National,সদর উপজেলা নির্বাহী কর্মকর্তা (ইউএনও),Related,,1.0
7162,bangla.thereport24.com,2018-09-24 08:16:15,Sports,reporter,Related,,1.0
7163,banglatribune.com,2018-09-22 15:48:28,National,"আওয়ামী লীগের সাধারণ সম্পাদক এবং সড়ক, পরিবহন ও সেতুমন্ত্রী",Related,,1.0
7165,jagonews24.com,2018-09-25 14:12:24,National,ভেড়ামারা থানা পুলিশের ভারপ্রাপ্ত কর্মকর্তা (ওসি),Related,,1.0
7166,independent24.com,2018-09-21 15:03:01,National,আবহাওয়া অধিদপ্তর,Related,,1.0
7167,banglatribune.com,2018-10-05 21:26:45,National,লালমনিরহাট বিজিবি ১৫ ব্যাটালিয়নের পরিচালক,Related,,1.0
7168,banglatribune.com,2018-09-20 12:41:42,National,গাজীপুর-৩ (শ্রীপুর-ভাওয়াল গড়-মির্জাপুর) আসনের সাংসদ,Related,,1.0
7169,independent24.com,2018-10-03 14:12:32,National,শ্রমিক ইউনিয়ন,Related,,1.0
7170,banglatribune.com,2018-10-03 05:48:01,National,"বিদ্যুৎ, জ্বালানি ও খনিজ সম্পদ প্রতিমন্ত্রী",Related,,1.0
7172,risingbd.com,2018-09-20 14:16:45,Politics,বিএনপির জ্যেষ্ঠ যুগ্ম মহাসচিব,Related,,1.0
7173,jagonews24.com,2018-09-21 12:24:31,National,হোসনি দালানের সুপারিনটেনডেন্ট,Related,,1.0
7174,jagonews24.com,2018-09-22 16:00:39,National,ডিএমপির মিডিয়া অ্যান্ড পাবলিক রিলেসন্স বিভাগ,Related,,1.0
7176,jagonews24.com,2018-09-23 20:12:43,National,রাজশাহীর  পুলিশ সুপার,Related,,1.0
7177,independent24.com,2018-10-10 07:34:04,National,আবহাওয়া অধিদপ্তর,Related,,1.0
7178,bangla.thereport24.com,2018-10-11 09:15:56,Crime,Reporter,Related,,1.0
7180,bangla.thereport24.com,2018-09-29 15:17:42,Crime,খিলক্ষেত থানার ভারপ্রাপ্ত কর্মকর্তা,Related,,1.0
7181,banglatribune.com,2018-09-22 15:04:40,National,ভারতীয় পুলিশ কর্মকর্তা,Related,,1.0
7182,bangla.thereport24.com,2018-10-09 22:33:13,Crime,Reporter,Related,,1.0
7183,bangla.thereport24.com,2018-09-24 11:55:14,National,কেম্যান দ্বীপপুঞ্জের গভর্নর,Related,,1.0
7184,kalerkantho.com,2018-09-25 14:51:00,Crime,Reporter,Related,,1.0
7185,independent24.com,2018-09-27 21:38:25,National,আদালত,Related,,1.0
7186,independent24.com,2018-10-03 14:54:54,National,reporter,Related,,1.0
7187,jagonews24.com,2018-09-24 02:48:30,National,কেন্দুয়া থানা পুলিশের এস আই,Related,,1.0
7188,bangla.thereport24.com,2018-09-23 14:56:00,Politics,জাতীয় পার্টির চেয়ারম্যান,Related,,1.0
7189,bangla.thereport24.com,2018-09-25 23:41:22,Crime,সাবেক প্রধান বিচারপতি,Related,,1.0
7190,banglatribune.com,2018-09-20 18:07:55,National,ছাত্রী হলের প্রাধ্যক্ষ,Related,,1.0
7192,ittefaq.com.bd,2018-09-23 19:53:11,National,বাংলাদেশের রাষ্ট্রদূত,Related,,1.0
7195,ittefaq.com.bd,2018-09-20 04:13:02,National,Reporter,Related,,1.0
7196,banglatribune.com,2018-10-05 20:14:56,National,মুলাদী থানার ওসি (তদন্ত),Related,,1.0
7197,banglanews24.com,2018-09-20 10:20:48,Politics,Reporter,Related,,1.0
7198,banglatribune.com,2018-09-20 14:30:04,Politics,বিএনপির সিনিয়র যুগ্ম মহাসচিব,Related,,1.0
7199,jagonews24.com,2018-09-25 10:36:38,National,মিরসরাই থানার ভারপ্রাপ্ত কর্মকর্তা (ওসি),Related,,1.0
7200,jagonews24.com,2018-09-21 02:12:27,National,নড়াইল চিফ জুডিশিয়াল আদালতের বিচারক,Related,,1.0
7201,banglatribune.com,2018-09-21 16:52:21,National,প্রধানমন্ত্রীর তথ্য বিষয়ক উপদেষ্টা,Related,,1.0
7202,dailynayadiganta.com,2018-10-05 20:37:35,National,বাণিজ্যমন্ত্রী,Related,,1.0
7203,banglatribune.com,2018-09-21 15:04:51,National,রেলওয়ে পুলিশের পরিদর্শক,Related,,1.0
7205,bangla.thereport24.com,2018-10-08 12:52:36,Crime,"নিহতের মামাতো ভাই ,মিরপুর মডেল থানার ওসি",Related,,1.0
7206,banglatribune.com,2018-09-30 20:13:38,Politics,"যুক্তফ্রন্ট নেতা,ঐক্যপ্রক্রিয়ার সদস্য সচিব,গণফোরামের তথ্য ও গণমাধ্যম বিষয়ক সম্পাদক,বি চৌধুরীর প্রেস সেক্রেটারি",Related,,1.0
7207,independent24.com,2018-09-29 12:27:22,National,নিহতের স্বজন,Related,,1.0
7208,independent24.com,2018-09-22 12:39:23,National,reporter,Related,,1.0
7209,banglatribune.com,2018-10-03 17:14:48,National,পাবনা পৌর সদরের শালগাড়িয়া সরকারি প্রাথমিক বিদ্যালয়ের প্রধান শিক্ষক,Related,,1.0
7210,jagonews24.com,2018-09-21 10:00:25,National,‘রাইটস’ যশোরের তথ্য ও অনুসন্ধান কর্মকর্তা,Related,,1.0
7211,ittefaq.com.bd,2018-09-21 16:49:25,National,আবহাওয়া অফিস,Related,,1.0
7212,jagonews24.com,2018-09-22 10:36:29,National,পিরোজপুর জেলা মৎস্য ট্রলার মালিক সমিতির সাধারণ সম্পাদক,Related,,1.0
7213,banglatribune.com,2018-10-04 21:27:40,National,আওয়ামী লীগের উপদেষ্টামণ্ডলীর সদস্য এবং বাণিজ্যমন্ত্রী,Related,,1.0
7214,jagonews24.com,2018-09-23 12:24:37,National,কালকিনি থানা পুলিশের ভারপ্রাপ্ত কর্মকর্তা (ওসি),Related,,1.0
7215,jagonews24.com,2018-09-23 20:48:29,National,ফকিরপাড়া ইউনিয়নের দালালপাড়া এলাকার বাসিন্দা মোতাহার হোসেন,Related,,1.0
7216,bangla.thereport24.com,2018-09-24 17:53:40,Politics,যুক্তফ্রন্ট ও জাতীয় ঐক্য প্রক্রিয়ার সমাবেশ,Related,,1.0
7217,independent24.com,2018-09-29 08:10:22,National,পুলিশ,Related,,1.0
7218,jagonews24.com,2018-09-23 17:12:32,National,পূর্ব সুন্দরবন বিভাগের বিভাগীয় বন সংরক্ষক (ডিএফও),Related,,1.0
7219,bangla.thereport24.com,2018-09-23 11:55:22,Sports,reporter,Related,,1.0
7221,independent24.com,2018-09-20 14:28:35,Politics,Reporter,Related,,1.0
7222,banglatribune.com,2018-10-03 21:25:55,National,বেনাপোল ইমিগ্রেশন কর্মকর্তা,Related,,1.0
7223,independent24.com,2018-09-22 18:40:21,National,স্টেশন মাস্টার,Related,,1.0
7224,banglatribune.com,2018-09-27 10:01:53,National,পলাশবাড়ী থানার ওসি,Related,,1.0
7226,independent24.com,2018-09-28 17:50:12,National,শ্রমিক নেতা,Related,,1.0
7227,banglatribune.com,2018-09-22 18:42:34,National,reproter,Related,,1.0
7229,independent24.com,2018-10-05 12:59:39,National,স্থানীয় সরকার প্রকৌশল অধিদপ্তর,Related,,1.0
7230,bangla.thereport24.com,2018-10-11 14:40:40,Crime,Reporter,Related,,1.0
7231,independent24.com,2018-09-29 19:02:19,National,reporter,Related,,1.0
7232,independent24.com,2018-10-09 14:12:50,National,reporter,Related,,1.0
7233,banglatribune.com,2018-10-02 06:22:34,National,দুর্গাপুর সার্কেলের সিনিয়র সহকারী পুলিশ সুপার,Related,,1.0
7234,jagonews24.com,2018-09-26 04:23:17,National,বিরোধীদলীয়  চিফ হুইপ,Related,,1.0
7235,banglatribune.com,2018-09-22 12:06:45,National,বরগুনা জেলা মৎস্যজীবী ট্রলার মালিক সমিতির সভাপতি,Related,,1.0
7236,bangla.thereport24.com,2018-10-03 14:03:31,Crime,Reporter,Related,,1.0
7237,banglatribune.com,2018-09-20 16:17:44,National,সহকারী পুলিশ কমিশনার,Related,,1.0
7238,bangla.thereport24.com,2018-10-07 02:39:33,Crime,দুদক চেয়ারম্যান,Related,,1.0
7239,jagonews24.com,2018-09-22 17:12:22,National,আওয়ামী লীগ সভাপতি ও প্রধানমন্ত্রী,Related,,1.0
7240,independent24.com,2018-10-09 17:49:26,National,পুলিশ ও প্রতিবেশীরা,Related,,1.0
7241,jagonews24.com,2018-09-20 19:38:12,National,সিবিএ সভাপতি,Related,,1.0
7242,jagonews24.com,2018-09-22 09:24:26,National,Reporter,Related,,1.0
7243,dailynayadiganta.com,2018-10-05 19:25:24,National,দৌলতপুর থানার  ওসি,Related,,1.0
7246,bangla.thereport24.com,2018-10-01 18:15:25,Crime,পুলিশের মহাপরিদর্শক (আইজিপি),Related,,1.0
7247,banglanews24.com,2018-09-20 19:16:14,Politics,সলঙ্গা থানার ভারপ্রাপ্ত কর্মকর্তা,Related,,1.0
7248,jagonews24.com,2018-09-25 10:00:38,National,মিরসরাই থানার ভারপ্রাপ্ত কর্মকর্তা (ওসি),Related,,1.0
7249,jagonews24.com,2018-09-22 19:00:27,National,বনশ্রী প্লট মালিক সোসাইটির নির্বাচন,Related,,1.0
7252,banglatribune.com,2018-09-30 23:50:21,National,শিক্ষামন্ত্রী,Related,,1.0
7253,kalerkantho.com,2018-09-22 13:38:00,National,প্রধান নির্বাচন কমিশনার (সিইসি),Related,,1.0
7254,banglatribune.com,2018-09-20 12:41:20,National,মোংলা বন্দর ষ্টিভিডরিং ওয়াচম্যান ওয়েলফেয়ার সংঘের সভাপতি,Related,,1.0
7255,banglatribune.com,2018-10-05 17:13:34,National,"বিশ্ববিদ্যালয় থানার ভারপ্রাপ্ত কর্মকর্তা, প্রত্যক্ষদর্শী",Related,,1.0
7257,bangla.thereport24.com,2018-10-11 13:28:06,Crime,Reporter,Related,,1.0
7258,jagonews24.com,2018-09-24 16:36:29,National,বালাপাড়া ইউনিয়ন পরিষদের চেয়ারম্যান,Related,,1.0
7259,banglatribune.com,2018-09-22 14:28:38,National,reporter,Related,,1.0
7260,banglatribune.com,2018-09-29 18:30:08,National,আওয়ামী লীগের যুগ্ম সাধারণ সম্পাদক,Related,,1.0
7261,independent24.com,2018-09-24 22:52:39,National,পুলিশ,Related,,1.0
7262,jagonews24.com,2018-09-23 11:48:37,National,মহেশপুর থানা পুলিশের ভারপ্রাপ্ত কর্মকর্তা (ওসি),Related,,1.0
7265,rtnn.net,2018-09-21 09:34:00,Politics,বিএনপির সিনিয়র যুগ্ম মহাসচিব,Related,,1.0
7266,banglatribune.com,2018-09-28 23:51:03,National,রাজশাহী রেলওয়ে থানা পুলিশের উপপরিদর্শক (এসআই),Related,,1.0
7267,kalerkantho.com,2018-09-23 10:37:41,National,লঞ্চ কর্তৃপক্ষ,Related,,1.0
7269,jagonews24.com,2018-09-26 01:23:18,National,বাংলাদেশ ছাত্রলীগ কেন্দ্রীয় কমিটির সভাপতি,Related,,1.0
7270,independent24.com,2018-09-29 15:28:32,National,স্থানীয় প্রশাসন  কর্মকর্তা,Related,,1.0
7271,jagonews24.com,2018-09-25 16:00:23,National,কালীগঞ্জ থানা পুলিশের ওসি,Related,,1.0
7272,banglatribune.com,2018-09-23 17:27:49,National,অ্যাটর্নি জেনারেল,Related,,1.0
7273,independent24.com,2018-09-26 10:35:47,National,reporter,Related,,1.0
7275,dailynayadiganta.com,2018-10-05 19:25:23,National,Reporter,Related,,1.0
7277,bangla.thereport24.com,2018-10-05 18:16:22,Crime,Reporter,Related,,1.0
7278,jagonews24.com,2018-09-22 13:36:27,National,কেদারপুর ইউনিয়ন পরিষদের ৩নং ওয়ার্ডের সাবেক মেম্বার,Related,,1.0
7281,independent24.com,2018-10-10 16:37:08,National,reporter,Related,,1.0
7282,bangla.thereport24.com,2018-09-26 17:44:58,Crime,বিএনপির ভাইস চেয়ারম্যান,Related,,1.0
7283,bangla.thereport24.com,2018-09-25 02:16:42,Sports,দ্য রিপোর্ট ডেস্ক,Related,,1.0
7284,ittefaq.com.bd,2018-09-22 18:40:51,National,নারী ও শিশুবিষয়ক প্রতিমন্ত্রী,Related,,1.0
7285,independent24.com,2018-09-24 15:21:28,National,reporter,Related,,1.0
7286,banglatribune.com,2018-09-26 16:46:47,National,হাইওয়ে পুলিশ বগুড়া অঞ্চলের কুন্দারহাট ফাঁড়ির এসআই,Related,,1.0
7287,jagonews24.com,2018-09-24 18:24:29,Crime,Reporter,Related,,1.0
7289,banglatribune.com,2018-10-05 23:49:08,National,উপজেলা নির্বাহী কর্মকর্তা,Related,,1.0
7290,banglatribune.com,2018-10-04 12:29:56,National,তানোর থানার ভারপ্রাপ্ত কর্মকর্তা,Related,,1.0
7291,bangla.thereport24.com,2018-09-24 09:29:07,Crime,পুলিশ ফাঁড়ির ইনচার্জ উপ-পরিদর্শক (এসআই),Related,,1.0
7293,ittefaq.com.bd,2018-09-22 21:06:16,National,রাষ্ট্রপতির প্রেস সচিব,Related,,1.0
7294,bangla.bdnews24.com,2018-09-21 19:01:23,National,বিএনপির  স্থায়ী কমিটির সদস্য,Related,,1.0
7295,independent24.com,2018-09-29 15:28:32,National,reporter,Related,,1.0
7297,jagonews24.com,2018-09-22 22:36:35,Crime,প্রধান বিচারপতি,Related,,1.0
7298,banglatribune.com,2018-09-26 15:41:48,National,বেনাপোল কাস্টমস চেকপোস্ট কার্গো শাখার রাজস্ব কর্মকর্তা মো. মুহব্বত সোবহান,Related,,1.0
7299,bangla.thereport24.com,2018-10-10 21:52:06,Crime,Reporter,Related,,1.0
7300,dailynayadiganta.com,2018-10-05 18:13:39,National,গোপালগঞ্জের অতিরিক্ত পুলিশ সুপার (সদর সার্কেল),Related,,1.0
7301,independent24.com,2018-09-25 16:53:09,National,ফেনী ট্রাফিক পুলিশ,Related,,1.0
7302,independent24.com,2018-09-23 11:27:47,National,পুলিশ + স্থানীয়রা,Related,,1.0
7303,jagonews24.com,2018-09-26 19:23:19,National,নড়িয়া থানা পুলিশের ভারপ্রাপ্ত কর্মকর্তা,Related,,1.0
7304,bangla.thereport24.com,2018-09-26 13:28:41,Crime,খালেদার আইনজীবী,Related,,1.0
7305,ittefaq.com.bd,2018-09-23 14:29:27,National,আবহাওয়া অফিস,Related,,1.0
7306,jagonews24.com,2018-09-23 19:00:35,National,ডিএমপির উইমেন সাপোর্ট অ্যান্ড ইনভেস্টিগেশন বিভাগ,Related,,1.0
7307,ittefaq.com.bd,2018-09-21 11:27:14,National,Reporter,Related,,1.0
7308,banglatribune.com,2018-09-27 23:50:01,National,আইজিপি,Related,,1.0
7309,independent24.com,2018-10-04 20:12:33,National,reporter,Related,,1.0
7310,dailynayadiganta.com,2018-10-06 10:25:17,National,নারায়ণগঞ্জ-৪ আসনের সংসদ সদস্য,Related,,1.0
7311,jagonews24.com,2018-09-20 16:36:23,National,কেন্দ্রীয় কৃষক লীগের অর্থ বিষয়ক সম্পাদক,Related,,1.0
7312,banglatribune.com,2018-10-04 09:58:44,Education,আমরা মুক্তিযোদ্ধা সন্তান রাবি শাখার সভাপতি,Related,,1.0
7313,independent24.com,2018-09-27 09:45:41,National,পুলিশ,Related,,1.0
7315,jagonews24.com,2018-09-23 13:00:35,National,কুষ্টিয়ার পুলিশ সুপার,Related,,1.0
7316,banglatribune.com,2018-10-05 22:05:19,National,"প্রত্যক্ষদর্শী ও ফায়ার সার্ভিস সূত্র,আশুলিয়া ডিইপিজেড ফায়ার সার্ভিসের সিনিয়র স্টেশন অফিসার",Related,,1.0
7317,bangla.bdnews24.com,2018-09-21 17:13:32,National,তাজিয়া মিছিল,Related,,1.0
7318,bangla.thereport24.com,2018-10-11 00:17:04,Crime,Reporter,Related,,1.0
7319,banglatribune.com,2018-09-21 10:52:59,National,সাভার মডেল থানার উপপরিদর্শক (এসআই),Related,,1.0
7320,banglatribune.com,2018-09-20 15:43:05,National,নড়াইল সদর থানার উপ-পরিদর্শক (এসআই),Related,,1.0
7322,kalerkantho.com,2018-09-23 19:02:36,National,রাষ্ট্রপতি হুসেইন মুহম্মদ এরশাদের ডেপুটি প্রেস সেক্রেটারি,Related,,1.0
7324,banglatribune.com,2018-10-02 09:23:59,National,reporter,Related,,1.0
7325,jagonews24.com,2018-09-24 19:36:23,National,ভৈরব থানা পুলিশেল উপ-পরিদর্শক,Related,,1.0
7326,jagonews24.com,2018-09-22 22:00:32,National,থাই লায়ন এয়ার,Related,,1.0
7327,independent24.com,2018-09-22 18:40:35,National,reporter,Related,,1.0
7328,bangla.thereport24.com,2018-10-11 12:52:02,Crime,রাষ্ট্রপক্ষের আইনজীবী,Related,,1.0
7329,bd24live.com,2018-09-20 08:15:05,Politics,বিএনপির মহাসচিব,Related,,1.0
7330,dailynayadiganta.com,2018-10-05 16:25:43,National,"রাজশাহী বিশ্ববিদ্যালয়ের শিক্ষার্থী, শাখা ছাত্রলীগের সহ-সভাপতি,শহীদ সোহরাওয়ার্দী হলের প্রাধ্যক্ষ",Related,,1.0
7331,bangla.bdnews24.com,2018-09-21 17:49:34,International,এনডিটিভি,Related,,1.0
7332,banglatribune.com,2018-09-26 16:47:18,National,শাহ আমানত বিমানবন্দরের সিনিয়র ম্যানেজার,Related,,1.0
7333,jagonews24.com,2018-09-23 14:48:28,National,তথ্যমন্ত্রী,Related,,1.0
7334,independent24.com,2018-09-24 07:48:27,National,পুলিশ,Related,,1.0
7336,independent24.com,2018-10-09 15:25:27,National,reporter,Related,,1.0
7338,kalerkantho.com,2018-09-21 17:14:10,National,স্বাস্থ্য মন্ত্রণালয়ের অতিরিক্ত সচিব,Related,,1.0
7339,jagonews24.com,2018-09-24 19:36:34,National,বেনাপোল স্থলবন্দরের পরিচালক,Related,,1.0
7342,independent24.com,2018-10-03 12:26:20,National,reporter,Related,,1.0
7343,banglatribune.com,2018-09-29 17:13:04,National,র‌্যাব-৮,Related,,1.0
7344,banglatribune.com,2018-09-27 02:48:07,National,পুলিশ পরিদর্শক,Related,,1.0
7345,independent24.com,2018-10-11 12:26:50,National,reporter,Related,,1.0
7346,banglatribune.com,2018-09-29 08:50:39,National,সদর থানার ভারপ্রাপ্ত কর্মকর্তা (ওসি),Related,,1.0
7348,ittefaq.com.bd,2018-09-19 20:27:28,Politics,বিএনপির স্থায়ী কমিটির সদস্য,Related,,1.0
7349,jagonews24.com,2018-09-26 18:47:37,National,চাটমোহর থানার পুলিশের পরিদর্শক,Related,,1.0
7350,kalerkantho.com,2018-09-23 17:51:05,National,বিএনপির সিনিয়র যুগ্ম মহাসচিব,Related,,1.0
7351,jagonews24.com,2018-09-25 08:12:27,National,কুমিল্লার ভ্রাম্যমাণ বিদ্যুৎ আদালতের সিনিয়র জুডিশিয়াল ম্যাজিস্ট্রেট,Related,,1.0
7352,independent24.com,2018-10-09 17:12:40,National,আবহওয়া অফিস,Related,,1.0
7354,independent24.com,2018-10-06 14:48:05,National,reporter,Related,,1.0
7355,independent24.com,2018-09-26 15:00:44,National,reporter,Related,,1.0
7356,jagonews24.com,2018-09-22 15:24:25,National,ঢাকা দক্ষিণ সিটি কর্পোরেশনের মেয়র,Related,,1.0
7359,bangla.thereport24.com,2018-09-25 11:53:45,Crime,র‌্যাবের গণমাধ্যম শাখার পরিচালক,Related,,1.0
7360,jagonews24.com,2018-09-20 16:00:32,National,ঢামেক ক্যাম্পের এসআই,Related,,1.0
7362,jagonews24.com,2018-09-20 14:12:35,National,নড়িয়া সরকারি কলেজের অধ্যক্ষ,Related,,1.0
7364,jagonews24.com,2018-09-21 08:48:27,National,পুঠিয়া থানার ওসি,Related,,1.0
7365,jagonews24.com,2018-09-22 10:36:22,Miscellaneous,বাগেরহাট মডেল থানার ভারপ্রাপ্ত কর্মকর্তা (ওসি),Related,,1.0
7367,jagonews24.com,2018-09-26 08:35:16,National,প্রধান নির্বাচন কমিশনার (সিইসি),Related,,1.0
7369,jagonews24.com,2018-09-27 10:59:33,National,বিশ্বম্ভরপুর থানার ওসি,Related,,1.0
7370,jagonews24.com,2018-09-21 23:48:30,National,নবাবগঞ্জ উপজেলা মৎস্য কর্মকর্তা,Related,,1.0
7371,bangla.thereport24.com,2018-10-11 10:27:24,Crime,কাশিমপুর কেন্দ্রীয় কারাগার ১ ও ২ (ভারপ্রাপ্ত) এর জেল সুপার,Related,,1.0
7372,bangla.bdnews24.com,2018-09-20 18:25:31,National,সদর উপজেলা নির্বাহী কর্মকর্তা,Related,,1.0
7373,independent24.com,2018-10-01 15:27:13,National,reporter,Related,,1.0
7374,banglatribune.com,2018-10-04 07:34:20,National,"ভারতের কাস্টমস ক্লিয়ারিং এজেন্ট আ্যসোসিয়েশনের সহ-সভাপতি,বাংলাহিলি কাস্টমস সিঅ্যান্ডএফ এজেন্ট আ্যসোসিয়েশনের সভাপতি",Related,,1.0
7375,jagonews24.com,2018-09-20 15:24:27,National,আদালত,Related,,1.0
7376,banglatribune.com,2018-09-28 18:26:25,National,বিদ্যুৎ প্রতিমন্ত্রী,Related,,1.0
7377,jagonews24.com,2018-09-20 13:36:32,National,সলঙ্গা থানা পুলিশের ভারপ্রাপ্ত কর্মকর্তা (ওসি),Related,,1.0
7378,jagonews24.com,2018-09-23 19:00:32,National,গাইবান্ধা পানি উন্নয়ন বোর্ড ও স্থানীয় সূত্র,Related,,1.0
7379,bangla.thereport24.com,2018-09-23 13:41:28,Education,ঢাবি সংবাদদাতা,Related,,1.0
7381,jagonews24.com,2018-09-20 14:48:25,National,হাতিয়া থানা পুলিশের ভারপ্রাপ্ত কর্মকর্তা,Related,,1.0
7382,ittefaq.com.bd,2018-09-23 16:53:16,National,শিল্পমন্ত্রী,Related,,1.0
7383,jagonews24.com,2018-09-20 20:48:27,National,চট্টগ্রাম কলেজের অধ্যক্ষ,Related,,1.0
7384,independent24.com,2018-10-08 11:49:21,National,পুলিশ,Related,,1.0
7385,bangla.thereport24.com,2018-10-09 19:29:24,Crime,Reporter,Related,,1.0
7386,rtnn.net,2018-09-21 16:45:48,Politics,Reporter,Related,,1.0
7387,jagonews24.com,2018-09-20 19:00:34,National,নারায়ণগঞ্জ জেলা পুলিশ সুপার,Related,,1.0
7388,kalerkantho.com,2018-09-23 18:26:14,National,অর্থমন্ত্রী,Related,,1.0
7390,banglanews24.com,2018-09-20 06:39:49,Politics,সিনিয়র যুগ্ম-মহাসচিব,Related,,1.0
7391,bangla.thereport24.com,2018-10-04 18:15:55,Crime,ঢাকা কেন্দ্রীয় কারাগারের একজন ডেপুটি জেলার,Related,,1.0
7393,banglatribune.com,2018-09-28 15:26:02,National,reporter,Related,,1.0
7394,banglatribune.com,2018-09-27 23:23:50,National,ফতুল্লা মডেল থানার ভারপ্রাপ্ত কর্মকর্তা (ওসি),Related,,1.0
7395,independent24.com,2018-10-01 15:27:13,National,reporter,Related,,1.0
7399,bangla.thereport24.com,2018-09-23 19:05:57,Sports,দ্য রিপোর্ট ডেস্ক,Related,,1.0
7401,jagonews24.com,2018-09-23 09:24:24,National,ডাহিয়া ইউনিয়ন পরিষদের চেয়ারম্যান,Related,,1.0
7402,independent24.com,2018-09-23 13:17:01,National,প্রকৌশলীরা,Related,,1.0
7404,independent24.com,2018-09-27 22:12:48,National,পুলিশ,Related,,1.0
7405,banglatribune.com,2018-10-04 15:12:34,National,"আহত শিক্ষার্থীর বাবা,নারায়ণগঞ্জের অতিরিক্ত পুলিশ সুপার (অপরাধ)",Related,,1.0
7406,bangla.thereport24.com,2018-09-30 15:17:57,Crime,খিলক্ষেত থানার ভারপ্রাপ্ত কর্মকর্তা,Related,,1.0
7407,jagonews24.com,2018-09-23 18:24:33,National,কিশোরগঞ্জ সদর মডেল থানা পুলিশের ভারপ্রাপ্ত কর্মকর্তা,Related,,1.0
7408,independent24.com,2018-10-08 00:24:40,National,reporter,Related,,1.0
7409,banglatribune.com,2018-09-29 15:29:25,National,বিএনপি কার্যালয় নসিমন ভবন,Related,,1.0
7410,bangla.thereport24.com,2018-09-24 18:29:20,International,জঙ্গিগোষ্ঠী ইসলামিক স্টেট (আইএস),Related,,1.0
7412,banglatribune.com,2018-10-03 20:51:03,National,বরিশাল মেট্রোপলিটন পুলিশের কমিশনার,Related,,1.0
7414,jagonews24.com,2018-09-25 09:24:28,National,বেনাপোল চেকপোস্ট ইমিগ্রেশনের ভারপ্রাপ্ত কর্মকর্তা (ওসি),Related,,1.0
7416,jagonews24.com,2018-09-20 20:12:41,National,"এফবি কালাম ট্রলারের মাঝি,আলীপুরের মৎস্য ব্যবসায়ী ,আলীপুর মৎস্য ব্যবসায়ী সমিতির সভাপতি",Related,,1.0
7417,banglatribune.com,2018-10-02 09:23:59,National,নেহালপুর ক্যাম্পের ইনচার্জ এসআই,Related,,1.0
7418,banglatribune.com,2018-09-26 16:47:05,National,আওয়ামী লীগের যুগ্ম সাধারণ সম্পাদক,Related,,1.0
7420,bangla.thereport24.com,2018-09-26 14:09:41,Crime,Reporter,Related,,1.0
7421,bangla.bdnews24.com,2018-09-21 23:14:01,Entertainment,স্টার সিনেপ্লেক্স কর্তৃপক্ষ,Related,,1.0
7422,jagonews24.com,2018-09-22 12:24:25,National,কালীগঞ্জ উপজেলা কৃষি কর্মকর্তা (ভারপ্রাপ্ত),Related,,1.0
7423,independent24.com,2018-10-07 23:17:05,National,আদালত,Related,,1.0
7424,jagonews24.com,2018-09-25 17:12:28,Crime,Reporter,Related,,1.0
7426,independent24.com,2018-09-28 15:25:03,National,reporter,Related,,1.0
7427,independent24.com,2018-09-30 10:36:11,National,কমলগঞ্জ থানার ওসি,Related,,1.0
7429,kalerkantho.com,2018-09-21 14:14:03,National,যাত্রাবাড়ী থানার পরিদর্শক,Related,,1.0
7430,jagonews24.com,2018-09-26 12:47:16,National,দেবিদ্বার থানা পুণিমের ভারপ্রাপ্ত কর্মকর্তা,Related,,1.0
7432,independent24.com,2018-09-24 22:52:39,National,পুলিশ,Related,,1.0
7433,banglatribune.com,2018-10-03 09:23:49,National,"কাউখালীর ভারপ্রাপ্ত উপজেলা নির্বাহী কর্মকর্তা,উপজেলা যুব উন্নয়ন কর্মকর্তা ও রিটার্নিং কর্মকর্তা",Related,,1.0
7435,bangla.thereport24.com,2018-10-05 20:40:18,Crime,দুদক চেয়ারম্যান,Related,,1.0
7436,independent24.com,2018-09-26 10:35:47,National,reporter,Related,,1.0
7437,bangla.thereport24.com,2018-10-08 13:28:04,Crime,Reporter,Related,,1.0
7438,jagonews24.com,2018-09-27 10:23:27,National,Reporter,Related,,1.0
7441,banglatribune.com,2018-10-05 19:01:55,National,ব্রাহ্মণবাড়িয়া ২৫ বিজিবি ব্যাটালিয়নের অধিনায়ক,Related,,1.0
7442,jagonews24.com,2018-09-22 13:00:26,National,রাঙ্গাবালী থানার ভারপ্রাপ্ত কর্মকর্তা (ওসি),Related,,1.0
7443,banglatribune.com,2018-09-30 18:26:14,National,reporter,Related,,1.0
7444,banglatribune.com,2018-09-29 17:50:48,National,প্রধানমন্ত্রীর তথ্য উপদেষ্টা,Related,,1.0
7445,banglatribune.com,2018-10-02 03:24:07,National,বাংলাদেশে নিযুক্ত ভারতীয় সহকারী হাই কমিশনার,Related,,1.0
7446,bangla.thereport24.com,2018-10-03 13:27:47,Crime,Reporter,Related,,1.0
7447,bangla.thereport24.com,2018-10-11 12:52:03,Crime,Reporter,Related,,1.0
7450,jagonews24.com,2018-09-24 17:12:23,National,পঞ্চগড় অতিরিক্ত জেলা ও দায়রা জজ আদালতের বিচারক,Related,,1.0
7451,jagonews24.com,2018-09-24 15:29:41,Crime,খালেদা জিয়ার আইনজীবী,Related,,1.0
7452,independent24.com,2018-09-22 09:37:43,National,দুর্নীতি দমন কমিশন,Related,,1.0
7453,independent24.com,2018-10-05 15:10:47,National,সংবাদ সম্মেলন,Related,,1.0
7454,jagonews24.com,2018-09-24 12:24:31,National,ডিমলা উপজেলা নির্বাচন কর্মকর্তা,Related,,1.0
7455,jagonews24.com,2018-09-26 15:47:32,National,Reporter,Related,,1.0
7456,dailynayadiganta.com,2018-10-05 18:49:38,National,Reporter,Related,,1.0
7457,jagonews24.com,2018-09-21 20:48:33,National,খাজা ইউনুস আলী মেডিকেল কলেজ হাসপাতালের ক্যান্সার বিশেষজ্ঞ,Related,,1.0
7458,jagonews24.com,2018-09-21 13:36:30,National,ফতুল্লা মডেল থানার উপ-পরিদর্শক (এসআই),Related,,1.0
7459,banglatribune.com,2018-10-02 08:48:18,National,উপজেলা কৃষি প্রশিক্ষণ কেন্দ্র চত্বর,Related,,1.0
7461,banglatribune.com,2018-09-22 18:42:33,National,প্রেসক্লাব,Related,,1.0
7462,independent24.com,2018-10-01 07:32:59,National,reporter,Related,,1.0
7464,banglatribune.com,2018-09-22 18:05:41,National,প্রেস বিজ্ঞপ্তি,Related,,1.0
7465,banglatribune.com,2018-09-20 11:27:16,Politics,Reporter,Related,,1.0
7466,jagonews24.com,2018-09-24 16:00:43,National,বেগম খালেদা জিয়ার প্যানেলের আইনজীবী,Related,,1.0
7467,jagonews24.com,2018-09-26 11:35:20,National,সাধুহাটি ইউনিয়ন পরিষদ চেয়ারম্যান,Related,,1.0
7468,bangla.thereport24.com,2018-10-02 11:40:29,Crime,Reporter,Related,,1.0
7469,bangla.bdnews24.com,2018-09-20 21:25:59,International,আবুধাবিতে এক সংবাদ সম্মেলন,Related,,1.0
7470,banglatribune.com,2018-09-22 12:06:59,National,স্থানীয় এলাকার বাসিন্দা,Related,,1.0
7471,jagonews24.com,2018-09-25 11:48:32,National,মির্জাপুর উপজেলা এলজিইডি কার্যালয়ের উপ-সহকারী প্রকৌশলী,Related,,1.0
7473,bangla.thereport24.com,2018-10-07 09:53:00,Crime,Reporter,Related,,1.0
7474,bangla.thereport24.com,2018-09-24 11:55:13,National,যশোর কোতোয়ালী থানার ভারপ্রাপ্ত কর্মকর্তা (ওসি),Related,,1.0
7475,jagonews24.com,2018-09-25 16:00:26,Crime,অ্যাটর্নি জেনারেল,Related,,1.0
7477,banglatribune.com,2018-09-21 11:27:50,National,স্থানীয় সূত্র,Related,,1.0
7479,jagonews24.com,2018-09-21 15:24:31,National,রাঙ্গামাটি বরকল উপজেলার স্থানীয় বাসিন্দা,Related,,1.0
7480,independent24.com,2018-10-03 08:47:19,National,প্রকল্প সংশ্লিষ্টর|,Related,,1.0
7481,jagonews24.com,2018-09-26 13:59:19,National,বোয়ালখালী উপজেলা স্বাস্থ্য কমপ্লেক্সের উপ-সহকারী কমিউনিটি মেডিকেল অফিসার,Related,,1.0
7482,bangla.thereport24.com,2018-09-25 18:17:06,Crime,টিআইবির নির্বাহী পরিচালক,Related,,1.0
7484,bangla.thereport24.com,2018-09-22 15:29:18,Politics,বিএনপির স্থায়ী কমিটি সদস্য,Related,,1.0
7486,independent24.com,2018-09-23 14:29:10,National,পুলিশ,Related,,1.0
7487,jagonews24.com,2018-09-23 13:36:31,National,Reporter,Related,,1.0
7488,jagonews24.com,2018-09-26 09:11:12,Miscellaneous,র‌্যাব-১১’র কোম্পানি কমান্ডার,Related,,1.0
7489,banglatribune.com,2018-09-21 17:29:42,National,"আওয়ামী লীগের সাধারণ সম্পাদক এবং সড়ক, পরিবহন ও সেতুমন্ত্রী",Related,,1.0
7490,banglatribune.com,2018-10-01 22:02:18,National,বরিশাল সিটি করপোরেশনের (বিসিসি) মেয়র,Related,,1.0
7491,bangla.bdnews24.com,2018-09-21 16:37:38,National,লাঙ্গলকোট থানার ওসি,Related,,1.0
7492,bd24live.com,2018-09-20 14:16:15,Politics,ঢাকা বিশ্ব‌বিদ্যাল‌য়ের সা‌বেক উপাচার্য,Related,,1.0
7493,banglatribune.com,2018-09-28 12:25:36,National,আসাদুজ্জামান নূর,Related,,1.0
7494,kalerkantho.com,2018-09-20 20:01:09,National,প্রধানমন্ত্রী,Related,,1.0
7495,bangla.thereport24.com,2018-10-09 18:52:59,Crime,Reporter,Related,,1.0
7496,independent24.com,2018-10-05 10:36:06,National,র‍্যাব,Related,,1.0
7497,independent24.com,2018-09-24 18:08:12,National,পুলিশ,Related,,1.0
7499,jagonews24.com,2018-09-23 19:36:40,National,ওপেন হাউজ ডে (উন্মুক্ত আলোচনা দিবস),Related,,1.0
7501,independent24.com,2018-10-11 16:37:25,National,reporter,Related,,1.0
7502,jagonews24.com,2018-09-20 10:00:24,National,Reporter,Related,,1.0
7503,banglatribune.com,2018-09-21 21:52:28,National,চট্টগ্রাম বিভাগীয় সংকেত ও যোগাযোগ প্রকৌশলী,Related,,1.0
7504,banglatribune.com,2018-09-27 17:19:47,National,ডিবির ওসি,Related,,1.0
7505,jagonews24.com,2018-09-25 01:00:32,National,কোতোয়ালি মডেল থানার এসআই,Related,,1.0
7506,banglatribune.com,2018-09-29 19:03:39,National,বিশ্ববিদ্যালয়ের সহকারী রেজিস্ট্রার (শিক্ষা) ও ভর্তি পরীক্ষা পরিচালনা কমিটির সচিব,Related,,1.0
7507,jagonews24.com,2018-09-20 17:48:25,National,Reporter,Related,,1.0
7508,independent24.com,2018-09-22 16:15:07,National,আওয়ামী লীগের সাধারন সম্পাদক,Related,,1.0
7509,jagonews24.com,2018-09-20 20:12:41,National,এলজিআরডি মন্ত্রী,Related,,1.0
7512,independent24.com,2018-10-07 22:08:17,National,রাজশাহী সিটি করপোরেশনের মেয়র,Related,,1.0
7513,jagonews24.com,2018-09-26 23:35:23,National,Reporter,Related,,1.0
7514,banglatribune.com,2018-09-30 08:12:31,National,"হবিগঞ্জ সদর মডেল থানার ভারপ্রাপ্ত কর্মকর্তা (ওসি, তদন্ত)",Related,,1.0
7515,jagonews24.com,2018-09-23 19:36:41,National,সদর থানা পুলিশের অফিসার ইনচার্জ,Related,,1.0
7516,banglatribune.com,2018-09-29 04:34:30,National,খুলশী থানার ভারপ্রাপ্ত কর্মকর্তা (ওসি),Related,,1.0
7517,banglatribune.com,2018-10-06 12:26:54,National,খুলনা ২১ বিজিবি ব্যাটালিয়নের দৌলতপুর ক্যাম্পের কমান্ডার নায়েব সুবেদার,Related,,1.0
7518,banglatribune.com,2018-09-28 19:06:32,National,reporter,Related,,1.0
7519,banglatribune.com,2018-09-23 00:41:45,National,কোটালীপাড়া থানার অফিসার ইনচার্জ (ওসি),Related,,1.0
7520,independent24.com,2018-09-25 11:26:49,National,সড়ক পরিবহন ও মহাসড়ক বিভাগের অতিরিক্ত সচিব,Related,,1.0
7523,independent24.com,2018-09-30 21:25:10,National,পুলিশ,Related,,1.0
7524,banglatribune.com,2018-09-29 03:00:55,National,বিদ্যালয়টির পরিচালনা কমিটির সভাপতি,Related,,1.0
7525,bangla.bdnews24.com,2018-09-21 17:13:27,International,বিবিসি,Related,,1.0
7526,jagonews24.com,2018-09-24 17:48:26,National,সদর থানার পরিদর্শক,Related,,1.0
7528,banglatribune.com,2018-09-28 16:05:42,National,ভাঙ্গা হাইওয়ে থানার ওসি,Related,,1.0
7529,independent24.com,2018-10-06 11:50:06,National,বিআইডব্লিউটিসির কর্মকর্তারা,Related,,1.0
7530,bangla.bdnews24.com,2018-09-20 18:25:30,Sports,reporter,Related,,1.0
7531,kalerkantho.com,2018-09-23 11:13:53,National,reporter,Related,,1.0
7532,jagonews24.com,2018-09-27 11:35:17,National,বাহুবল থানা পুলিশের ভারপ্রাপ্ত কর্মকর্তা,Related,,1.0
7533,jagonews24.com,2018-09-22 17:12:32,National,বগুড়া রেলওয়ের স্টেশন মাস্টার,Related,,1.0
7534,independent24.com,2018-09-22 10:13:51,National,Reporter,Related,,1.0
7535,jagonews24.com,2018-09-21 13:00:30,National,Reporter,Related,,1.0
7537,banglatribune.com,2018-09-21 20:27:48,National,no found,Related,,1.0
7539,independent24.com,2018-09-25 15:45:05,National,reporter,Related,,1.0
7540,jagonews24.com,2018-09-22 16:36:23,National,বেলাবো থানা পুলিশের ওসি (তদন্ত),Related,,1.0
7541,banglatribune.com,2018-09-21 10:53:01,National,কেন্দুয়া থানার ওসি,Related,,1.0
7542,jagonews24.com,2018-09-26 18:11:28,National,Reporter,Related,,1.0
7544,ittefaq.com.bd,2018-09-20 09:01:34,National,ফবিসিসিআইয়ের ভ্যাট বিষয়ক উপ-কমিটির আহ্বায়ক,Related,,1.0
7545,banglatribune.com,2018-10-05 17:13:29,National,কক্সবাজার বিমানবন্দরের ম্যানেজার,Related,,1.0
7546,bangla.thereport24.com,2018-10-07 01:26:35,Miscellaneous,Reporter,Related,,1.0
7548,independent24.com,2018-09-21 15:38:30,National,পুলিশ,Related,,1.0
7549,jagonews24.com,2018-09-24 21:24:35,National,আলেয়া ফেরদৌসী,Related,,1.0
7550,jagonews24.com,2018-09-22 02:12:29,National,সুজানগর থানা পুলিশের ভারপ্রাপ্ত কর্মকর্তা (ওসি),Related,,1.0
7551,banglatribune.com,2018-10-03 19:01:42,National,"স্থানীয় সূত্র ,আতাকরা গ্রামের বাসিন্দা সমাজসেবক",Related,,1.0
7552,jagonews24.com,2018-09-22 13:00:28,National,সংগঠনের কেন্দ্রীয় সভাপতি,Related,,1.0
7553,jagonews24.com,2018-09-22 17:48:28,National,মুলাদী থানা পুলিশের ওসি,Related,,1.0
7555,jagonews24.com,2018-09-24 20:12:32,National,reporter,Related,,1.0
7556,bangla.thereport24.com,2018-09-29 19:28:35,Crime,চট্টগ্রামের পতেঙ্গা থানার ওসি (তদন্ত),Related,,1.0
7557,jagonews24.com,2018-09-25 18:11:12,National,লালমনিরহাট সদর থানা পুলিশের ভারপ্রাপ্ত কর্মকর্তা (ওসি),Related,,1.0
7558,jagonews24.com,2018-09-26 16:23:14,National,বদলগাছী থানা পুলিশের ভারপ্রাপ্ত কর্মকর্তা,Related,,1.0
7559,jagonews24.com,2018-09-22 11:12:27,National,সচেতন নাগরিক কমিটির সভাপতি,Related,,1.0
7560,jagonews24.com,2018-09-22 20:48:26,National,নগর গোয়েন্দা পুলিশের অতিরিক্ত উপ-কমিশনার,Related,,1.0
7562,jagonews24.com,2018-09-22 10:36:25,National,গোলড়া হাইওয়ে পুলিশের এসআই,Related,,1.0
7564,banglatribune.com,2018-10-04 20:52:36,National,ক্ষেতলাল থানার ভারপ্রাপ্ত কর্মকর্তা (ওসি),Related,,1.0
7565,dailynayadiganta.com,2018-09-19 22:03:28,Politics,Reporter,Related,,1.0
7566,channelionline.com,2018-09-20 16:15:07,Politics,Reporter,Related,,1.0
7567,banglatribune.com,2018-09-21 15:06:27,National,বিআইডব্লিউটিসি কাঁঠালবাড়ি ফেরিঘাটের ব্যবস্থাপক,Related,,1.0
7568,banglatribune.com,2018-10-04 01:35:03,National,রির্টানিং কর্মকর্তা,Related,,1.0
7571,bangla.thereport24.com,2018-10-01 12:16:38,Crime,"বস্তিবাসী ও প্রত্যক্ষদর্শী, ফায়ার সার্ভিসের ডিউটি অফিসার",Related,,1.0
7572,bangla.thereport24.com,2018-10-06 14:04:09,Crime,দুদকের পরিদর্শক,Related,,1.0
7574,banglatribune.com,2018-09-28 19:06:30,Editorial,সদরঘাট নৌ-থানার ভারপ্রাপ্ত কর্মকর্তা (ওসি),Related,,1.0
7576,ittefaq.com.bd,2018-09-19 18:38:02,Politics,আওয়ামী লীগের যুগ্ম -সাধারণ সম্পাদক,Related,,1.0
7577,banglatribune.com,2018-10-03 11:17:25,National,আইও এসআই,Related,,1.0
7578,bangla.bdnews24.com,2018-09-21 16:01:30,International,বিবিসি,Related,,1.0
7579,jagonews24.com,2018-09-24 11:48:27,National,মাগুরা সদর থানা পুলিশের উপপরিদর্শক,Related,,1.0
7580,banglatribune.com,2018-10-04 13:01:55,National,পুলিশ ও স্থানীয় সূত্র,Related,,1.0
7581,banglatribune.com,2018-09-28 15:26:01,National,হাকিমপুর থানার ভারপ্রাপ্ত কর্মকর্তা (ওসি),Related,,1.0
7582,jagonews24.com,2018-09-23 04:36:29,National,র‌্যাপিড অ্যাকশন ব্যাটালিয়ন (র্যাব),Related,,1.0
7583,jagonews24.com,2018-09-26 18:47:22,National,Reporter,Related,,1.0
7584,jagonews24.com,2018-09-27 12:11:20,National,Reporter,Related,,1.0
7585,jagonews24.com,2018-09-22 20:48:23,National,আনোয়ারা থানার ওসি,Related,,1.0
7586,banglatribune.com,2018-09-28 16:05:45,National,reporter,Related,,1.0
7587,banglanews24.com,2018-09-20 15:15:20,National,বিএনপির নেতাকর্মীরা,Related,,1.0
7589,independent24.com,2018-10-10 19:37:02,National,reporter,Related,,1.0
7593,jagonews24.com,2018-09-26 12:11:22,National,Reporter,Related,,1.0
7594,jagonews24.com,2018-09-24 17:48:34,National,reporter,Related,,1.0
7595,bangla.thereport24.com,2018-09-22 11:18:20,International,দ্য রিপোর্ট ডেস্ক,Related,,1.0
7596,banglatribune.com,2018-09-29 17:13:03,National,মাদকদ্রব্য নিয়ন্ত্রণ অধিদফতরের কক্সবাজার কার্যালয়ের সহকারী পরিচালক,Related,,1.0
7597,bangla.thereport24.com,2018-10-03 18:18:03,Crime,"ঢামেক হাসপাতাল পুলিশ ক্যাম্পের উপ-পরিদর্শক (এসআই),তেজগাঁও থানার ভারপ্রাপ্ত কর্মকর্তা (ওসি)",Related,,1.0
7598,banglatribune.com,2018-09-27 18:27:46,National,reporter,Related,,1.0
7600,independent24.com,2018-10-06 10:34:47,National,reporter,Related,,1.0
7601,dailynayadiganta.com,2018-10-05 20:02:21,National,এসএনডিসির সভাপতি,Related,,1.0
7602,ittefaq.com.bd,2018-09-22 19:51:15,National,গণমাধ্যমের প্রতিনিধিরা,Related,,1.0
7603,jagonews24.com,2018-09-21 19:00:24,National,"কাজিপুর উপজেলা কৃষি কর্মকর্তা,সিরাজগঞ্জ পানি উন্নয়ন বোর্ডের নির্বাহী প্রকৌশলী,জিওল সরকারি প্রাথমিক বিদ্যালয়ের ভারপ্রাপ্ত প্রধান শিক্ষক",Related,,1.0
7604,bangla.bdnews24.com,2018-09-20 20:00:31,International,নেদারল্যান্ড পুলিশ,Related,,1.0
7605,bangla.bdnews24.com,2018-09-20 22:01:31,Sports,বিসিবি,Related,,1.0
7606,independent24.com,2018-09-27 17:54:56,National,পুলিশ,Related,,1.0
7607,banglatribune.com,2018-09-29 17:50:46,National,জাতীয় সমাজতান্ত্রিক দলের (জাসদ) সভাপতি ও তথ্যমন্ত্রী,Related,,1.0
7609,independent24.com,2018-10-09 00:24:15,National,পুলিশ,Related,,1.0
7611,jagonews24.com,2018-09-23 01:00:28,National,নারায়ণগঞ্জ-৪ আসনের সংসদ সদস্য,Related,,1.0
7612,jagonews24.com,2018-09-20 16:36:22,National,"উপজেলা ছাত্রলীগের সভাপতি ,সোনাগাজী উপজেলা যুবলীগের সভাপতি",Related,,1.0
7613,banglatribune.com,2018-10-04 22:41:44,National,চট্টগ্রাম মহানগর বিএনপির সভাপতি,Related,,1.0
7614,kalerkantho.com,2018-09-22 15:25:54,National,সাংবাদিকদের আন্তর্জাতিক সংগঠন কমিটি টু প্রটেক্ট জার্নালিস্টস (সিপিজে),Related,,1.0
7615,independent24.com,2018-10-10 12:30:31,National,reporter,Related,,1.0
7616,ittefaq.com.bd,2018-09-23 08:25:22,National,reporter,Related,,1.0
7617,banglatribune.com,2018-09-27 09:46:29,National,reporter,Related,,1.0
7619,bangla.thereport24.com,2018-09-30 12:53:40,Crime,ঢাকা বিশ্ববিদ্যালয়ের প্রক্টর,Related,,1.0
7620,jagonews24.com,2018-09-23 15:24:26,National,টুয়াখালী বিশেষ দায়রা জজ আদালতের বিচারক,Related,,1.0
7621,independent24.com,2018-09-23 18:07:00,National,পুলিশ,Related,,1.0
7622,banglatribune.com,2018-10-01 10:37:35,National,কালীগঞ্জ থানার এসআই,Related,,1.0
7624,bangla.thereport24.com,2018-10-05 15:16:26,Crime,দুদক চেয়ারম্যান,Related,,1.0
7626,jagonews24.com,2018-09-26 10:23:24,National,শৈলকুপা ফায়ার সার্ভিসের দমকল বাহিনী,Related,,1.0
7627,jagonews24.com,2018-09-21 17:12:23,National,আওয়ামী লীগের সাধারণ সম্পাদক এবং সড়ক পরিবহন ও সেতুমন্ত্রী,Related,,1.0
7628,jagonews24.com,2018-09-23 20:12:24,National,কক্সবাজার জেলা ও দায়রা জজ,Related,,1.0
7629,jagonews24.com,2018-09-21 13:36:26,National,আইনমন্ত্রী,Related,,1.0
7630,independent24.com,2018-10-09 12:24:36,National,reporter,Related,,1.0
7631,banglatribune.com,2018-10-01 08:47:09,National,মনপুরা থানার ভারপ্রাপ্ত কর্মকর্তা (ওসি),Related,,1.0
7632,banglatribune.com,2018-10-05 13:00:30,National,সদর থানার ভারপ্রাপ্ত কর্মকর্তা (ওসি),Related,,1.0
7633,banglatribune.com,2018-09-26 22:47:42,National,চট্টগ্রামের সিভিল সার্জন,Related,,1.0
7634,jagonews24.com,2018-09-23 12:24:36,National,বিজয়নগর থানা পুলিশের ভারপ্রাপ্ত কর্মকর্তা (ওসি),Related,,1.0
7635,independent24.com,2018-09-20 09:38:46,Politics,Reporter,Related,,1.0
7636,kalerkantho.com,2018-09-21 08:49:40,National,বিশ্ববিদ্যালয় প্রশাসন,Related,,1.0
7638,banglatribune.com,2018-09-27 23:23:46,National,রাষ্ট্রপক্ষের আইনজীবী,Related,,1.0
7639,jagonews24.com,2018-09-26 17:35:33,National,Reporter,Related,,1.0
7640,jagonews24.com,2018-09-21 08:48:27,National,কুলাউড়া থানার ভারপ্রাপ্ত কর্মকর্তা,Related,,1.0
7642,banglatribune.com,2018-10-04 13:01:56,National,জেলা রিটার্নিং অফিসার ও জেলা নির্বাচন কর্মকর্তা,Related,,1.0
7643,bangla.bdnews24.com,2018-09-20 22:01:32,Finance,reporter,Related,,1.0
7644,banglatribune.com,2018-09-28 10:36:06,National,নৌযান শ্রমিক ফেডারেশন এর বরিশাল আঞ্চলিক সভাপতি,Related,,1.0
7645,banglatribune.com,2018-10-04 19:00:54,National,"জালালিয়া রোডের বাসিন্দা ও লেবু বাগান ব্যবসায়ী,শ্রীমঙ্গল উপজেলা নির্বাহী কর্মকর্তা ,মৌলভীবাজার ভারপ্রাপ্ত জেলা প্রশাসক (ডিসি)",Related,,1.0
7647,kalerkantho.com,2018-09-22 21:27:07,National,দুর্নীতি দমন কমিশনের (দুদক),Related,,1.0
7648,jagonews24.com,2018-09-22 20:12:24,National,সাধারণ সম্পাদক এবং সড়ক পরিবহন ও সেতুমন্ত্রী,Related,,1.0
7650,jagonews24.com,2018-09-22 21:24:32,National,শুল্ক গোয়েন্দারা,Related,,1.0
7651,bangla.thereport24.com,2018-10-09 19:29:39,Crime,Reporter,Related,,1.0
7652,banglanews24.com,2018-09-20 10:56:21,Politics,Reporter,Related,,1.0
7653,banglatribune.com,2018-09-26 21:01:18,National,নাটোর দুগ্ধ শীতলীকরণ কেন্দ্রের ভারপ্রাপ্ত কর্মকর্তা,Related,,1.0
7654,independent24.com,2018-10-10 20:49:37,National,reporter,Related,,1.0
7655,samakal.com,2018-09-20 01:12:40,Politics,Reporter,Related,,1.0
7656,jagonews24.com,2018-09-23 20:12:37,National,ভোক্তা অধিকার সংরক্ষণ অধিদফতর,Related,,1.0
7657,jagonews24.com,2018-09-22 11:48:25,National,কাউখালী সদর ইউপি চেয়ারম্যান,Related,,1.0
7658,banglatribune.com,2018-09-26 19:47:09,National,বিমান বন্দরের সিনিয়র স্টেশন ট্রাফিক ম্যানেজার,Related,,1.0
7659,jagonews24.com,2018-09-26 20:35:37,National,মহিলা আওয়ামী লীগের সভাপতি ও সাবেক এমপি,Related,,1.0
7661,jagonews24.com,2018-09-20 15:24:26,National,ময়নামতি হাইওয়ে থানার ওসি,Related,,1.0
7664,jagonews24.com,2018-09-20 19:00:27,National,Reporter,Related,,1.0
7665,banglatribune.com,2018-09-28 22:05:47,National,ময়মনসিংহ রেলওয়ে স্টেশনের সুপার,Related,,1.0
7666,independent24.com,2018-10-02 10:36:02,National,নির্বাহী ম্যাজিস্ট্রেট,Related,,1.0
7668,bangla.bdnews24.com,2018-09-20 20:49:50,National,এনডিটিভি,Related,,1.0
7669,jagonews24.com,2018-09-25 21:11:10,National,জেলা সিভিল সার্জন,Related,,1.0
7670,independent24.com,2018-10-10 11:50:17,National,reporter,Related,,1.0
7671,banglatribune.com,2018-09-29 12:28:18,National,reporter,Related,,1.0
7672,samakal.com,2018-09-19 21:02:05,Politics,আওয়ামী লীগের যুগ্ম সাধারণ সম্পাদক,Related,,1.0
7673,jagonews24.com,2018-09-25 18:47:14,Crime,সুপ্রিম কোর্ট আইনজীবী সমিতির সভাপতি,Related,,1.0
7675,banglatribune.com,2018-10-06 23:13:56,Politics,সমাজকল্যাণমন্ত্রী,Related,,1.0
7676,banglatribune.com,2018-09-30 20:49:23,National,ঝিনাইদহ পুলিশ সুপার,Related,,1.0
7677,banglatribune.com,2018-09-21 20:29:12,National,জামালপুর থানার নারায়ণপুর তদন্ত কেন্দ্রের ইনচার্জ,Related,,1.0
7678,independent24.com,2018-10-07 11:47:09,National,reporter,Related,,1.0
7679,jagonews24.com,2018-09-20 21:24:32,National,বাংলাদেশ ও ভারতের আবহাওয়া অধিদফতর,Related,,1.0
7680,banglatribune.com,2018-09-30 08:12:31,National,reporter,Related,,1.0
7681,jagonews24.com,2018-09-25 16:36:26,Crime,Reporter,Related,,1.0
7682,jagonews24.com,2018-09-21 20:48:35,National,"প্রত্যক্ষদর্শী,কিশোরগঞ্জ রেলওয়ে থানা পুলিশের ভারপ্রাপ্ত কর্মকর্তা (ওসি)",Related,,1.0
7683,banglatribune.com,2018-09-21 21:10:04,National,ফতুল্লা মডেল থানার ভারপ্রাপ্ত কর্মকর্তা (ওসি,Related,,1.0
7684,banglatribune.com,2018-09-26 19:11:20,National,বাংলাদেশ রেলওয়ের পরিদর্শক,Related,,1.0
7685,banglatribune.com,2018-10-02 07:35:13,National,রাজশাহী মহানগর পুলিশের মুখপাত্র ও সিনিয়র সহকারী কমিশনার (সদর),Related,,1.0
7686,independent24.com,2018-09-22 16:55:40,National,ডিএমপির কাউন্টার টেরোরিজম ইউনিট,Related,,1.0
7688,independent24.com,2018-10-09 08:10:06,National,reporter,Related,,1.0
7689,banglatribune.com,2018-09-29 12:28:20,National,বোষপাড়া শিব মন্দির দুর্গাপূজা পরিচালনা পরিষদের সাধারণ সম্পাদক,Related,,1.0
7690,independent24.com,2018-09-25 21:30:28,National,পুলিশ,Related,,1.0
7691,jagonews24.com,2018-09-20 20:48:26,National,জাতীয় পার্টির (জাপা) চেয়ারম্যান,Related,,1.0
7693,independent24.com,2018-10-05 20:14:18,National,reporter,Related,,1.0
7694,ittefaq.com.bd,2018-09-19 20:27:35,Politics,আওয়ামী লীগের প্রচার ও প্রকাশনা সম্পাদক,Related,,1.0
7696,bangla.thereport24.com,2018-10-05 23:40:08,Crime,রাষ্ট্রপক্ষের কৌঁসুলি,Related,,1.0
7699,independent24.com,2018-09-28 15:25:16,National,র‍্যাব,Related,,1.0
7701,banglatribune.com,2018-09-29 09:24:59,National,reporter,Related,,1.0
7702,jagonews24.com,2018-09-24 09:24:26,National,আওয়ামী লীগের সাধারণ সম্পাদক,Related,,1.0
7703,jagonews24.com,2018-09-20 22:36:31,National,মৎস্য অধিদফতর,Related,,1.0
7704,independent24.com,2018-10-02 12:25:51,National,reporter,Related,,1.0
7705,jagonews24.com,2018-09-20 02:48:28,National,অর্থনৈতিক ক্রয়সংক্রান্ত মন্ত্রিসভা কমিটি,Related,,1.0
7706,bangla.thereport24.com,2018-10-04 17:04:54,Crime,ঢাকা বিশ্ববিদ্যালয়ের প্রক্টর,Related,,1.0
7707,banglatribune.com,2018-09-21 14:34:11,National,আইনমন্ত্রী,Related,,1.0
7708,independent24.com,2018-09-27 14:54:18,National,reporter,Related,,1.0
7709,banglatribune.com,2018-09-26 21:01:24,National,রাষ্ট্রপতি,Related,,1.0
7710,jagonews24.com,2018-09-26 15:47:32,National,সড়ক পরিবহন ও সেতুমন্ত্রী,Related,,1.0
7712,banglatribune.com,2018-10-04 14:37:32,National,"বেনাপোল আইসিপি বিজিবি ক্যাম্পের হাবিলদার,বেনাপোল আইসিপি ক্যাম্প কমান্ডার সুবেদার",Related,,1.0
7713,bangla.thereport24.com,2018-09-24 13:06:41,Sports,"নান্নুর স্বজনরা ,আদাবর থানা ওসি,জাতীয় দলের সাবেক অধিনায়ক",Related,,1.0
7714,bangla.bdnews24.com,2018-09-22 07:01:22,Sports,reporter,Related,,1.0
7715,jagonews24.com,2018-09-25 16:36:21,National,ইন্দুরকানী থানা পুলিশের ভারপ্রাপ্ত কর্মকর্তা (ওসি),Related,,1.0
7716,jagonews24.com,2018-09-26 12:47:16,National,টি প্ল্যান্টার অ্যান্ড ট্রেডার্স অ্যাসোসিয়েশন অব বাংলাদেশ,Related,,1.0
7717,independent24.com,2018-09-24 00:09:23,National,পরিকল্পনা মন্ত্রী,Related,,1.0
7718,banglatribune.com,2018-10-05 20:50:59,National,ঢাকায় নিযুক্ত ভারতীয় হাইকমিশনার,Related,,1.0
7719,independent24.com,2018-09-26 15:00:45,National,র‌্যাব,Related,,1.0
7720,banglatribune.com,2018-10-01 11:12:59,National,র‌্যাব-৮,Related,,1.0
7721,jagonews24.com,2018-09-23 17:48:31,National,বিভাগীয় প্রশাসন,Related,,1.0
7722,banglanews24.com,2018-09-20 15:45:30,National,Reporter,Related,,1.0
7723,independent24.com,2018-10-06 19:01:12,National,reporter,Related,,1.0
7724,banglatribune.com,2018-09-22 02:59:54,National,তথ্যমন্ত্রী,Related,,1.0
7725,ittefaq.com.bd,2018-09-20 17:26:51,National,পররাষ্ট্রমন্ত্রী,Related,,1.0
7726,jagonews24.com,2018-09-21 16:36:30,National,নৌপরিবহন মন্ত্রী,Related,,1.0
7728,dailynayadiganta.com,2018-10-05 17:37:24,National,ঈশ্বরগঞ্জ থানার এসআই,Related,,1.0
7730,ittefaq.com.bd,2018-09-22 10:49:31,National,স্থায়ী প্রতিনিধি ও রাষ্ট্রদূত,Related,,1.0
7731,jagonews24.com,2018-09-20 00:24:27,National,Reporter,Related,,1.0
7732,banglatribune.com,2018-10-05 22:38:27,National,লাকসাম উপজেলা জাতীয় পার্টির সাধারণ সম্পাদক,Related,,1.0
7733,jagonews24.com,2018-09-20 22:00:28,National,Reporter,Related,,1.0
7735,jagonews24.com,2018-09-24 20:48:24,National,চট্টগ্রাম সিটি কর্পোরেশন (চসিক) পরিচালিত ভ্রাম্যমাণ আদালত,Related,,1.0
7736,independent24.com,2018-09-23 15:05:49,National,reporter,Related,,1.0
7737,bangla.bdnews24.com,2018-09-21 00:25:26,National,গাজীপুর সদর থানার এসআই,Related,,1.0
7738,banglatribune.com,2018-09-28 22:43:17,National,তদন্তকারী কর্মকর্তা ও গৌরনদী থানার এসআই,Related,,1.0
7739,jagonews24.com,2018-09-21 10:36:27,National,ডুমুরিয়া থানার ভারপ্রাপ্ত কর্মকর্তা (ওসি),Related,,1.0
7740,samakal.com,2018-09-19 21:02:18,Politics,জাতীয় পার্টির চেয়ারম্যান,Related,,1.0
7742,banglatribune.com,2018-10-05 09:23:56,National,জাতীয় পার্টির কো-চেয়ারম্যান,Related,,1.0
7743,banglatribune.com,2018-09-22 22:26:09,National,জাসদ সভাপতি ও তথ্যমন্ত্রী,Related,,1.0
7744,ittefaq.com.bd,2018-09-22 21:06:10,National,অভিবাসন বিভাগের মহাপরিচালক,Related,,1.0
7746,jagonews24.com,2018-09-20 22:00:29,National,"মহিপুর থানা পুলিশের ভারপ্রাপ্ত কর্মকর্তা (ওসি-তদন্ত),লতাচাপলী ইউপি চেয়ারম্যান",Related,,1.0
7747,independent24.com,2018-10-04 20:12:33,National,reporter,Related,,1.0
7750,independent24.com,2018-09-29 18:29:17,National,reporter,Related,,1.0
7751,bangla.bdnews24.com,2018-09-20 19:01:54,Miscellaneous,প্রেসবিজ্ঞপ্তিতে চ্যানেল আই,Related,,1.0
7753,jagonews24.com,2018-09-21 20:48:33,National,Reporter,Related,,1.0
7754,kalerkantho.com,2018-09-23 16:02:09,Crime,ব্যারিস্টার,Related,,1.0
7755,bangla.thereport24.com,2018-09-24 18:29:20,National,আওয়ামী লীগের সাধারণ সম্পাদক এবং সড়ক পরিবহন ও সেতুমন্ত্রী,Related,,1.0
7756,ittefaq.com.bd,2018-09-23 17:26:57,National,জনপ্রশাসন মন্ত্রণালয়,Related,,1.0
7757,jagonews24.com,2018-09-23 00:24:29,National,শরীয়তপুর পৌরসভার ৮নং ওয়ার্ডের কাউন্সিলর,Related,,1.0
7758,jagonews24.com,2018-09-26 20:35:34,National,রাষ্ট্রপতি,Related,,1.0
7759,independent24.com,2018-10-08 14:49:22,National,reporter,Related,,1.0
7761,jagonews24.com,2018-09-27 12:47:20,National,গফরগাঁও থানার ওসি,Related,,1.0
7764,jagonews24.com,2018-09-20 14:48:21,National,তাড়াইল থানা পুলিশের ভারপ্রাপ্ত কর্মকর্তা (ওসি),Related,,1.0
7766,jagonews24.com,2018-09-26 02:35:17,National,কেন্দুয়া থানা পুলিশের ওসি,Related,,1.0
7767,bangla.bdnews24.com,2018-09-21 22:01:22,Sports,reporter,Related,,1.0
7768,jagonews24.com,2018-09-21 00:24:29,National,স্পিকার,Related,,1.0
7769,jagonews24.com,2018-09-26 12:47:14,National,সাতক্ষীরা জেলা ও দায়রা জজ,Related,,1.0
7770,bd24live.com,2018-09-20 14:51:51,Politics,"আওয়ামী লীগের সাধারণ সম্পাদক, সড়ক পরিবহন ও সেতুমন্ত্রী",Related,,1.0
7771,jagonews24.com,2018-09-22 19:00:23,National,মিল মালিক,Related,,1.0
7772,jagonews24.com,2018-09-22 16:00:43,National,নওগাঁ সদর থানা পুলিশের ভারপ্রাপ্ত কর্মকর্তা (ওসি),Related,,1.0
7773,independent24.com,2018-09-28 15:25:16,National,reporter,Related,,1.0
7774,independent24.com,2018-09-21 00:04:53,National,নদী দূষণ সংক্রান্ত টাস্কফোর্স,Related,,1.0
7775,bangla.bdnews24.com,2018-09-21 19:01:36,Sports,reporter,Related,,1.0
7776,bangla.thereport24.com,2018-10-04 20:04:03,Crime,দুদকের মহাপরিচালক,Related,,1.0
7777,independent24.com,2018-10-01 15:27:12,National,reporter,Related,,1.0
7779,banglatribune.com,2018-09-27 01:35:50,National,শ্রীমঙ্গল উপজেলা স্বাস্থ্য ও পরিবার পরিকল্পনা কর্মকর্তা,Related,,1.0
7781,bangla.thereport24.com,2018-09-24 11:18:04,National,দ্য রিপোর্ট ডেস্ক,Related,,1.0
7782,jagonews24.com,2018-09-25 12:24:29,National,মাদকদ্রব্য নিয়ন্ত্রণ অধিদফতরের পরিসংখ্যান,Related,,1.0
7784,bangla.bdnews24.com,2018-09-21 17:13:31,International,reporter,Related,,1.0
7785,jagonews24.com,2018-09-22 20:12:27,National,সুন্দরগঞ্জ উপজেলা নির্বাহী কর্মকর্তা (ইউএনও),Related,,1.0
7786,jagonews24.com,2018-09-25 09:24:26,National,কক্সবাজার উত্তর বন বিভাগের বিভাগীয় বন কর্মকর্তা,Related,,1.0
7787,banglatribune.com,2018-09-29 17:13:03,National,কবিরহাট থানার ভারপ্রাপ্ত কর্মকর্তা (ওসি),Related,,1.0
7788,jagonews24.com,2018-09-27 12:11:28,National,সাভার মডেল থানা পুলিশ,Related,,1.0
7790,jagonews24.com,2018-09-22 20:48:27,National,(জাসদ) সভাপতি ও তথ্যমন্ত্রী,Related,,1.0
7791,jagonews24.com,2018-09-22 16:00:36,National,ঢাকা দক্ষিণ সিটি কর্পোরেশনের (ডিএসসিসি),Related,,1.0
7792,bangla.thereport24.com,2018-10-05 18:16:08,Crime,Reporter,Related,,1.0
7794,jagonews24.com,2018-09-22 17:48:32,National,আমরা মুক্তিযোদ্ধার সন্তান,Related,,1.0
7795,independent24.com,2018-10-03 15:31:23,National,reporter,Related,,1.0
7796,banglatribune.com,2018-10-04 06:21:43,National,বিশ্ববিদ্যালয়ের বাংলা বিভাগের অধ্যাপক,Related,,1.0
7797,bangla.thereport24.com,2018-10-09 11:39:34,Crime,র‌্যাব সদর দফতরের লিগ্যাল অ্যান্ড মিডিয়া উইং পরিচালক,Related,,1.0
7803,banglatribune.com,2018-10-05 16:39:48,National,টাঙ্গাইল র‌্যাব-১২ সিপিসি-৩ কোম্পানি কমান্ডার,Related,,1.0
7804,jagonews24.com,2018-09-21 01:36:28,National,দুর্নীতি দমন কমিশন (দুদক),Related,,1.0
7805,independent24.com,2018-09-30 11:49:46,National,reporter,Related,,1.0
7806,jagonews24.com,2018-09-22 09:24:24,National,Reporter,Related,,1.0
7807,banglatribune.com,2018-09-26 17:19:43,National,টাঙ্গাইল সড়ক ও জনপথের উপবিভাগীয় প্রকৌশলী,Related,,1.0
7808,kalerkantho.com,2018-09-22 20:15:13,National,বিএনপি,Related,,1.0
7809,jagonews24.com,2018-09-23 19:00:26,Crime,সুপ্রিম কোর্টের আইনজীবী ও বিএনপির ভাইস চেয়ারম্যান,Related,,1.0
7810,banglatribune.com,2018-09-27 01:35:51,National,reporter,Related,,1.0
7811,jagonews24.com,2018-09-23 13:00:41,National,মাদক দ্রব্য নিয়ন্ত্রণ অধিদফতরের সহকারী পরিচালক,Related,,1.0
7812,independent24.com,2018-10-01 06:58:03,National,reporter,Related,,1.0
7814,banglatribune.com,2018-10-01 16:02:06,National,ঝিনাইদহ সদর সার্কেলের অতিরিক্ত পুলিশ সুপার,Related,,1.0
7815,jagonews24.com,2018-09-26 13:23:14,National,পুলিশ সুপার,Related,,1.0
7816,jagonews24.com,2018-09-20 10:36:33,National,রাষ্ট্রপতির প্রেস সচিব,Related,,1.0
7817,jagonews24.com,2018-09-20 17:12:28,National,ডিবি পুলিশ,Related,,1.0
7818,banglatribune.com,2018-09-29 22:05:33,National,রামু থানার ভারপ্রাপ্ত কর্মকর্তা (ওসি),Related,,1.0
7819,independent24.com,2018-09-20 07:48:25,National,শিক্ষামন্ত্রী,Related,,1.0
7820,bangla.bdnews24.com,2018-09-20 17:13:43,Sports,reporter,Related,,1.0
7822,jagonews24.com,2018-09-22 16:00:30,National,প্রেসিডিয়াম সদস্য আজম খান,Related,,1.0
7823,banglatribune.com,2018-09-22 18:42:37,National,আওয়ামী লীগের সাধারণ সম্পাদক এবং সড়ক পরিবহন ও সেতুমন্ত্রী,Related,,1.0
7824,jagonews24.com,2018-09-24 15:29:44,National,গাংনী থানা পুলিশের ভারপ্রাপ্ত কর্মকর্তা (ওসি),Related,,1.0
7825,bangla.thereport24.com,2018-09-25 14:19:05,Crime,কারা মহাপরিদর্শক (আইজি প্রিজন),Related,,1.0
7826,jagonews24.com,2018-09-20 22:00:25,National,বাংলাদেশ এয়ারলাইন্সের জনসংযোগ বিভাগের মহাব্যবস্থাপক,Related,,1.0
7827,bangla.thereport24.com,2018-09-24 11:55:15,Crime,ঢাকা মেডিকেল কলেজ হাসপাতাল পুলিশ ক্যাম্পের এসআই,Related,,1.0
7829,bangla.thereport24.com,2018-10-10 22:28:46,Crime,তথ্য প্রতিমন্ত্রী,Related,,1.0
7830,jagonews24.com,2018-09-21 17:12:31,National,Reporter,Related,,1.0
7831,banglatribune.com,2018-10-04 17:49:21,National,নরসিংদীর অতিরিক্ত পুলিশ সুপার,Related,,1.0
7832,jagonews24.com,2018-09-24 11:12:35,National,মাদারীপুর পুলিশ সুপার,Related,,1.0
7833,independent24.com,2018-09-24 15:21:29,National,পুলিশ,Related,,1.0
7834,banglatribune.com,2018-09-28 13:00:26,National,খাদ্যমন্ত্রী,Related,,1.0
7835,bangla.thereport24.com,2018-09-29 11:40:00,Crime,Reporter,Related,,1.0
7836,independent24.com,2018-09-20 07:48:40,National,Reporter,Related,,1.0
7837,bangla.thereport24.com,2018-10-11 16:28:55,Crime,Reporter,Related,,1.0
7838,banglatribune.com,2018-09-22 15:46:38,National,সিনিয়র সহকারী পুলিশ সুপার (শৈলকুপা সার্কেল),Related,,1.0
7839,jagonews24.com,2018-09-27 11:35:24,National,খাগড়াছড়ি পার্বত্য জেলা পরিষদের চেয়ারম্যান,Related,,1.0
7842,jagonews24.com,2018-09-25 16:36:25,Crime,অ্যাটর্নি জেনারেল,Related,,1.0
7844,kalerkantho.com,2018-09-22 22:03:40,National,আওয়ামী লীগের সাধারণ সম্পাদক,Related,,1.0
7845,jagonews24.com,2018-09-23 09:24:25,National,ভাণ্ডারিয়া থানার ওসি,Related,,1.0
7846,jagonews24.com,2018-09-27 12:47:19,National,Reporter,Related,,1.0
7847,independent24.com,2018-10-02 23:15:02,National,reporter,Related,,1.0
7848,independent24.com,2018-09-28 20:14:58,National,reporter,Related,,1.0
7849,bangla.thereport24.com,2018-09-27 18:57:12,Crime,Reporter,Related,,1.0
7850,jagonews24.com,2018-09-20 16:36:32,National,"কেন্দুয়া থানা পুলিশের ভারপ্রাপ্ত কর্মকর্তা (ওসি) , নেত্রকোনার পুলিশ সুপার (অপরাধ)",Related,,1.0
7852,banglatribune.com,2018-10-05 19:01:54,National,"মুশুরিয়া গ্রামের কার্ডধারী ,ইউপি মেম্বার,উপজেলা নির্বাহী অফিসার",Related,,1.0
7854,bangla.bdnews24.com,2018-09-20 22:01:30,International,রাজধানী সিউলে এক সংবাদ সম্মেলন,Related,,1.0
7856,jagonews24.com,2018-09-23 08:48:28,National,ঝিনাইদহ অতিরিক্ত পুলিশ সুপার,Related,,1.0
7857,jagonews24.com,2018-09-26 17:35:30,National,চরশেরপুর ইউনিয়নের চেয়ারম্যান,Related,,1.0
7858,jagonews24.com,2018-09-22 20:12:30,National,কলাপাড়া উপজেলা প্রাণিসম্পদ কর্মকর্তা,Related,,1.0
7859,jagonews24.com,2018-09-23 20:12:39,National,রাজশাহী সিটি কর্পোরেশনের মেয়র,Related,,1.0
7860,bangla.thereport24.com,2018-09-25 19:29:06,Crime,Reporter,Related,,1.0
7861,jagonews24.com,2018-09-23 18:24:32,National,কারখানা কর্তৃপক্ষ,Related,,1.0
7862,banglatribune.com,2018-09-29 23:15:15,National,চট্টগ্রাম মেডিক্যাল কলেজ (চমেক) হাসপাতাল পুলিশ ফাঁড়িতে কর্মরত এএসআই,Related,,1.0
7863,banglatribune.com,2018-09-27 18:27:48,National,হিলি স্থলবন্দরের জনসংযোগ কর্মকর্তা,Related,,1.0
7864,independent24.com,2018-10-06 15:24:28,National,reporter,Related,,1.0
7866,jagonews24.com,2018-09-22 22:00:45,National,স্পিকার ড. শিরীন শারমিন চৌধুরী,Related,,1.0
7867,jagonews24.com,2018-09-22 19:00:30,National,কিশোরগঞ্জ মডেল থানা পুলিশের ভারপ্রাপ্ত কর্মকর্তা (ওসি),Related,,1.0
7869,jagonews24.com,2018-09-22 14:48:28,National,চকবাজার থানা,Related,,1.0
7870,jagonews24.com,2018-09-21 08:48:25,National,দরবার শরীফের মহান মোর্শেদ আওলাদে রাসূল,Related,,1.0
7871,banglatribune.com,2018-09-22 19:46:21,National,প্রধানমন্ত্রীর পররাষ্ট্রবিষয়ক উপদেষ্টা,Related,,1.0
7872,banglatribune.com,2018-09-21 07:49:29,National,কৃষক শ্রমিক জনতা লীগের প্রধান,Related,,1.0
7873,kalerkantho.com,2018-09-20 16:02:30,National,পররাষ্ট্রমন্ত্রী,Related,,1.0
7874,bangla.bdnews24.com,2018-09-20 17:13:44,International,reporter,Related,,1.0
7875,bangla.thereport24.com,2018-09-24 12:33:34,National,দ্য রিপোর্ট ডেস্ক,Related,,1.0
7876,jagonews24.com,2018-09-21 03:24:28,National,নগর গোয়েন্দা পুলিশের অতিরিক্ত উপ-কমিশনার,Related,,1.0
7877,jagonews24.com,2018-09-19 20:12:24,National,প্রধানমন্ত্রী,Related,,1.0
7880,banglanews24.com,2018-09-20 20:19:11,Politics,Reporter,Related,,1.0
7881,banglatribune.com,2018-09-26 19:11:18,National,কলেজ সূত্র,Related,,1.0
7882,jagonews24.com,2018-09-20 15:24:25,National,"নিহতের স্বামী ,সিরাজগঞ্জ সদর থানার পরিদর্শক (তদন্ত)",Related,,1.0
7883,jagonews24.com,2018-09-23 05:48:28,National,ভৈরব ফায়ার সার্ভিস স্টেশনের দায়িত্বপ্রাপ্ত কর্মকর্তা,Related,,1.0
7885,samakal.com,2018-09-19 22:51:31,Politics,লিবারেল ডেমোক্রেটিক পার্টির (এলডিপি) সভাপতি,Related,,1.0
7886,jagonews24.com,2018-09-21 20:12:30,National,পল্লবী থানার ওসি,Related,,1.0
7887,kalerkantho.com,2018-09-22 14:50:22,National,পুলিশের কাউন্টার টেররিজম অ্যান্ড ট্রান্সন্যাশনাল ক্রাইম (সিটিটিসি),Related,,1.0
7888,banglatribune.com,2018-09-27 11:50:52,National,উপজেলা নির্বাচন কমিশন,Related,,1.0
7890,independent24.com,2018-10-07 16:36:22,National,গোয়েন্দা পুলিশের মুখপাত্র,Related,,1.0
7892,jagonews24.com,2018-09-22 09:24:25,National,হরিনটানা থানার ভারপ্রাপ্ত কর্মকর্তা,Related,,1.0
7893,independent24.com,2018-10-09 23:47:18,National,বাংলাদেশ মুঠোফোন গ্রাহক অ্যাসোসিয়েশন,Related,,1.0
7895,jagonews24.com,2018-09-25 19:59:08,Crime,Reporter,Related,,1.0
7896,independent24.com,2018-10-07 10:19:24,National,reporter,Related,,1.0
7897,banglatribune.com,2018-10-06 07:35:17,National,"লামা ফাঁসিয়াখালী ইউপি চেয়ারম্যান,লামা থানার ভারপ্রাপ্ত কর্মকর্তা",Related,,1.0
7898,independent24.com,2018-09-21 16:14:01,National,পুলিশ,Related,,1.0
7899,independent24.com,2018-09-29 13:37:12,National,জেলা পুলিশ,Related,,1.0
7900,bangla.thereport24.com,2018-09-28 14:03:46,Crime,"বিএনপি মিডিয়া উইংয়ের কর্মকর্তা,কর্তব্যরত রমনা থানার এসআই",Related,,1.0
7901,rtnn.net,2018-09-22 06:32:13,Politics,আওয়ামী লীগের সাধারণ সম্পাদক এবং সড়ক পরিবহন ও সেতুমন্ত্রী,Related,,1.0
7902,banglatribune.com,2018-09-20 20:33:11,National,জামালপুর পানি উন্নয়নের বোর্ড (পাউবো),Related,,1.0
7903,independent24.com,2018-10-09 17:12:37,National,আবহাওয়া অফিস,Related,,1.0
7905,jagonews24.com,2018-09-21 11:48:29,National,"গ্রামবাসী,ফারুক সি ফুডের জেনারেল ম্যানেজার,পরিবেশ অধিদফতর কর্মকর্তা",Related,,1.0
7907,bangla.bdnews24.com,2018-09-20 20:13:35,National,ফতুল্লা মডেল থানার ওসি,Related,,1.0
7908,independent24.com,2018-09-27 09:45:36,National,reporter,Related,,1.0
7909,ittefaq.com.bd,2018-09-22 17:28:06,National,জাতীয় এ্যাপ্রেনটিসশিপ সম্মেলন,Related,,1.0
7910,jagonews24.com,2018-09-23 17:12:28,National,ওয়ার্কার্স পার্টির সভাপতি ও সমাজকল্যাণমন্ত্রী,Related,,1.0
7911,jagonews24.com,2018-09-23 21:24:36,National,কাউখালী থানা পুলিশের ওসি,Related,,1.0
7912,ittefaq.com.bd,2018-09-23 18:07:14,National,রাষ্ট্রপতির প্রেস সচিব,Related,,1.0
7913,independent24.com,2018-09-22 18:40:36,National,reporter,Related,,1.0
7914,jagonews24.com,2018-09-23 22:00:58,National,উপজেলা স্বাস্থ্য কর্মকর্তা,Related,,1.0
7916,jagonews24.com,2018-09-21 08:48:24,National,পুলিশের সরাইল সার্কেলের জ্যেষ্ঠ সহকারী পুলিশ সুপার,Related,,1.0
7917,banglatribune.com,2018-09-21 21:10:05,National,অতিরিক্ত পুলিশ সুপার (সদর সার্কেল),Related,,1.0
7919,jagonews24.com,2018-09-22 00:24:29,National,মহিপুর ফিশিং বোট ও আড়ৎ মালিক সমিতির সভাপতি,Related,,1.0
7920,bangla.bdnews24.com,2018-09-21 10:01:28,International,হাডফোর্ড কাউন্টির,Related,,1.0
7921,jagonews24.com,2018-09-24 23:12:29,National,পররাষ্ট্র মন্ত্রণালয় সূত্র,Related,,1.0
7923,jagonews24.com,2018-09-20 20:12:32,National,"মনিপাড়া গ্রামের বাসিন্দা,রাঙ্গাবালী কোস্টগার্ড আউটপোস্টের কন্টিনজেন্ট কমান্ডার",Related,,1.0
7924,bangla.thereport24.com,2018-10-11 13:27:45,Crime,ডিএমপি কমিশনার,Related,,1.0
7925,banglatribune.com,2018-09-26 17:19:39,National,শাহ আমানত বিমানবন্দরের একাধিক সূত্র,Related,,1.0
7926,banglatribune.com,2018-09-20 12:05:15,National,আড়াইহাজার থানার উপপরিদর্শক,Related,,1.0
7927,banglatribune.com,2018-09-20 15:43:04,National,বেনাপোল পোর্ট থানার ভারপ্রাপ্ত,Related,,1.0
7928,independent24.com,2018-09-25 16:19:35,National,ঘাট কর্মকর্তারা,Related,,1.0
7932,jagonews24.com,2018-09-25 11:12:28,National,খুলনা সিটি কর্পোরেশনের (কেসিসি),Related,,1.0
7933,bangla.thereport24.com,2018-10-08 16:28:21,Crime,Reporter,Related,,1.0
7934,banglatribune.com,2018-09-26 19:47:32,National,সাতক্ষীরা সদর থানার ভারপ্রাপ্ত কর্মকর্তা (ওসি),Related,,1.0
7935,bangla.thereport24.com,2018-10-11 09:15:45,Crime,সাবেক স্বরাষ্ট্র প্রতিমন্ত্রী,Related,,1.0
7936,banglatribune.com,2018-09-21 15:04:51,National,হাইওয়ে পুলিশের বারআউলিয়া ফাঁড়ির পরিদর্শক,Related,,1.0
7937,independent24.com,2018-09-23 18:07:01,National,reporter,Related,,1.0
7938,independent24.com,2018-09-22 15:01:41,National,ওসমান গণির পরিবার,Related,,1.0
7940,dailynayadiganta.com,2018-10-05 21:50:24,National,ভারতীয় হাই কমিশনার,Related,,1.0
7941,banglatribune.com,2018-09-29 01:45:48,National,ডিমলা উপজেলা নির্বাহী কর্মকর্তা,Related,,1.0
7943,jagonews24.com,2018-09-20 17:48:24,National,ইঞ্জিনিয়ার্স ইনস্টিটিউশন বাংলাদেশ (আইইবি),Related,,1.0
7944,bangla.thereport24.com,2018-09-24 13:44:03,National,মহালছড়ি থানার ভারপ্রাপ্ত কর্মকর্তা (ওসি),Related,,1.0
7945,jagonews24.com,2018-09-25 08:12:28,National,সচেতনামূলক কমিউনিটি পুলিশিং সমাবেশ,Related,,1.0
7947,jagonews24.com,2018-09-26 09:11:17,National,বেনাপোল কাস্টমস চেকপোস্ট কার্গো শাখার রাজস্ব কর্মকর্তা,Related,,1.0
7948,dailynayadiganta.com,2018-10-05 17:37:22,National,স্থানীয় সূত্র,Related,,1.0
7949,bangla.bdnews24.com,2018-09-21 18:25:42,Lifestyle,reporter,Related,,1.0
7950,banglatribune.com,2018-09-23 17:27:53,Politics,"জাতীয় ঐক্য প্রক্রিয়ার আহ্বায়ক ও সমাবেশের সভাপতি,সাবেক রাষ্ট্রপতি ও যুক্তফ্রন্ট চেয়ারম্যান ,বিএনপির মহাসচিব",Related,,1.0
7952,kalerkantho.com,2018-09-21 01:01:59,National,প্রধানমন্ত্রী ও সংসদ নেতা,Related,,1.0
7954,ittefaq.com.bd,2018-09-19 20:27:19,Politics,বিএনপির সিনিয়র যুগ্ম মহাসচিব,Related,,1.0
7958,independent24.com,2018-09-25 13:15:30,National,ফায়ার সার্ভিস,Related,,1.0
7959,bangla.thereport24.com,2018-10-05 15:16:28,Crime,Reporter,Related,,1.0
7960,banglatribune.com,2018-09-28 15:26:03,National,জয়দেবপুর ফায়ার সার্ভিসের সিনিয়র স্টেশন অফিসার,Related,,1.0
7961,banglatribune.com,2018-09-29 03:22:52,National,নওগাঁ সদর থানার ভারপ্রাপ্ত কর্মকর্তা,Related,,1.0
7963,banglatribune.com,2018-10-03 16:38:09,National,মাদকদ্রব্য নিয়ন্ত্রণ অধিদফতরের উপ-পরিচালক (চট্ট-মেট্রো),Related,,1.0
7964,bangla.thereport24.com,2018-10-02 18:52:39,Crime,Reporter,Related,,1.0
7965,jagonews24.com,2018-09-25 13:36:27,National,সদর থানা পুলিশের ভারপ্রাপ্ত কর্মকর্তা (ওসি),Related,,1.0
7967,jagonews24.com,2018-09-22 17:48:25,National,পবা হাইওয়ে পুলিশের ইনচার্জ (শিবপুরহাট ফাঁড়ি),Related,,1.0
7968,bangla.bdnews24.com,2018-09-21 22:01:23,Sports,reporter,Related,,1.0
7970,kalerkantho.com,2018-09-22 18:26:03,National,সমাজকল্যাণ মন্ত্রী,Related,,1.0
7971,jagonews24.com,2018-09-24 19:36:35,National,ব্রাহ্মণবাড়িয়া সদর উপজেলা সহকারী কমিশনার (ভূমি),Related,,1.0
7972,jagonews24.com,2018-09-26 15:11:32,National,বগুড়া জেলা গোয়েন্দা,Related,,1.0
7973,jagonews24.com,2018-09-22 16:00:40,National,অর্থমন্ত্রী,Related,,1.0
7974,independent24.com,2018-09-20 07:12:39,Politics,আওয়ামী লীগের সাধারণ সম্পাদক এবং সড়ক পরিবহন ও সেতুমন্ত্রী,Related,,1.0
7975,jagonews24.com,2018-09-26 11:35:19,National,টেকনাফ মডেল থানা পুলিশের ভারপ্রাপ্ত কর্মকর্তা,Related,,1.0
7977,banglatribune.com,2018-10-03 05:47:50,Politics,"সাবেক রাষ্ট্রপতি ও বিকল্পধারার প্রেসিডেন্ট,বিকল্প ধারার যুগ্ম মহাসচিব",Related,,1.0
7978,bangla.thereport24.com,2018-09-24 09:29:12,National,বাসস,Related,,1.0
7979,banglatribune.com,2018-09-27 06:56:58,National,বিশ্বম্ভরপুর থানার ভারপ্রাপ্ত কর্মকর্তা (ওসি),Related,,1.0
7980,independent24.com,2018-09-21 18:04:02,National,reporter,Related,,1.0
7982,bangla.thereport24.com,2018-09-24 10:41:57,National,সীতাকুণ্ড হাইওয়ে পুলিশের অফিসার ইনচার্জ (ওসি),Related,,1.0
7983,jagonews24.com,2018-09-21 13:00:30,National,"গোবিন্দপুর গ্রামের কৃষক, চাঁদপুর গ্রামের কৃষক, নওগাঁ সদর উপজেলা কৃষি কর্মকর্তা",Related,,1.0
7984,banglatribune.com,2018-09-30 02:12:32,National,চৌদ্দগ্রাম থানার ভারপ্রাপ্ত কর্মকর্তা,Related,,1.0
7985,banglatribune.com,2018-09-21 21:45:07,National,পূর্ব চন্দ্রপুর মডেল ইউনিয়নের মেম্বর,Related,,1.0
7986,bangla.thereport24.com,2018-10-11 14:03:31,Crime,বিচারক,Related,,1.0
7987,bangla.thereport24.com,2018-10-05 18:16:12,Crime,"শাহবাগ থানার ওসি,দুর্নীতি দমন কমিশনের চেয়ারম্যান",Related,,1.0
7988,jagonews24.com,2018-09-22 16:36:29,National,শিক্ষা প্রতিমন্ত্রী,Related,,1.0
7989,bangla.thereport24.com,2018-10-03 12:16:57,Crime,"নিহতের রুমমেট, ঢাকা মেডিকেল কলেজ হাসপাতালের জরুরি বিভাগের দায়িত্বরত চিকিৎসক , ঢাকা মেডিকেল পুলিশ বক্স",Related,,1.0
7990,bangla.thereport24.com,2018-09-29 18:17:41,Crime,"মৃত সিরাজুলের শ্যালক,ঢামেক হাসপাতাল পুলিশ ক্যাম্পের উপ-পরিদর্শক (এসআই)",Related,,1.0
7991,bangla.thereport24.com,2018-09-23 16:43:03,Politics,Reporter,Related,,1.0
7993,banglatribune.com,2018-10-01 20:13:54,National,বরিশাল জেলা মৎস্য কর্মকর্তা (ইলিশ),Related,,1.0
7994,jagonews24.com,2018-09-23 14:12:33,National,নিয়ামতপুর উপজেলা নির্বাহী কর্মকর্তা,Related,,1.0
7995,independent24.com,2018-10-08 09:24:06,National,reporter,Related,,1.0
7996,kalerkantho.com,2018-09-21 04:37:48,National,Reporter,Related,,1.0
7998,independent24.com,2018-10-02 23:15:02,National,reporter,Related,,1.0
8000,banglatribune.com,2018-09-28 01:37:05,National,জেলা প্রশাসন,Related,,1.0
8001,independent24.com,2018-09-20 07:12:39,National,Reporter,Related,,1.0
8002,ittefaq.com.bd,2018-09-19 19:15:18,Politics,নৌপরিবহন মন্ত্রী,Related,,1.0
8003,jagonews24.com,2018-09-20 19:00:25,National,Reporter,Related,,1.0
8005,independent24.com,2018-09-22 16:15:07,National,reporter,Related,,1.0
8006,independent24.com,2018-09-21 16:49:12,National,প্রত্যক্ষদর্শীরা+নাঙ্গলকোট থানার তদন্ত কর্মকর্তা,Related,,1.0
8007,independent24.com,2018-10-11 16:37:16,National,reporter,Related,,1.0
8008,banglatribune.com,2018-09-21 21:05:18,National,নৌপরিবহনমন্ত্রী,Related,,1.0
8009,independent24.com,2018-09-22 08:24:54,National,Reporter,Related,,1.0
8013,bangla.bdnews24.com,2018-09-20 22:37:37,Editorial,জনপ্রশাসন মন্ত্রণালয়,Related,,1.0
8014,banglatribune.com,2018-10-03 12:26:47,National,ফায়ার সার্ভিসের উপপরিচালক,Related,,1.0
8015,bangla.thereport24.com,2018-10-11 09:15:56,Crime,Reporter,Related,,1.0
8016,jagonews24.com,2018-09-26 00:11:17,National,জাজিরা থানা পুলিশের ভারপ্রাপ্ত কর্মকর্তা (ওসি),Related,,1.0
8017,independent24.com,2018-09-24 11:31:47,National,reporter,Related,,1.0
8018,jagonews24.com,2018-09-22 12:24:34,National,একুশে পরিষদ’র ২৫ বছর পূর্তিতে মৎস্যমানবের এ ডুব প্রদর্শন,Related,,1.0
8019,banglatribune.com,2018-10-06 11:50:49,National,Reporter,Related,,1.0
8020,jagonews24.com,2018-09-26 09:47:17,National,বাঘা থানার ভারপ্রাপ্ত কর্মকর্তা,Related,,1.0
8021,kalerkantho.com,2018-09-23 20:15:23,National,আওয়ামী লীগের সাধারণ সম্পাদক এবং সড়ক পরিবহন ও সেতুমন্ত্রী,Related,,1.0
8022,banglanews24.com,2018-09-19 21:42:50,Politics,Reporter,Related,,1.0
8023,bangla.bdnews24.com,2018-09-21 21:25:37,National,রাশিয়ার উপ-পররাষ্ট্রমন্ত্রী,Related,,1.0
8025,banglatribune.com,2018-10-01 23:47:39,National,জেলা জামায়াতের আমির,Related,,1.0
8027,jagonews24.com,2018-09-21 20:12:26,National,"পরিবেশ কর্মী ,কুলাউড়া উপজেলা উৎস কর্মকর্তা ,জেলা মৎস্য কর্মকর্তা",Related,,1.0
8029,independent24.com,2018-09-28 11:14:30,National,reporter,Related,,1.0
8030,banglatribune.com,2018-10-04 19:00:54,National,"বিশ্ববিদ্যালয় থানার ভারপ্রাপ্ত কর্মকর্তা, প্রত্যক্ষদর্শী",Related,,1.0
8031,bangla.bdnews24.com,2018-09-21 22:01:21,International,যুক্তরাষ্ট্র প্রবাসী,Related,,1.0
8032,banglatribune.com,2018-10-04 08:47:20,National,Reporter,Related,,1.0
8033,jagonews24.com,2018-09-21 10:00:27,National,ঢাকা মহানগর পুলিশ,Related,,1.0
8035,jagonews24.com,2018-09-20 00:24:28,National,বাসন থানা পুলিশের ভারপ্রাপ্ত কর্মকর্তা (ওসি),Related,,1.0
8036,bangla.bdnews24.com,2018-09-20 18:25:30,Technology,টেলিযোগাযোগ সেবাদাতা প্রতিষ্ঠান বাংলালিংক,Related,,1.0
8037,banglatribune.com,2018-09-28 19:39:55,National,কক্সবাজার জেলার অতিরিক্ত পুলিশ সুপার,Related,,1.0
8039,independent24.com,2018-09-22 19:50:56,National,reporter,Related,,1.0
8040,independent24.com,2018-09-30 08:12:07,National,ঢাকা উত্তর সিটির প্যানেল মেয়র,Related,,1.0
8042,jagonews24.com,2018-09-25 18:47:09,National,কালীগঞ্জের জাঙ্গালিয়া ইউনিয়নের ইউপি সদস্য,Related,,1.0
8043,jagonews24.com,2018-09-22 21:24:22,National,পরিকল্পনামন্ত্রী,Related,,1.0
8044,jagonews24.com,2018-09-23 17:12:22,National,reporter,Related,,1.0
8045,independent24.com,2018-09-21 14:26:51,National,Reporter,Related,,1.0
8046,jagonews24.com,2018-09-20 16:00:39,National,কাস্টমস কমিশনার,Related,,1.0
8049,banglatribune.com,2018-10-08 16:02:12,Politics,উদ্যোগের সংকটকালীন সদস্য,Related,,1.0
8050,independent24.com,2018-09-29 12:27:24,National,reporter,Related,,1.0
8051,banglatribune.com,2018-09-28 20:17:10,National,পানি উন্নয়ন বোর্ডের (পাউবো),Related,,1.0
8052,jagonews24.com,2018-09-26 18:47:26,National,Reporter,Related,,1.0
8053,banglatribune.com,2018-10-05 22:38:26,National,ডিমলা উপজেলা নির্বাচন কর্মকর্তা,Related,,1.0
8055,ittefaq.com.bd,2018-09-22 09:01:23,National,Reporter,Related,,1.0
8059,independent24.com,2018-09-27 08:04:27,Finance,থানার ভারপ্রাপ্ত কর্মকর্তা,Related,,1.0
8060,jagonews24.com,2018-09-23 10:36:28,National,রাষ্ট্রপতির প্রেস সচিব,Related,,1.0
8061,independent24.com,2018-10-05 23:48:40,National,পুলিশ,Related,,1.0
8062,dailynayadiganta.com,2018-10-06 11:37:14,National,Reporter,Related,,1.0
8063,banglatribune.com,2018-09-29 21:26:51,National,হরিরামপুর থানার ভারপ্রাপ্ত কর্মকর্তা (ওসি),Related,,1.0
8064,jagonews24.com,2018-09-23 01:36:33,National,অ্যাটর্নি জেনারেল,Related,,1.0
8065,jagonews24.com,2018-09-23 11:48:38,National,চট্টগ্রাম মেডিকেল কলেজ (চমেক) হাসপাতাল পুলিশ ফাঁড়ির সহকারী উপ-পরিদর্শক,Related,,1.0
8067,jagonews24.com,2018-09-25 21:11:13,National,সদর দক্ষিণ থানা পুলিশের ওসি,Related,,1.0
8069,independent24.com,2018-09-20 22:15:57,National,reporter,Related,,1.0
8072,independent24.com,2018-10-08 21:25:47,National,reporter,Related,,1.0
8073,bangla.thereport24.com,2018-10-02 12:16:36,Crime,দুর্নীতি দমন কমিশনের  জনসংযোগ কর্মকর্তা,Related,,1.0
8074,banglatribune.com,2018-10-03 12:26:50,National,বগুড়া সাংবাদিক ইউনিয়নের (বিইউজে) নেতারা,Related,,1.0
8075,independent24.com,2018-09-28 12:25:05,National,reporter,Related,,1.0
8076,independent24.com,2018-09-23 08:25:17,National,গণফোরাম সভাপতি,Related,,1.0
8077,banglatribune.com,2018-09-22 12:07:18,National,আইনমন্ত্রী,Related,,1.0
8079,banglatribune.com,2018-09-23 10:19:36,National,সহকারী পুলিশ সুপার,Related,,1.0
8080,independent24.com,2018-09-21 14:26:51,National,পররাষ্ট্রমন্ত্রী,Related,,1.0
8082,banglatribune.com,2018-09-28 21:28:16,National,reporter,Related,,1.0
8083,bangla.bdnews24.com,2018-09-21 11:49:23,National,পীরগঞ্জ থানার ওসি,Related,,1.0
8084,banglatribune.com,2018-09-22 19:27:58,National,আওয়ামী লীগের সাধারণ সম্পাদক এবং সড়ক পরিবহন ও সেতুমন্ত্রী,Related,,1.0
8085,banglatribune.com,2018-09-28 20:18:05,National,কামারখন্দ সার্কেল অফিসের সিনিয়র সহকারী পুলিশ সুপার,Related,,1.0
8086,banglatribune.com,2018-09-22 17:39:58,National,সদর থানার ওসি,Related,,1.0
8087,jagonews24.com,2018-09-23 17:12:31,National,বেনাপোল স্থল বন্দরের পরিচালক (ট্রাফিক),Related,,1.0
8089,jagonews24.com,2018-09-24 10:00:29,National,লক্ষ্মীপুর জেলা পরিষদের প্রধান নির্বাহী কর্মকর্তা,Related,,1.0
8090,jagonews24.com,2018-09-20 23:12:28,National,বিরোধীদলীয় নেতা,Related,,1.0
8092,jagonews24.com,2018-09-23 19:36:26,National,আদিতমারী থানা পুলিশের ভারপ্রাপ্ত কর্মকর্তা (ওসি),Related,,1.0
8093,independent24.com,2018-09-20 14:28:35,National,সাইবার বিশেষজ্ঞ,Related,,1.0
8094,independent24.com,2018-09-29 14:50:25,National,reporter,Related,,1.0
8095,jagonews24.com,2018-09-21 13:36:27,National,চাঁদপুরের ফরিদগঞ্জ উপজেলার স্বাস্থ্য ও পরিবার পরিকল্পনা কর্মকর্তা,Related,,1.0
8096,jagonews24.com,2018-09-22 19:36:30,National,পুলিশ সুপার,Related,,1.0
8098,independent24.com,2018-09-22 15:37:54,National,আইনশৃঙ্খলা বাহিনী,Related,,1.0
8099,jagonews24.com,2018-09-20 19:00:34,National,"পাবনা সদর থানা পুলিশের ভারপাপ্ত কর্মকর্তা (ওসি), জেলা প্রশাসক",Related,,1.0
8101,dailynayadiganta.com,2018-10-05 17:37:25,National,তাড়াশ থানার ওসি,Related,,1.0
8102,banglatribune.com,2018-09-20 18:08:00,National,সদর থানার ভারপ্রাপ্ত কর্মকর্তা (ওসি),Related,,1.0
8103,banglatribune.com,2018-09-28 20:18:02,Politics,ইসলামী আন্দোলন বাংলাদেশের আমির ও চরমোনাই পীর মুফতি,Related,,1.0
8105,jagonews24.com,2018-09-22 17:48:27,National,সদর থানা পুলিশের ভারপ্রাপ্ত কর্মকর্তা (ওসি),Related,,1.0
8106,independent24.com,2018-10-04 15:27:05,National,পুলিশ,Related,,1.0
8107,banglatribune.com,2018-09-27 16:42:37,National,আলমডাঙ্গা থানার ওসি (তদন্ত),Related,,1.0
8110,banglatribune.com,2018-09-22 11:27:45,National,নাইক্ষ্যংছ‌ড়ি থানার ভারপ্রাপ্ত কর্মকর্তা (ওসি),Related,,1.0
8111,bangla.thereport24.com,2018-10-11 14:03:49,Crime,Reporter,Related,,1.0
8112,kalerkantho.com,2018-09-24 08:49:43,Crime,প্রধান বিচারপতি,Related,,1.0
8113,jagonews24.com,2018-09-23 14:48:31,Crime,আইনজীবী,Related,,1.0
8117,bangla.thereport24.com,2018-10-02 12:16:35,Crime,Reporter,Related,,1.0
8118,banglatribune.com,2018-10-01 10:37:35,National,হবিগঞ্জ সদর মডেল থানার ভারপ্রাপ্ত কর্মকর্তা (ওসি–তদন্ত),Related,,1.0
8119,dailynayadiganta.com,2018-10-05 17:37:28,National,দামুড়হুদা মডেল থানার ওসি,Related,,1.0
8120,ittefaq.com.bd,2018-09-21 16:14:14,National,Reporter,Related,,1.0
8121,samakal.com,2018-09-19 21:38:15,Politics,বিএনপির সিনিয়র যুগ্ম মহাসচিব,Related,,1.0
8122,jagonews24.com,2018-09-24 17:48:24,National,কোতোয়ালি থানা পুলিশের এসআই,Related,,1.0
8123,banglatribune.com,2018-09-27 14:16:14,National,রাবি উপাচার্য,Related,,1.0
8124,independent24.com,2018-10-02 10:36:03,National,পুলিশ,Related,,1.0
8125,bangla.thereport24.com,2018-10-01 12:16:37,Crime,"দগ্ধ তাছমিমের স্বামী,মোহাম্মদপুর থানার ভারপ্রাপ্ত কর্মকর্তা (ওসি)",Related,,1.0
8126,banglatribune.com,2018-09-29 22:39:16,National,গণ-সংহতি আন্দোলনের প্রধান সমন্বয়ক  জোনায়েদ সাকি,Related,,1.0
8127,bangla.thereport24.com,2018-10-05 15:16:25,Crime,Reporter,Related,,1.0
8128,jagonews24.com,2018-09-23 20:12:41,National,reporter,Related,,1.0
8130,jagonews24.com,2018-09-25 21:11:08,National,জাগো নিউজের মফস্বল ইনচার্জ ও সহকারী বার্তা সম্পাদক,Related,,1.0
8132,kalerkantho.com,2018-09-22 10:37:43,National,Reporter,Related,,1.0
8134,independent24.com,2018-09-23 18:07:00,National,তথ্যমন্ত্রী,Related,,1.0
8135,banglatribune.com,2018-09-26 23:52:56,National,রংপুর-৫১ বিজিবি ব্যাটালিয়ন,Related,,1.0
8136,jagonews24.com,2018-09-24 20:48:25,National,ফরিদপুরের জেলা ও দায়রা জজ,Related,,1.0
8137,jagonews24.com,2018-09-25 17:12:31,National,সাতক্ষীরা গোয়েন্দা পুলিশের ভারপ্রাপ্ত কর্মকর্তা (ওসি),Related,,1.0
8139,bangla.bdnews24.com,2018-09-21 17:49:33,National,মডেল থানার ওসি,Related,,1.0
8140,banglatribune.com,2018-09-28 23:51:01,National,reporter,Related,,1.0
8141,jagonews24.com,2018-09-21 16:00:30,National,"আলিপুর ইউনিয়ন যুবলীগের সভাপতি ,দেবহাটা থানার ভারপ্রাপ্ত কর্মকর্তা (ওসি)",Related,,1.0
8142,rtnn.net,2018-09-22 06:32:11,Politics,Reporter,Related,,1.0
8143,rtnn.net,2018-09-22 07:44:09,Politics,আইনজীবী,Related,,1.0
8144,independent24.com,2018-10-02 15:33:41,National,reporter,Related,,1.0
8145,jagonews24.com,2018-09-20 18:24:23,National,জাতীয় সংসদের ডেপুটি স্পিকার,Related,,1.0
8146,bangla.bdnews24.com,2018-09-20 20:00:31,National,reporter,Related,,1.0
8148,independent24.com,2018-10-02 12:25:50,National,reporter,Related,,1.0
8149,banglatribune.com,2018-09-27 13:39:33,National,বিজিবি হিলির বাসুদেবপুর কোম্পানি কমান্ডার সুবেদার,Related,,1.0
8150,independent24.com,2018-09-23 15:41:32,National,অর্থমন্ত্রী,Related,,1.0
8151,banglatribune.com,2018-09-20 16:16:39,Politics,বিএনপিপন্থী আইনজীবীদের একটি প্রতিনিধি দল,Related,,1.0
8153,independent24.com,2018-10-01 23:13:11,National,পুলিশ,Related,,1.0
8154,jagonews24.com,2018-09-22 20:12:31,National,নৌপরিবহন মন্ত্রী,Related,,1.0
8155,bd24live.com,2018-09-20 17:52:49,Politics,বিএনপির ভাইস-চেয়ারম্যান,Related,,1.0
8156,banglatribune.com,2018-09-26 18:31:49,National,সদর থানার এসআই,Related,,1.0
8157,jagonews24.com,2018-09-21 16:00:34,National,"নেত্রকোনার পুলিশ সুপার (অপরাধ),কেন্দুয়া থানা পুলিশের ভারপ্রাপ্ত কর্মকর্তা (ওসি)",Related,,1.0
8159,jagonews24.com,2018-09-20 17:48:23,National,স্বাস্থ্যমন্ত্রী,Related,,1.0
8161,independent24.com,2018-09-24 15:54:48,National,reporter,Related,,1.0
8163,jagonews24.com,2018-09-23 09:24:25,National,আবহাওয়ার পূর্বাভাস,Related,,1.0
8164,jagonews24.com,2018-09-21 10:36:30,National,আবহাওয়া অধিদফতর,Related,,1.0
8165,independent24.com,2018-10-06 18:23:07,International,গণপূর্ত বিভাগ,Related,,1.0
8166,jagonews24.com,2018-09-22 13:00:22,National,পুলিশের কাউন্টার টেররিজম অ্যান্ড ট্রান্সন্যাশনাল ক্রাইম (সিটিটিসি) ইউনিটের প্রধান,Related,,1.0
8167,independent24.com,2018-09-24 07:48:36,National,reporter,Related,,1.0
8168,dailynayadiganta.com,2018-10-05 18:13:38,National,মনোহরদী উপজেলা কৃষি অফিসার,Related,,1.0
8169,jagonews24.com,2018-09-25 19:23:17,National,নওগাঁ ইউনিয়ন পরিষদের চেয়ারম্যান,Related,,1.0
8170,jagonews24.com,2018-09-22 18:24:28,National,ভালোবাসি গাইবান্ধা’ নামে একটি সংগঠন,Related,,1.0
8171,banglatribune.com,2018-09-26 16:13:53,National,বেগমগঞ্জ থানার ওসি,Related,,1.0
8173,jagonews24.com,2018-09-23 20:12:37,National,তথ্যপ্রযুক্তি প্রতিষ্ঠান,Related,,1.0
8174,banglatribune.com,2018-09-27 20:26:29,National,বাংলা ট্রিবিউন,Related,,1.0
8175,banglatribune.com,2018-10-06 08:48:03,National,বঙ্গবন্ধু সেতু পশ্চিম থানার ওসি,Related,,1.0
8176,bangla.thereport24.com,2018-09-25 14:19:08,Crime,Reporter,Related,,1.0
8177,kalerkantho.com,2018-09-23 13:02:27,National,সম্পাদক পরিষদ,Related,,1.0
8178,jagonews24.com,2018-09-24 16:36:31,National,জেলা পরিষদ চেয়ারম্যান,Related,,1.0
8179,jagonews24.com,2018-09-22 10:00:30,National,লক্ষ্মীপুর সদর মডেল থানার ভারপ্রাপ্ত কর্মকর্তা (ওসি),Related,,1.0
8182,independent24.com,2018-09-30 16:36:48,National,র‍্যাবের কমান্ডার,Related,,1.0
8183,jagonews24.com,2018-09-23 16:00:40,National,হিন্দু-বৌদ্ধ-খ্রিস্টান ঐক্য পরিষদ,Related,,1.0
8184,banglatribune.com,2018-09-30 18:26:19,National,পুলিশ ক্যাম্পের ইনচার্জ উপ-পরিদর্শক (এসআই),Related,,1.0
8185,independent24.com,2018-09-28 22:41:59,National,reporter,Related,,1.0
8187,independent24.com,2018-10-06 18:23:07,National,reporter,Related,,1.0
8188,bangla.thereport24.com,2018-09-29 18:17:30,Crime,খালেদা জিয়ার আইনজীবী,Related,,1.0
8189,banglatribune.com,2018-09-20 23:37:01,National,বাঞ্ছারামপুর থানার (ওসি),Related,,1.0
8191,jagonews24.com,2018-09-23 17:48:27,National,ঢাকা মহানগর পুলিশের তেজগাঁও বিভাগের অতিরিক্ত উপ-পুলিশ কমিশনার,Related,,1.0
8192,bangla.thereport24.com,2018-09-25 13:05:37,National,"র‌্যাবের গণমাধ্যম শাখার পরিচালক, মাদারীপুর পুলিশ সুপার",Related,,1.0
8193,jagonews24.com,2018-09-24 17:12:23,National,শহীদ তাজউদ্দীন আহমদ মেডিকেল কলেজ হাসপাতালে চিকিৎসক,Related,,1.0
8194,jagonews24.com,2018-09-22 12:24:30,National,প্রধান নির্বাচন কমিশনার (সিইসি),Related,,1.0
8195,jagonews24.com,2018-09-21 16:36:30,National,Reporter,Related,,1.0
8197,bangla.thereport24.com,2018-09-23 17:56:03,Crime,বিএনপির মহাসচিব,Related,,1.0
8198,jagonews24.com,2018-09-20 20:12:33,National,ইআরডি সচিব,Related,,1.0
8199,banglatribune.com,2018-10-05 22:05:21,National,কুন্দাহাট ফাঁড়ির ইনচার্জ উপপরিদর্শক (এসআই),Related,,1.0
8200,independent24.com,2018-09-21 11:27:04,National,পুলিশ,Related,,1.0
8201,bangla.thereport24.com,2018-10-09 17:40:13,Crime,মন্ত্রিপরিষদ সচিব,Related,,1.0
8202,banglatribune.com,2018-09-26 21:02:17,National,বাংলা ট্রিবিউন,Related,,1.0
8203,jagonews24.com,2018-09-21 17:12:29,National,আখাউড়া রেলওয়ে থানা পুলিশের ভারপ্রাপ্ত কর্মকর্তা (ওসি),Related,,1.0
8204,independent24.com,2018-09-28 11:14:28,National,reporter,Related,,1.0
8205,banglatribune.com,2018-09-28 19:06:31,National,পরিদর্শক (তদন্ত),Related,,1.0
8206,jagonews24.com,2018-09-23 20:48:30,National,আইনমন্ত্রী,Related,,1.0
8207,rtnn.net,2018-09-22 07:44:11,Politics,বিএনপির সিনিয়র যুগ্ম মহাসচিব,Related,,1.0
8208,ittefaq.com.bd,2018-09-22 20:30:02,National,reporter,Related,,1.0
8210,independent24.com,2018-10-04 14:11:01,National,reporter,Related,,1.0
8212,jagonews24.com,2018-09-26 16:59:18,National,নাগরপুর থানা পুলিশের ভারপ্রাপ্ত কর্মকর্তা,Related,,1.0
8213,jagonews24.com,2018-09-22 15:24:27,National,সিদ্ধিরগঞ্জ থানার পরিদর্শক (তদন্ত),Related,,1.0
8215,banglatribune.com,2018-10-03 19:01:41,National,"স্থানীয় ইউপি সদস্য,শিবগঞ্জ থানার এসআই",Related,,1.0
8216,bangla.thereport24.com,2018-09-26 22:02:37,Crime,দুদকের জনসংযোগ কর্মকর্তা,Related,,1.0
8217,banglatribune.com,2018-10-04 10:35:57,National,Reporter,Related,,1.0
8219,independent24.com,2018-09-29 17:50:00,National,পুলিশ,Related,,1.0
8220,kalerkantho.com,2018-09-23 11:50:24,National,বাংলা একাডেমির আবদুল করিম সাহিত্যবিশারদ মিলনায়তনে চন্দ্রাবতী শিশুসাহিত্য উৎসব,Related,,1.0
8222,independent24.com,2018-10-07 22:08:17,National,reporter,Related,,1.0
8224,jagonews24.com,2018-09-23 14:12:29,National,জনপ্রশাসন মন্ত্রণালয়,Related,,1.0
8225,independent24.com,2018-10-06 14:48:05,National,reporter,Related,,1.0
8229,jagonews24.com,2018-09-24 16:00:40,National,মোগলাবাজার থানা পুলিশের ভারপ্রাপ্ত কর্মকর্তা (ওসি),Related,,1.0
8230,kalerkantho.com,2018-09-21 17:14:09,National,দুর্নীতি দমন কমিশনের (দুদক) আইনজীবী,Related,,1.0
8232,banglatribune.com,2018-10-05 14:11:50,National,সৈয়দপুর থানার ভারপ্রাপ্ত কর্মকর্তা (ওসি),Related,,1.0
8233,jagonews24.com,2018-09-20 20:12:33,National,ডিএমপি কমিশনার,Related,,1.0
8234,banglatribune.com,2018-09-27 16:42:41,National,জেলা পূজা উদযাপন পরিষদের সভাপতি,Related,,1.0
8235,banglatribune.com,2018-09-20 16:51:03,National,চট্টগ্রাম  ছাত্রলীগ,Related,,1.0
8236,ittefaq.com.bd,2018-09-22 21:06:08,National,প্রধানমন্ত্রীর পররাষ্ট্র বিষয়ক উপদেষ্টা,Related,,1.0
8237,bangla.thereport24.com,2018-10-09 11:04:02,Crime,উত্তরা পূর্ব থানার উপপরিদর্শক (এসআই),Related,,1.0
8238,independent24.com,2018-09-25 10:50:00,National,reporter,Related,,1.0
8239,banglatribune.com,2018-09-28 18:26:28,National,reporter,Related,,1.0
8241,banglatribune.com,2018-10-01 00:59:41,National,চাঁদপুর নৌ পুলিশের উপ-পরিদর্শক,Related,,1.0
8243,jagonews24.com,2018-09-23 08:12:26,National,রাষ্ট্রপতি,Related,,1.0
8244,independent24.com,2018-09-30 10:36:09,National,reporter,Related,,1.0
8245,independent24.com,2018-09-23 13:17:02,National,reporter,Related,,1.0
8247,jagonews24.com,2018-09-20 17:48:22,National,"এলাকাবাসী ও পুলিশ,রূপসা থানার ভারপ্রাপ্ত কর্মকর্তা (ওসি)",Related,,1.0
8248,bangla.bdnews24.com,2018-09-20 18:25:29,Lifestyle,পরিবার ও সম্পর্কবিষয়ক একটি ওয়েবসাইট,Related,,1.0
8249,independent24.com,2018-10-07 09:23:46,National,reporter,Related,,1.0
8250,jagonews24.com,2018-09-25 15:24:26,National,reporter,Related,,1.0
8251,kalerkantho.com,2018-09-20 22:02:00,National,যুক্তরাষ্ট্রের ডিপার্টমেন্ট অব স্টেট,Related,,1.0
8252,jagonews24.com,2018-09-21 12:24:32,National,"চতরা ইউপি চেয়ারম্যান ,পীরগঞ্জ থানা পুলিশের ভারপ্রাপ্ত কর্মকর্তা",Related,,1.0
8253,bangla.bdnews24.com,2018-09-20 23:49:23,Finance,reporter,Related,,1.0
8255,banglatribune.com,2018-09-26 23:23:27,National,জুডিশিয়াল ম্যাজিস্ট্রেট  আদালত,Related,,1.0
8256,bangla.bdnews24.com,2018-09-21 14:49:17,National,ফায়ার সার্ভিস কুমিরা স্টেশনের জ্যেষ্ঠ কর্মকর্তা,Related,,1.0
8257,banglatribune.com,2018-09-29 20:14:32,National,হিলি স্থলবন্দর আমদানি-রফতানিকারক গ্রুপের সভাপতি,Related,,1.0
8258,banglatribune.com,2018-09-29 22:39:14,National,চট্টগ্রাম মেডিক্যাল কলেজ (চমেক) হাসপাতাল পুলিশ ফাঁড়িতে কর্মরত এএসআই,Related,,1.0
8259,independent24.com,2018-10-02 22:39:07,National,পুলিশ,Related,,1.0
8260,independent24.com,2018-10-09 17:12:36,National,reporter,Related,,1.0
8261,jagonews24.com,2018-09-20 18:24:22,National,"সদর থানা পুলিশ ও স্থানীয় সূত্র,সদর থানা পুলিশের ভারপ্রাপ্ত কর্মকর্তা (ওসি)",Related,,1.0
8262,bangla.bdnews24.com,2018-09-20 23:13:50,International,বিবিসি,Related,,1.0
8263,jagonews24.com,2018-09-23 11:12:27,National,দেবপুড় ফাঁড়ী ইনচার্জ ইন্সপেক্টর,Related,,1.0
8265,jagonews24.com,2018-09-24 13:36:25,National,বান্দরবানে রাজবিহারের অধ্যক্ষ,Related,,1.0
8266,jagonews24.com,2018-09-23 19:36:27,National,নারায়ণগঞ্জ জেলা পুলিশের অতিরিক্ত পুলিশ সুপার,Related,,1.0
8267,independent24.com,2018-09-21 14:26:51,National,"ডাক, টেলিযোগাযোগ ও তথ্যপ্রযুক্তিমন্ত্রী",Related,,1.0
8268,bangla.thereport24.com,2018-09-23 12:29:50,Entertainment,writter,Related,,1.0
1,channeldhaka.news,2019-03-14T13:34:14+00:00,International,Reporter,Unrelated,Satire,0.0
2,earki.com,"সেম্বর ১৭, ২০১৮ ",Miscellaneous,Reporter,Unrelated,Satire,0.0
3,earki.com,"২০:৩৯, জানুয়ারি ১৪, ২০১৯ ",Miscellaneous,Reporter,Unrelated,Satire,0.0
4,channeldhaka.news,2018-06-30T15:56:47+00:00,Sports,Reporter,Unrelated,Satire,0.0
5,motikontho.wordpress.com,2013-03-05T21:55:45+00:00,Miscellaneous,Reporter,Unrelated,Satire,0.0
6,channeldhaka.news,2018-12-24T18:17:50+00:00,Miscellaneous,Reporter,Unrelated,Satire,0.0
7,earki.com,2019-03-14T02:33:32+00:00,Miscellaneous,Reporter,Unrelated,Satire,0.0
8,motikontho.wordpress.com,2011-06-19T07:12:21+00:00,Miscellaneous,Reporter,Unrelated,Satire,0.0
10,bengaliviralnews.com,2018-01-03T17:21:14+00:00,Miscellaneous,Reporter,Unrelated,Clickbaits,0.0
11,motikontho.wordpress.com,2015-02-22T14:45:30+00:00,Miscellaneous,Reporter,Unrelated,Satire,0.0
12,channeldhaka.news,2019-06-01T16:20:20+00:00,Miscellaneous,Reporter,Unrelated,Satire,0.0
13,motikontho.wordpress.com,2013-06-29T07:38:35+00:00,Miscellaneous,Reporter,Unrelated,Satire,0.0
14,bengalbeats.com,2019-06-10T13:36:26+00:00,Miscellaneous,Reporter,Unrelated,Satire,0.0
15,motikontho.wordpress.com,2014-02-25T15:54:40+00:00,Sports,Reporter,Unrelated,Satire,0.0
16,channeldhaka.news,2019-05-20T03:33:53+00:00,Miscellaneous,Reporter,Unrelated,Satire,0.0
17,channeldhaka.news,2019-05-06T01:46:56+00:00,Miscellaneous,Reporter,Unrelated,Satire,0.0
18,channeldhaka.news,2017-12-27T11:15:51+00:00,Lifestyle,Reporter,Unrelated,Satire,0.0
19,earki.com,"সেম্বর ০৮, ২০১৮ ",Miscellaneous,Reporter,Related,Satire,0.0
20,motikontho.wordpress.com,2012-08-28T11:25:25+00:00,Politics,Reporter,Unrelated,Satire,0.0
21,channeldhaka.news,2019-02-22T14:50:20+00:00,Technology,Reporter,Related,Satire,0.0
22,channeldhaka.news,2019-05-17T22:40:37+00:00,National,Reporter,Related,Satire,0.0
23,shadhinbangla24.com.bd,2018-04-27 09:46:31,Sports,টেলিগ্রাফ ,Unrelated,Fake,0.0
24,channeldhaka.news,2019-05-01T20:47:31+00:00,Miscellaneous,Reporter,Unrelated,Satire,0.0
25,channeldhaka.news,2019-03-26T22:08:23+00:00,Miscellaneous,Reporter,Unrelated,Satire,0.0
26,channeldhaka.news,2019-05-11T12:28:40+00:00,Miscellaneous,Reporter,Unrelated,Satire,0.0
27,channeldhaka.news,2018-12-14T02:33:33+00:00,Miscellaneous,Reporter,Unrelated,Satire,0.0
28,earki.com,"সেম্বর ২৪, ২০১৮ ",Technology,Reporter,Unrelated,Satire,0.0
29,bengalbeats.com,2019-04-29T16:37:19+00:00,Miscellaneous,Reporter,Unrelated,Satire,0.0
30,bengaliviralnews.com,2019-03-28T16:56:57+00:00,Miscellaneous,Reporter,Unrelated,Clickbaits,0.0
31,earki.com,"১৮:০৪, জানুয়ারি ৩০, ২০১৯ ",Miscellaneous,Reporter,Unrelated,Satire,0.0
32,channeldhaka.news,2019-04-12T16:50:10+00:00,Miscellaneous,Reporter,Unrelated,Satire,0.0
33,bengalbeats.com,2019-08-18T13:34:21+00:00,Miscellaneous,Reporter,Unrelated,Satire,0.0
34,bengaliviralnews.com,2019-03-15T08:58:56+00:00,Miscellaneous,Reporter,Unrelated,Clickbaits,0.0
35,earki.com,"েম্বর ২৯, ২০১৮ ",Miscellaneous,Reporter,Unrelated,Satire,0.0
36,sylhettoday24.news,2015-11-03 11:29:00,National,বনানী থানার ভারপ্রাপ্ত কর্মকর্তা (ওসি),related,Fake,0.0
37,channeldhaka.news,2018-07-13T18:34:56+00:00,Sports,ফুটবলের অভিভাবক সংস্থার ঊর্ধ্বতন কর্মকর্তা ফেডরিকো,Related,Satire,0.0
38,channeldhaka.news,2019-02-12T06:12:48+00:00,Miscellaneous,Reporter,Unrelated,Satire,0.0
39,channeldhaka.news,2018-07-16T18:27:53+00:00,Miscellaneous,Reporter,Unrelated,Satire,0.0
40,channeldhaka.news,2017-10-02T15:44:15+00:00,International,যোগগুরু,Unrelated,Satire,0.0
41,motikontho.wordpress.com,2015-12-09T21:23:59+00:00,Politics,Reporter,Unrelated,Satire,0.0
42,earki.com,"েম্বর ২৬, ২০১৮ ",Miscellaneous,Reporter,Unrelated,Satire,0.0
43,motikontho.wordpress.com,2011-11-29T08:35:23+00:00,Miscellaneous,Reporter,Unrelated,Satire,0.0
44,channeldhaka.news,2018-04-15T16:49:33+00:00,Miscellaneous,Reporter,Unrelated,Satire,0.0
45,earki.com,"েম্বর ২৫, ২০১৮ ",Entertainment,রনির সর্বশেষ ফেসবুক স্ট্যাটাস।,Unrelated,Satire,0.0
46,channeldhaka.news,2019-05-31T19:14:56+00:00,Sports,ইনস্ট্রাগ্রাম,Related,Satire,0.0
47,channeldhaka.news,2019-05-05T18:49:41+00:00,Miscellaneous,Reporter,Unrelated,Satire,0.0
48,channeldhaka.news,2019-01-10T03:23:43+00:00,Technology,Reporter,Unrelated,Satire,0.0
49,earki.com,"২০:০৩, ফেব্রুয়ারি ০৪, ২০১৯ ",Technology,Reporter,Unrelated,Satire,0.0
50,earki.com,"১৬:৩৩, জানুয়ারি ০৬, ২০১৯ ",Miscellaneous,Reporter,Related,Satire,0.0
51,earki.com,"সেম্বর ০৯, ২০১৮ ",Sports,Reporter,Unrelated,Satire,0.0
52,channeldhaka.news,2019-05-24T19:25:51+00:00,Miscellaneous,Reporter,Unrelated,Satire,0.0
53,shawdeshbhumi.com,2017-11-23 8:35:00,National,পিপলস অ্যান্ড পলিটিকস,related,Fake,0.0
54,bengaliviralnews.com,2019-05-29T11:22:19+00:00,Entertainment,Reporter,Unrelated,Clickbaits,0.0
55,channeldhaka.news,2019-04-20T18:38:14+00:00,Miscellaneous,Reporter,Unrelated,Satire,0.0
56,channeldhaka.news,2018-11-11T15:44:47+00:00,Miscellaneous,Reporter,Unrelated,Satire,0.0
57,motikontho.wordpress.com,2012-08-29T08:56:19+00:00,Miscellaneous,Reporter,Unrelated,Satire,0.0
58,earki.com,"সেম্বর ২৪, ২০১৮ ",Miscellaneous,Reporter,Unrelated,Satire,0.0
59,earki.com,"সেম্বর ০৩, ২০১৮ ",Miscellaneous,Reporter,Unrelated,Satire,0.0
60,motikontho.wordpress.com,2013-10-31T16:22:00+00:00,Miscellaneous,Reporter,Unrelated,Satire,0.0
61,channeldhaka.news,2019-01-22T18:07:32+00:00,Crime,ফেসবুক,Related,Satire,0.0
62,motikontho.wordpress.com,2012-09-30T12:11:16+00:00,Miscellaneous,Reporter,Unrelated,Satire,0.0
63,earki.com,"সেম্বর ০২, ২০১৮ ",Miscellaneous,Reporter,Unrelated,Satire,0.0
64,bengaliviralnews.com,2019-05-26T04:27:49+00:00,Miscellaneous,Reporter,Unrelated,Clickbaits,0.0
65,bdexclusivenews.blogspot.com,2018-03-21 02:41:00,National,স্বরাষ্ট্রমন্ত্রী,related,Fake,0.0
66,bengalbeats.com,2019-04-18T22:20:16+00:00,Miscellaneous,Reporter,Unrelated,Satire,0.0
67,channeldhaka.news,2019-05-01T20:47:31+00:00,Crime,Reporter,Unrelated,Satire,0.0
68,channeldhaka.news,2019-01-29T18:48:23+00:00,National,"No Trusted Source Found ,Reporter",Unrelated,Satire,0.0
69,earki.com,"সেম্বর ২৬, ২০১৮ ",Miscellaneous,Reporter,Unrelated,Satire,0.0
70,bengalbeats.com,2019-05-19T20:06:41+00:00,Miscellaneous,Reporter,Unrelated,Satire,0.0
71,earki.com,"১৬:১৬, জানুয়ারি ১৫, ২০১৯ ",International,Reporter,Related,Satire,0.0
72,bengalbeats.com,2019-05-21T16:38:32+00:00,Crime,Reporter,Unrelated,Satire,0.0
73,channeldhaka.news,2019-05-03T16:00:13+00:00,National,Reporter,Unrelated,Satire,0.0
74,motikontho.wordpress.com,2011-03-31T11:22:54+00:00,Miscellaneous,Reporter,Unrelated,Satire,0.0
75,channeldhaka.news,2019-02-23T22:26:42+00:00,Crime,Reporter,Unrelated,Satire,0.0
76,bengaliviralnews.com,2019-06-06T11:36:37+00:00,International,Reporter,Unrelated,Clickbaits,0.0
77,motikontho.wordpress.com,2013-07-31T10:55:24+00:00,Miscellaneous,Reporter,Unrelated,Satire,0.0
78,channeldhaka.news,2019-04-21T14:37:46+00:00,Miscellaneous,Reporter,Unrelated,Satire,0.0
79,bengalbeats.com,2018-12-11T09:18:05+00:00,Education,Reporter,Unrelated,Satire,0.0
80,earki.com,"সেম্বর ২৮, ২০১৮ ",Miscellaneous,Reporter,Unrelated,Satire,0.0
81,earki.com,"১৮:৩৪, জানুয়ারি ১৫, ২০১৯ ",Entertainment,Reporter,Unrelated,Satire,0.0
82,motikontho.wordpress.com,2014-08-30T14:27:13+00:00,Miscellaneous,Reporter,Unrelated,Satire,0.0
83,channeldhaka.news,2018-05-14T08:23:38+00:00,Miscellaneous,Reporter,Unrelated,Satire,0.0
84,channeldhaka.news,2019-05-01T10:11:46+00:00,Miscellaneous,Reporter,Unrelated,Satire,0.0
85,earki.com,"১৮:৩৫, জানুয়ারি ১৬, ২০১৯ ",Miscellaneous,Reporter,Related,Satire,0.0
86,earki.com,"১৬:০৭, জানুয়ারি ২৬, ২০১৯ ",National,Reporter,Unrelated,Satire,0.0
87,channeldhaka.news,2019-04-11T10:20:47+00:00,Lifestyle,Reporter,Related,Satire,0.0
88,channeldhaka.news,2018-10-11T08:58:35+00:00,National,Reporter,Unrelated,Satire,0.0
89,channeldhaka.news,2019-02-16T19:42:55+00:00,Technology,Reporter,Related,Satire,0.0
90,bengalbeats.com,2019-02-26T20:58:36+00:00,Miscellaneous,Reporter,Unrelated,Satire,0.0
91,channeldhaka.news,2018-08-19T20:29:32+00:00,Education,Reporter,Unrelated,Satire,0.0
92,channeldhaka.news,2018-06-03T10:07:58+00:00,Entertainment,Reporter,Unrelated,Satire,0.0
93,prothombhor.net,2017-08-24T16:56:59+00:00,Entertainment,Reporter,Unrelated,Clickbaits,0.0
94,bengaliviralnews.com,2019-07-28T17:13:24+00:00,International,Reporter,Unrelated,Clickbaits,0.0
95,motikontho.wordpress.com,2012-01-30T08:41:02+00:00,Miscellaneous,Reporter,Unrelated,Satire,0.0
96,bengaliviralnews.com,2019-01-14T18:39:44+00:00,Miscellaneous,Reporter,Unrelated,Clickbaits,0.0
97,earki.com,2019-03-14T02:33:32+00:00,Miscellaneous,Reporter,Unrelated,Satire,0.0
98,channeldhaka.news,2019-04-29T23:52:58+00:00,Miscellaneous,Reporter,Unrelated,Satire,0.0
99,channeldhaka.news,2019-05-21T03:45:29+00:00,Miscellaneous,Reporter,Unrelated,Satire,0.0
100,bengaliviralnews.com,2019-06-27T10:09:32+00:00,Entertainment,Reporter,Related,Clickbaits,0.0
101,bengalbeats.com,2019-08-04T16:55:59+00:00,Miscellaneous,Reporter,Unrelated,Satire,0.0
102,channeldhaka.news,2019-05-23T22:48:51+00:00,Miscellaneous,Reporter,Unrelated,Satire,0.0
103,channeldhaka.news,2018-08-19T20:01:11+00:00,Entertainment,Reporter,Unrelated,Satire,0.0
104,ctnews7,2018-08-20T06:17:11+00:00,Technology,Reporter,Related,Satire,0.0
105,bengalbeats.com,2019-03-13T14:55:17+00:00,Miscellaneous,Reporter,Unrelated,Satire,0.0
106,motikontho.wordpress.com,2014-07-27T10:04:08+00:00,Miscellaneous,Reporter,Unrelated,Satire,0.0
107,bengalbeats.com,2019-04-03T22:49:17+00:00,Miscellaneous,Reporter,Unrelated,Satire,0.0
108,motikontho.wordpress.com,2014-06-24T11:47:46+00:00,Miscellaneous,Reporter,Unrelated,Satire,0.0
109,channeldhaka.news,2019-02-14T22:32:32+00:00,Miscellaneous,Reporter,Unrelated,Satire,0.0
110,channeldhaka.news,2018-11-28T18:27:31+00:00,International,Reporter,Unrelated,Satire,0.0
111,earki.com,"১৬:৪৪, জানুয়ারি ১৫, ২০১৯ ",National,Reporter,Related,Satire,0.0
112,dhakajournals.com,2019-10-15 19:38:28,International,reporter,related,Fake,0.0
113,earki.com,"েম্বর ১৫, ২০১৮ ",Politics,Reporter,Unrelated,Satire,0.0
114,channeldhaka.news,2019-03-02T01:59:31+00:00,Miscellaneous,Reporter,Unrelated,Satire,0.0
115,ekushey-tv.com,2017-10-06 13:07:00,National,reporter,related,Fake,0.0
116,earki.com,"১৮:৫৫, জানুয়ারি ০২, ২০১৯ ",Entertainment,Reporter,Related,Satire,0.0
117,bn.mtnews24.com,2017-05-29 01:42:37,National,reporter,related,Fake,0.0
118,motikontho.wordpress.com,2011-06-28T16:47:14+00:00,Miscellaneous,Reporter,Unrelated,Satire,0.0
119,channeldhaka.news,2019-02-16T20:51:06+00:00,Lifestyle,ভূটানের সাবেক প্রধানমন্ত্রীর  টুইটার অ্যাকাউন্ট,Unrelated,Satire,0.0
120,channeldhaka.news,2019-02-12T06:12:48+00:00,Miscellaneous,Reporter,Unrelated,Satire,0.0
121,earki.com,"১৬:৪৮, জানুয়ারি ১৯, ২০১৯ ",Miscellaneous,Reporter,Unrelated,Satire,0.0
122,bdsangbad.com,2017-08-11 09:28:00,National,Reporter,Unrelated,Clickbaits,0.0
123,banglainsider.com,2017-10-11 08:19:00,National,শিক্ষাবিদ,related,Fake,0.0
124,bd-pratidin.com,2018-03-19 19:00:00,Politics,দ্য স্ট্যাটিসটিক্স,related,Fake,0.0
125,bengalbeats.com,2019-06-17T14:47:30+00:00,Miscellaneous,Reporter,Unrelated,Satire,0.0
126,channeldhaka.news,2018-07-22T19:12:45+00:00,Entertainment,এটিএন বাংলার চেয়ারম্যান,Unrelated,Satire,0.0
127,channeldhaka.news,2019-01-22T12:07:32+00:00,Crime,Reporter,Related,Satire,0.0
128,channeldhaka.news,2019-02-07T16:37:52+00:00,Crime,Reporter,Related,Satire,0.0
129,channeldhaka.news,2018-09-23T10:38:48+00:00,International,স্বাস্থ্য ও চিকিৎসা বিষক উপসচিব ,Unrelated,Satire,0.0
130,earki.com,"সেম্বর ২৮, ২০১৮ ",Miscellaneous,Reporter,Unrelated,Satire,0.0
131,earki.com,"েম্বর ২৮, ২০১৮ ",Miscellaneous,Reporter,Unrelated,Satire,0.0
132,channeldhaka.news,2019-02-19T15:22:30+00:00,International,Reporter,Related,Satire,0.0
133,motikontho.wordpress.com,2012-12-30T11:13:49+00:00,Miscellaneous,Reporter,Unrelated,Satire,0.0
134,earki.com,"১৯:০১, জানুয়ারি ২৯, ২০১৯ ",Miscellaneous,Reporter,Related,Satire,0.0
135,ourevergreenbangladesh.com,2019-10-12 14:21:45,National,reporter,related,Fake,0.0
136,channeldhaka.news,2018-12-05T03:18:18+00:00,Entertainment,Reporter,Unrelated,Satire,0.0
137,bengaliviralnews.com,2018-01-19T10:12:42+00:00,Miscellaneous,Reporter,Unrelated,Clickbaits,0.0
138,channeldhaka.news,2018-02-13T12:07:50+00:00,Entertainment,Reporter,Unrelated,Satire,0.0
139,motikontho.wordpress.com,2011-10-29T13:51:41+00:00,Politics,Reporter,Unrelated,Satire,0.0
140,channeldhaka.news,2019-02-22T14:50:20+00:00,Technology,Reporter,Related,Satire,0.0
141,banglainsider.com,2017-09-17 08:00:00,National,reporter,related,Fake,0.0
142,earki.com,"১৩:২৪, জানুয়ারি ১৩, ২০১৯ ",Miscellaneous,Reporter,Related,Satire,0.0
143,bengalbeats.com,2019-02-11T21:07:00+00:00,Miscellaneous,Reporter,Unrelated,Satire,0.0
144,channeldhaka.news,2018-11-01T17:12:30+00:00,Sports,Reporter,Unrelated,Satire,0.0
145,motikontho.wordpress.com,2014-06-18T15:39:27+00:00,Miscellaneous,Reporter,Unrelated,Satire,0.0
146,earki.com,"১৫:০৩, জানুয়ারি ২৩, ২০১৯ ",Entertainment,Journalist,Related,Satire,0.0
147,channeldhaka.news,2019-02-14T16:33:32+00:00,Miscellaneous,Reporter,Unrelated,Satire,0.0
148,motikontho.wordpress.com,2015-02-15T16:06:32+00:00,Miscellaneous,"No Trusted Source Found ,Reporter",Unrelated,Satire,0.0
149,channeldhaka.news,2018-07-10T17:32:08+00:00,Miscellaneous,Reporter,Unrelated,Satire,0.0
150,earki.com,2019-03-14T02:33:32+00:00,Miscellaneous,Reporter,Unrelated,Satire,0.0
151,channeldhaka.news,2019-03-16T10:31:47+00:00,Miscellaneous,Reporter,Unrelated,Satire,0.0
152,motikontho.wordpress.com,2013-08-31T13:43:02+00:00,Miscellaneous,Reporter,Unrelated,Satire,0.0
153,bd-pratidin.com,2019-08-29 19:51:12,Entertainment,reposter,related,Fake,0.0
154,gonews24.com,1566594714,National,মোহাম্মদপুর থানার ভারপ্রাপ্ত কর্মকর্তা (ওসি) তারেক নাথ বিশ্বাস,Unrelated,Clickbaits,0.0
155,motikontho.wordpress.com,2011-07-31T02:45:12+00:00,International,Reporter,Unrelated,Satire,0.0
156,earki.com,"েম্বর ২৪, ২০১৮ ",Entertainment,Reporter,Related,Satire,0.0
157,motikontho.wordpress.com,2014-05-30T15:32:26+00:00,Miscellaneous,Reporter,Unrelated,Satire,0.0
158,motikontho.wordpress.com,2014-07-29T12:37:46+00:00,Miscellaneous,Reporter,Unrelated,Satire,0.0
159,aparadhchokh24bd.com,2017-08-24T16:56:59+00:00,Entertainment,Reporter,Unrelated,Satire,0.0
160,channeldhaka.news,2017-08-27T14:44:28+00:00,National,Reporter,Related,Satire,0.0
161,channeldhaka.news,2017-08-24T17:06:15+00:00,Entertainment,Reporter,Unrelated,Satire,0.0
162,motikontho.wordpress.com,2014-04-22T14:25:13+00:00,Miscellaneous,Reporter,Unrelated,Satire,0.0
163,channeldhaka.news,2019-04-28T15:55:06+00:00,Lifestyle,Reporter,Unrelated,Satire,0.0
164,dailyinqilab.com,2018-03-20 12:00:00,Politics,দ্য স্ট্যাটিসটিক্স,related,Fake,0.0
165,channeldhaka.news,2018-03-09T15:19:32+00:00,Sports,Reporter,Unrelated,Satire,0.0
166,bengalbeats.com,2019-03-14T20:40:26+00:00,Sports,Reporter,Unrelated,Satire,0.0
167,channeldhaka.news,2017-09-05T21:34:27+00:00,Entertainment,Reporter,Unrelated,Satire,0.0
168,channeldhaka.news,2019-02-07T17:19:34+00:00,Miscellaneous,Reporter,Unrelated,Satire,0.0
169,sarcasmnews.fun,2018-10-09T18:46:08+00:00,Miscellaneous,Reporter,Unrelated,Satire,0.0
170,channeldhaka.news,2019-05-24T10:24:44+00:00,Miscellaneous,Reporter,Unrelated,Satire,0.0
171,bengalbeats.com,2019-02-19T18:23:36+00:00,Miscellaneous,Reporter,Unrelated,Satire,0.0
172,channeldhaka.news,2019-01-09T21:39:06+00:00,National,Reporter,Unrelated,Satire,0.0
173,channeldhaka.news,2019-02-24T14:46:52+00:00,Miscellaneous,Reporter,Unrelated,Satire,0.0
174,bengalbeats.com,2019-06-02T21:06:59+00:00,Miscellaneous,Reporter,Unrelated,Satire,0.0
175,motikontho.wordpress.com,2012-04-29T17:46:19+00:00,Miscellaneous,Reporter,Unrelated,Satire,0.0
176,bengaliviralnews.com,2019-01-15T17:39:34+00:00,International,Reporter,Unrelated,Clickbaits,0.0
177,channeldhaka.news,2018-10-15T04:47:29+00:00,Miscellaneous,Reporter,Unrelated,Satire,0.0
178,channeldhaka.news,2019-02-19T15:22:30+00:00,International,Reporter,Related,Satire,0.0
179,channeldhaka.news,2019-02-14T16:33:32+00:00,Miscellaneous,Reporter,Unrelated,Satire,0.0
180,banglanews24.com,2018-02-20 02:33:29,International,আব তক নিউজ,related,Fake,0.0
181,channeldhaka.news,2019-03-18T19:21:32+00:00,Politics,Reporter,Unrelated,Satire,0.0
182,ppbd.news,2019-07-11 13:31:00,Lifestyle,reporter,related,Fake,0.0
183,motikontho.wordpress.com,2012-06-21T14:27:02+00:00,Miscellaneous,Reporter,Unrelated,Satire,0.0
184,earki.com,"েম্বর ১৭, ২০১৮ ",Miscellaneous,Reporter,Unrelated,Satire,0.0
185,motikontho.wordpress.com,2011-08-04T11:36:48+00:00,National,Reporter,Related,Satire,0.0
186,motikontho.wordpress.com,2012-04-26T20:18:58+00:00,Miscellaneous,Reporter,Unrelated,Satire,0.0
187,motikontho.wordpress.com,2015-11-21T16:45:17+00:00,Miscellaneous,Reporter,Unrelated,Satire,0.0
188,bengalbeats.com,2019-05-22T17:11:38+00:00,Miscellaneous,Reporter,Unrelated,Satire,0.0
189,bengalbeats.com,2019-04-28T19:20:59+00:00,Miscellaneous,Reporter,Unrelated,Satire,0.0
190,motikontho.wordpress.com,2015-10-28T18:19:15+00:00,Miscellaneous,Reporter,Unrelated,Satire,0.0
191,gonews24.com,1496247442,International,Reporter,Unrelated,Clickbaits,0.0
192,channeldhaka.news,2019-03-09T18:22:43+00:00,Lifestyle,Reporter,Unrelated,Satire,0.0
193,bengalbeats.com,2018-08-10T12:50:02+00:00,Miscellaneous,Reporter,Unrelated,Satire,0.0
194,coxsbazarnews.com,2017-07-02 04:15:00,International,reporter,related,Fake,0.0
195,motikontho.wordpress.com,2014-03-29T11:11:23+00:00,Politics,Reporter,Unrelated,Satire,0.0
196,earki.com,"সেম্বর ২৬, ২০১৮ ",Politics,Reporter,Unrelated,Satire,0.0
197,channeldhaka.news,2019-04-28T13:03:09+00:00,Miscellaneous,Reporter,Unrelated,Satire,0.0
198,channeldhaka.news,2019-05-26T09:18:23+00:00,Miscellaneous,Reporter,Unrelated,Satire,0.0
199,bengalbeats.com,2019-06-19T16:48:45+00:00,Sports,Reporter,Unrelated,Satire,0.0
200,bengalbeats.com,2019-05-16T20:00:26+00:00,Miscellaneous,Reporter,Unrelated,Satire,0.0
201,earki.com,"েম্বর ২৮, ২০১৮ ",Entertainment,Reporter,Unrelated,Satire,0.0
202,channeldhaka.news,2019-05-08T16:41:50+00:00,Miscellaneous,Reporter,Unrelated,Satire,0.0
203,bengalbeats.com,2019-07-24T19:12:45+00:00,Miscellaneous,Reporter,Unrelated,Satire,0.0
204,channeldhaka.news,2018-03-01T01:38:52+00:00,Crime,সোনাগাজী থানা পুলিশ,Related,Satire,0.0
205,bengalbeats.com,2019-05-28T17:17:58+00:00,Entertainment,Reporter,Unrelated,Satire,0.0
206,earki.com,"সেম্বর ১১, ২০১৮ ",Miscellaneous,Reporter,Unrelated,Satire,0.0
207,channeldhaka.news,2019-03-20T21:02:01+00:00,International,Reporter,Unrelated,Satire,0.0
208,bengalbeats.com,2019-05-13T18:08:46+00:00,Crime,Reporter,Unrelated,Satire,0.0
209,bangla.bdnews24.com,2018-03-17 11:18:22,Finance,reporter,related,Fake,0.0
210,bengalbeats.com,2019-07-10T20:21:29+00:00,Lifestyle,Reporter,Unrelated,Satire,0.0
211,lastnewsbd.com,2018-10-03T05:13:25Z,Miscellaneous,Reporter,Unrelated,Clickbaits,0.0
212,motikontho.wordpress.com,2011-07-02T17:17:42+00:00,Miscellaneous,Reporter,Unrelated,Satire,0.0
213,channeldhaka.news,2019-02-07T17:27:02+00:00,Lifestyle,কিউ৮ নিউজের এক প্রতিবেদন,Related,Satire,0.0
214,bengalbeats.com,2018-07-24T15:55:39+00:00,Lifestyle,Reporter,Unrelated,Satire,0.0
215,channeldhaka.news,2019-01-26T17:56:16+00:00,Crime,শ্রীপুর থানার উপ-পরিদর্শক (এসআই),Related,Satire,0.0
216,channeldhaka.news,2017-09-13T11:08:46+00:00,Miscellaneous,Reporter,Unrelated,Satire,0.0
217,channeldhaka.news,2019-02-05T12:15:10+00:00,Miscellaneous,মার্কিন বিজ্ঞানী আলবার্ট ই ম্যানেস,Unrelated,Satire,0.0
218,channeldhaka.news,2019-05-26T16:52:03+00:00,Miscellaneous,Reporter,Unrelated,Satire,0.0
219,motikontho.wordpress.com,2013-07-29T22:48:25+00:00,Politics,Reporter,Unrelated,Satire,0.0
220,bengalbeats.com,2019-07-25T18:58:40+00:00,Miscellaneous,Reporter,Unrelated,Satire,0.0
221,kalerkantho.com,2018-01-16 20:27:00,Lifestyle,reporter,related,Fake,0.0
222,channeldhaka.news,2018-11-02T12:22:54+00:00,International,Reporter,Unrelated,Satire,0.0
223,channeldhaka.news,2019-04-28T13:03:09+00:00,National,"No Trusted Source Found ,Reporter",Unrelated,Satire,0.0
224,motikontho.wordpress.com,2013-12-31T13:41:43+00:00,Miscellaneous,Reporter,Unrelated,Satire,0.0
225,earki.com,"সেম্বর ০৫, ২০১৮ ",Miscellaneous,Reporter,Related,Satire,0.0
226,bengaliviralnews.com,2019-03-14T09:51:51+00:00,International,Reporter,Unrelated,Clickbaits,0.0
227,bengalbeats.com,2019-04-25T15:39:53+00:00,Miscellaneous,Reporter,Unrelated,Satire,0.0
228,channeldhaka.news,2019-02-19T15:18:33+00:00,Lifestyle,Reporter,Unrelated,Satire,0.0
229,channeldhaka.news,2019-03-16T18:20:10+00:00,Miscellaneous,Reporter,Related,Satire,0.0
230,bengalbeats.com,2019-03-01T22:02:24+00:00,Miscellaneous,Reporter,Unrelated,Satire,0.0
231,earki.com,"২০:৩৮, জানুয়ারি ১৫, ২০১৯ ",Miscellaneous,Reporter,Unrelated,Satire,0.0
232,earki.com,"১৮:০৩, জানুয়ারি ২২, ২০১৯ ",Miscellaneous,Reporter,Unrelated,Satire,0.0
233,motikontho.wordpress.com,2013-10-28T12:21:26+00:00,Miscellaneous,Reporter,Unrelated,Satire,0.0
234,channeldhaka.news,2019-06-12T16:24:15+00:00,Miscellaneous,Reporter,Unrelated,Satire,0.0
235,sarcasmnews.fun,2018-10-02T16:47:17+00:00,Lifestyle,Reporter,Unrelated,Satire,0.0
236,bengalbeats.com,2019-05-05T15:01:56+00:00,Miscellaneous,Reporter,Unrelated,Satire,0.0
237,channeldhaka.news,2017-08-24T16:56:59+00:00,Entertainment,Reporter,Related,Satire,0.0
238,channeldhaka.news,2019-02-07T16:37:52+00:00,International,আইনজীবী,Unrelated,Satire,0.0
239,channeldhaka.news,2017-12-28T16:21:25+00:00,Miscellaneous,Reporter,Related,Satire,0.0
240,channeldhaka.news,2018-09-14T13:27:13+00:00,Miscellaneous,Reporter,Unrelated,Satire,0.0
241,bengalbeats.com,2019-06-25T17:16:54+00:00,Miscellaneous,Reporter,Unrelated,Satire,0.0
242,notunshokal.com,2019-05-23 20:27:17,Entertainment,reporter,Unrelated,Fake,0.0
243,earki.com,"সেম্বর ১০, ২০১৮ ",Entertainment,Reporter,Unrelated,Satire,0.0
244,bengalbeats.com,2018-08-17T11:49:24+00:00,Miscellaneous,Reporter,Unrelated,Satire,0.0
245,bangla.dhakatribune.com,2018-09-04 19:38:28,National,reporter,related,Fake,0.0
246,channeldhaka.news,2018-11-03T21:24:40+00:00,Technology,Reporter,Related,Satire,0.0
247,earki.com,৫ ঘন্টা ২৩ মিনিট আগে,Miscellaneous,Reporter,Unrelated,Satire,0.0
248,earki.com,2019-03-14T02:33:32+00:00,Lifestyle,শবনম ফারিয়া,Unrelated,Satire,0.0
249,channeldhaka.news,2018-07-09T22:11:27+00:00,International,Reporter,Unrelated,Satire,0.0
250,bengalbeats.com,2018-12-13T09:25:41+00:00,Lifestyle,Reporter,Unrelated,Satire,0.0
251,bengaliviralnews.com,2018-01-13T16:05:25+00:00,Miscellaneous,Reporter,Unrelated,Clickbaits,0.0
252,channeldhaka.news,2019-01-06T18:34:41+00:00,Technology,Reporter,Unrelated,Satire,0.0
253,sarcasmnews.fun,2018-10-02T16:56:35+00:00,Miscellaneous,Reporter,Unrelated,Satire,0.0
254,earki.com,"০২:৩৫, জানুয়ারি ১০, ২০১৯ ",Miscellaneous,Reporter,Unrelated,Satire,0.0
255,bengalbeats.com,2019-04-01T21:28:12+00:00,Miscellaneous,Reporter,Unrelated,Satire,0.0
256,motikontho.wordpress.com,2014-05-28T12:18:37+00:00,Miscellaneous,Reporter,Unrelated,Satire,0.0
257,earki.com,"২১:০৭, জানুয়ারি ১৫, ২০১৯ ",Miscellaneous,Reporter,Unrelated,Satire,0.0
258,motikontho.wordpress.com,2013-12-31T16:55:15+00:00,Politics,Reporter,Unrelated,Satire,0.0
259,channeldhaka.news,2019-03-20T13:45:08+00:00,Education,Reporter,Unrelated,Satire,0.0
260,channeldhaka.news,2018-10-16T08:21:54+00:00,International,"No Trusted Source Found ,Reporter",Unrelated,Satire,0.0
261,bengalbeats.com,2019-07-08T17:40:55+00:00,Entertainment,Reporter,Unrelated,Satire,0.0
262,sharenews24.com,2019-10-13 20:14:27,National,reporter,related,Fake,0.0
263,channeldhaka.news,2018-10-18T01:30:40+00:00,Finance,Reporter,Unrelated,Satire,0.0
264,jugantor.com,2018-02-23 00:00:00,International,ডন ,related,Fake,0.0
265,earki.com,"্টোবর ১৭, ২০১৮ ",National,Journalist,Related,Satire,0.0
266,earki.com,"্টোবর ২৯, ২০১৮ ",Miscellaneous,Reporter,Unrelated,Satire,0.0
267,bengalbeats.com,2019-05-13T10:47:25+00:00,Miscellaneous,Reporter,Unrelated,Satire,0.0
268,channeldhaka.news,2019-04-12T10:32:14+00:00,Crime,ফরিদগঞ্জ থানার ভারপ্রাপ্ত কর্মকর্তা (ওসি),Unrelated,Satire,0.0
269,aparadhchokh24bd.com,2018-08-08T09:26:12Z,Entertainment,Reporter,Unrelated,Clickbaits,0.0
270,earki.com,"২০:৪৫, জানুয়ারি ২২, ২০১৯ ",National,Reporter,Unrelated,Satire,0.0
271,earki.com,"েম্বর ১৪, ২০১৮ ",Miscellaneous,Reporter,Unrelated,Satire,0.0
272,channeldhaka.news,2019-02-14T22:32:32+00:00,Education,Reporter,Unrelated,Satire,0.0
273,bengalbeats.com,2019-01-22T13:56:19+00:00,Miscellaneous,Reporter,Unrelated,Satire,0.0
274,bengalbeats.com,2018-05-30T07:35:47+00:00,Miscellaneous,Reporter,Unrelated,Satire,0.0
275,channeldhaka.news,2018-10-19T17:58:26+00:00,International,সৌদি আরবের সিনিয়র মুফতি,Unrelated,Satire,0.0
276,channeldhaka.news,2019-02-18T12:36:11+00:00,Entertainment,Reporter,Unrelated,Satire,0.0
277,channeldhaka.news,2019-02-05T18:40:39+00:00,Miscellaneous,Reporter,Unrelated,Satire,0.0
278,earki.com,"১৯:৩২, জানুয়ারি ২৮, ২০১৯ ",Miscellaneous,Reporter,Unrelated,Satire,0.0
279,bengalbeats.com,2019-02-14T23:17:53+00:00,Lifestyle,বিশেষ প্রতিনিধি,Related,Satire,0.0
280,channeldhaka.news,2018-07-16T07:19:45+00:00,Miscellaneous,Reporter,Unrelated,Satire,0.0
281,bengalbeats.com,2019-06-13T16:39:26+00:00,National,Reporter,Unrelated,Satire,0.0
282,channeldhaka.news,2019-01-29T18:48:23+00:00,National,জাকির হোসেন নামে চট্টগ্রামের এক বোডিং মালিক,Unrelated,Satire,0.0
283,ittefaq.com.bd,2018-03-20 08:54:00,Politics,দ্য স্ট্যাটিসটিক্স,related,Fake,0.0
284,channeldhaka.news,2019-05-03T08:24:10+00:00,Lifestyle,বিশেষজ্ঞ,Related,Satire,0.0
285,channeldhaka.news,2019-02-11T01:54:21+00:00,Miscellaneous,Reporter,Unrelated,Satire,0.0
286,channeldhaka.news,2018-08-19T21:09:56+00:00,International,Reporter,Related,Satire,0.0
287,channeldhaka.news,2019-04-29T20:14:50+00:00,Miscellaneous,Reporter,Unrelated,Satire,0.0
288,sarcasmnews.fun,2018-10-02T19:22:52+00:00,Lifestyle,Reporter,Unrelated,Satire,0.0
289,earki.com,"১৬:৩৮, জানুয়ারি ৩১, ২০১৯ ",National,Reporter,Unrelated,Satire,0.0
290,earki.com,"১৭:৩১, ফেব্রুয়ারি ০৭, ২০১৯ ",Entertainment,Reporter,Unrelated,Satire,0.0
291,channeldhaka.news,2019-01-11T16:42:30+00:00,International,Reporter,Related,Satire,0.0
292,channeldhaka.news,2017-12-24T11:15:46+00:00,Entertainment,Reporter,Unrelated,Satire,0.0
293,dailyamadernandail.com,2018-11-20 00:00:00,National,reporter,related,Fake,0.0
294,motikontho.wordpress.com,2011-08-02T05:21:51+00:00,Crime,সাময়িক বরখাস্ত হওয়া খিলগাঁও থানার সাবেক ভারপ্রাপ্ত কর্মকর্তা (ওসি) ,Unrelated,Satire,0.0
295,bengalbeats.com,2019-03-17T21:10:06+00:00,Entertainment,Reporter,Unrelated,Satire,0.0
296,bengalbeats.com,2019-05-29T13:55:28+00:00,Miscellaneous,Reporter,Unrelated,Satire,0.0
297,bengalbeats.com,2019-03-16T17:44:26+00:00,Miscellaneous,Reporter,Unrelated,Satire,0.0
298,channeldhaka.news,2018-09-14T13:08:41+00:00,Miscellaneous,Reporter,Unrelated,Satire,0.0
299,channeldhaka.news,2019-02-25T22:50:51+00:00,International,Reporter,Unrelated,Satire,0.0
300,channeldhaka.news,2018-04-15T22:49:33+00:00,Miscellaneous,Reporter,Unrelated,Satire,0.0
301,sharebusiness24.com,2018-03-20 01:36:30,Politics,দ্য স্ট্যাটিসটিক্স,related,Fake,0.0
302,earki.com,"১৫:১০, জানুয়ারি ২৯, ২০১৯ ",Miscellaneous,Reporter,Related,Satire,0.0
303,bengalbeats.com,2019-07-17T15:10:06+00:00,Miscellaneous,Reporter,Unrelated,Satire,0.0
304,bengalbeats.com,2019-03-12T13:35:22+00:00,Miscellaneous,Reporter,Unrelated,Satire,0.0
305,channeldhaka.news,2019-02-07T17:01:10+00:00,Lifestyle,Reporter,Unrelated,Satire,0.0
306,channeldhaka.news,2019-03-09T14:19:38+00:00,Lifestyle,Reporter,Unrelated,Satire,0.0
307,sonalinews.com,2017-08-24T16:56:59+00:00,Sports,Reporter,Unrelated,Clickbaits,0.0
308,bengalbeats.com,2019-07-04T16:10:28+00:00,Miscellaneous,Reporter,Unrelated,Satire,0.0
309,channeldhaka.news,2018-10-30T16:38:30+00:00,International,"পুলিশের রিয়্যাকশন ইউনিটের মুখপাত্র, মিরর",Related,Satire,0.0
310,earki.com,"১৮:১৭, জানুয়ারি ৩১, ২০১৯ ",Miscellaneous,Reporter,Unrelated,Satire,0.0
311,bengalbeats.com,2019-04-28T19:05:21+00:00,Miscellaneous,Reporter,Unrelated,Satire,0.0
312,bengalbeats.com,2019-03-19T19:37:18+00:00,Miscellaneous,Reporter,Unrelated,Satire,0.0
313,bengalbeats.com,2019-04-23T18:49:17+00:00,Miscellaneous,Reporter,Unrelated,Satire,0.0
314,motikontho.wordpress.com,2014-09-29T09:24:34+00:00,Education,Reporter,Unrelated,Satire,0.0
315,earki.com,"২০:২৪, জানুয়ারি ৩১, ২০১৯ ",National,Reporter,Unrelated,Satire,0.0
316,earki.com,"সেম্বর ০৬, ২০১৮ ",Miscellaneous,Reporter,Unrelated,Satire,0.0
317,channeldhaka.news,2019-05-06T15:06:09+00:00,Miscellaneous,Reporter,Unrelated,Satire,0.0
318,motikontho.wordpress.com,2012-11-30T07:16:30+00:00,Miscellaneous,Reporter,Unrelated,Satire,0.0
319,earki.com,"সেম্বর ০২, ২০১৮ ",Politics,Reporter,Unrelated,Satire,0.0
320,earki.com,"্টোবর ২৩, ২০১৮ ",Crime,Reporter,Related,Satire,0.0
321,sarcasmnews.fun,2018-10-02T19:13:10+00:00,Lifestyle,Reporter,Unrelated,Satire,0.0
322,motikontho.wordpress.com,2015-03-03T18:32:58+00:00,Miscellaneous,Reporter,Unrelated,Satire,0.0
323,channeldhaka.news,2019-05-03T18:16:10+00:00,Miscellaneous,ওডিশা রাজ্যের বিশেষ ত্রান কমিশনার,Unrelated,Satire,0.0
324,bengaliviralnews.com,2018-02-15T16:06:14+00:00,Miscellaneous,Reporter,Unrelated,Clickbaits,0.0
325,motikontho.wordpress.com,2012-04-13T14:49:28+00:00,Miscellaneous,Reporter,Unrelated,Satire,0.0
326,earki.com,"১৭:৩০, জানুয়ারি ২৬, ২০১৯ ",Miscellaneous,Reporter,Unrelated,Satire,0.0
327,earki.com,"১৯:৪৫, ফেব্রুয়ারি ০৪, ২০১৯ ",Miscellaneous,Reporter,Unrelated,Satire,0.0
328,earki.com,"্টোবর ২০, ২০১৮ ",Miscellaneous,Reporter,Related,Satire,0.0
329,earki.com,"২০:৪৩, জানুয়ারি ২৬, ২০১৯ ",Miscellaneous,Reporter,Unrelated,Satire,0.0
330,motikontho.wordpress.com,2011-10-31T14:53:51+00:00,Miscellaneous,Reporter,Unrelated,Satire,0.0
331,motikontho.wordpress.com,2012-06-20T14:00:23+00:00,Miscellaneous,Reporter,Unrelated,Satire,0.0
332,channeldhaka.news,2019-06-11T16:48:37+00:00,International,Reporter,Related,Satire,0.0
333,motikontho.wordpress.com,2011-11-29T08:25:27+00:00,National,Reporter,Unrelated,Satire,0.0
334,sarcasmnews.fun,2018-10-14T06:04:36+00:00,Miscellaneous,Reporter,Unrelated,Satire,0.0
335,bengalbeats.com,2019-03-17T13:43:28+00:00,Entertainment,Reporter,Unrelated,Satire,0.0
336,channeldhaka.news,2019-05-31T17:03:21+00:00,Miscellaneous,Reporter,Unrelated,Satire,0.0
337,ittefaq.com.bd,2017-08-24 16:56:59+00:00,Miscellaneous,Reporter,Unrelated,Fake,0.0
338,earki.com,"২১:৫২, জানুয়ারি ১৩, ২০১৯ ",Entertainment,Reporter,Related,Satire,0.0
339,bangla24.com.bd,2018-08-12T13:37:55+06:00,Lifestyle,Reporter,Unrelated,Fake,0.0
340,earki.com,"১৯:০৪, ফেব্রুয়ারি ০৭, ২০১৯ ",Technology,Reporter,Related,Satire,0.0
341,earki.com,"সেম্বর ১৬, ২০১৮ ",Miscellaneous,Reporter,Unrelated,Satire,0.0
342,earki.com,"১৬:৩৫, জানুয়ারি ১০, ২০১৯ ",Miscellaneous,Reporter,Unrelated,Satire,0.0
343,kalerkantho.com,2017-11-22 11:44:00,National,পিপলস অ্যান্ড পলিটিকস,related,Fake,0.0
344,bengalbeats.com,2019-03-22T14:03:17+00:00,Miscellaneous,Reporter,Unrelated,Satire,0.0
345,bdjournal365.com,2017-08-24T16:56:59+00:00,Technology,Reporter,Unrelated,Clickbaits,0.0
346,gonews24.com,1537294537,Entertainment,Reporter,Unrelated,Clickbaits,0.0
347,motikontho.wordpress.com,2012-03-31T17:38:33+00:00,Miscellaneous,Reporter,Unrelated,Satire,0.0
348,earki.com,৪ ঘন্টা ১১ মিনিট আগে,Lifestyle,Reporter,Unrelated,Satire,0.0
349,motikontho.wordpress.com,2015-12-02T20:19:35+00:00,Miscellaneous,Reporter,Related,Satire,0.0
350,earki.com,2019-03-14T02:33:32+00:00,Miscellaneous,Reporter,Unrelated,Satire,0.0
351,channeldhaka.news,2019-02-09T15:10:06+00:00,Miscellaneous,Reporter,Unrelated,Satire,0.0
352,channeldhaka.news,2018-07-04T14:10:38+00:00,Miscellaneous,Reporter,Unrelated,Satire,0.0
353,earki.com,"১৭:৩৭, জানুয়ারি ১২, ২০১৯ ",Politics,Reporter,Unrelated,Satire,0.0
354,earki.com,2019-03-14T02:33:32+00:00,Miscellaneous,Reporter,Unrelated,Satire,0.0
355,channeldhaka.news,2019-03-20T11:47:23+00:00,Crime,Reporter,Unrelated,Satire,0.0
356,bengalbeats.com,2019-06-30T18:30:15+00:00,Miscellaneous,Reporter,Unrelated,Satire,0.0
357,earki.com,"সেম্বর ০৯, ২০১৮ ",Entertainment,Reporter,Unrelated,Satire,0.0
358,earki.com,2019-03-14T02:33:32+00:00,Miscellaneous,Reporter,Related,Satire,0.0
359,dailysangram.com,2018-07-08 20:12:20,International,দ্যা হিন্দু,related,Fake,0.0
360,earki.com,2019-03-14T02:33:32+00:00,Miscellaneous,Reporter,Unrelated,Satire,0.0
361,channeldhaka.news,2019-05-20T14:53:40+00:00,Politics,তথ্যমন্ত্রী,Unrelated,Satire,0.0
362,bengalbeats.com,2019-02-12T21:20:33+00:00,Entertainment,Reporter,Unrelated,Satire,0.0
363,channeldhaka.news,2018-09-11T14:56:13+00:00,Miscellaneous,বাংলাদেশি বিজ্ঞানী মোহাম্মদ আব্দুল হাই,Unrelated,Satire,0.0
364,channeldhaka.news,2018-11-13T16:18:10+00:00,Sports,Reporter,Unrelated,Satire,0.0
365,channeldhaka.news,2018-04-23T13:32:36+00:00,Entertainment,Reporter,Unrelated,Satire,0.0
366,earki.com,"সেম্বর ০৮, ২০১৮ ",Miscellaneous,Reporter,Unrelated,Satire,0.0
367,bengalbeats.com,2019-06-26T17:00:32+00:00,Miscellaneous,Reporter,Unrelated,Satire,0.0
368,motikontho.wordpress.com,2014-09-27T15:52:56+00:00,International,Reporter,Unrelated,Satire,0.0
369,channeldhaka.news,2019-02-14T22:51:15+00:00,Miscellaneous,Reporter,Unrelated,Satire,0.0
370,channeldhaka.news,2019-05-05T08:35:12+00:00,National,Reporter,Related,Satire,0.0
371,bengalbeats.com,2019-08-08T15:15:17+00:00,Technology,Reporter,Unrelated,Satire,0.0
372,channeldhaka.news,2018-09-08T07:46:56+00:00,Miscellaneous,Reporter,Unrelated,Satire,0.0
373,channeldhaka.news,2019-05-06T09:46:40+00:00,Education,Reporter,Unrelated,Satire,0.0
374,motikontho.wordpress.com,2011-06-25T23:18:40+00:00,Politics,Reporter,Unrelated,Satire,0.0
375,channeldhaka.news,2019-06-05T13:10:13+00:00,Sports,Reporter,Unrelated,Satire,0.0
376,earki.com,"সেম্বর ০৬, ২০১৮ ",Miscellaneous,Reporter,Unrelated,Satire,0.0
377,earki.com,"২০:১৪, জানুয়ারি ২৩, ২০১৯ ",Crime,Reporter,Related,Satire,0.0
378,gonews24.com,1538687057,Lifestyle,আন্তর্জাতিক সংবাদমাধ্যম ‘মিরর’,Unrelated,Clickbaits,0.0
379,earki.com,"১৫:৪১, জানুয়ারি ১৬, ২০১৯ ",National,রেস্টুরেন্টের মালিক,Related,Satire,0.0
380,channeldhaka.news,2019-04-30T06:34:21+00:00,Miscellaneous,Reporter,Unrelated,Satire,0.0
381,earki.com,"েম্বর ১০, ২০১৮ ",Miscellaneous,Reporter,Unrelated,Satire,0.0
382,channeldhaka.news,2019-02-16T19:42:55+00:00,Entertainment,Reporter,Unrelated,Satire,0.0
383,gonews24.com,1537816506,Miscellaneous,ইনস্টাগ্রাম,Unrelated,Clickbaits,0.0
384,channeldhaka.news,2019-01-29T18:48:23+00:00,Lifestyle,Reporter,Unrelated,Satire,0.0
385,channeldhaka.news,2019-05-11T12:28:40+00:00,Miscellaneous,Reporter,Unrelated,Satire,0.0
386,ctnews7,2018-09-04T07:20:36+00:00,Miscellaneous,Reporter,Unrelated,Satire,0.0
387,motikontho.wordpress.com,2014-11-26T13:20:06+00:00,Miscellaneous,Reporter,Unrelated,Satire,0.0
388,earki.com,"১৭:২১, ফেব্রুয়ারি ০৩, ২০১৯ ",Miscellaneous,Reporter,Related,Satire,0.0
390,channeldhaka.news,2019-04-11T21:09:04+00:00,Miscellaneous,Reporter,Related,Satire,0.0
391,bengalbeats.com,2019-03-14T17:26:25+00:00,Miscellaneous,Reporter,Unrelated,Satire,0.0
392,somoyerkonthosor.com,2018-06-12 02:09:00,International,reporter,related,Fake,0.0
393,bengalbeats.com,2019-02-10T18:45:26+00:00,Miscellaneous,Reporter,Unrelated,Satire,0.0
394,channeldhaka.news,2019-01-16T17:58:51+00:00,Entertainment,Reporter,Unrelated,Satire,0.0
395,earki.com,"২০:২১, জানুয়ারি ১০, ২০১৯ ",Entertainment,Reporter,Unrelated,Satire,0.0
396,channeldhaka.news,2017-08-30T18:09:59+00:00,International,Reporter,Unrelated,Satire,0.0
397,channeldhaka.news,2017-08-24T22:56:59+00:00,Entertainment,Reporter,Unrelated,Satire,0.0
398,prothombarta.news,2018-09-18T19:33:25+00:00,Miscellaneous,কুমুদিনী হাসপাতালের পরিচালক ,Unrelated,Clickbaits,0.0
399,somoyerkonthosor.com,2018-09-30T16:04:02+00:00,Miscellaneous,Reporter,Unrelated,Clickbaits,0.0
400,earki.com,"সেম্বর ২৩, ২০১৮ ",Sports,Reporter,Unrelated,Satire,0.0
401,earki.com,"১৫:০০, ফেব্রুয়ারি ০৩, ২০১৯ ",Miscellaneous,Reporter,Unrelated,Satire,0.0
402,motikontho.wordpress.com,2013-04-08T12:16:35+00:00,Politics,Reporter,Related,Satire,0.0
403,motikontho.wordpress.com,2013-02-28T05:26:29+00:00,Miscellaneous,Reporter,Unrelated,Satire,0.0
404,keuamaremairala.com,2018-11-30 02:21:05+00:00,Entertainment,Reporter,Unrelated,Fake,0.0
405,famousnews24.com,2017-10-15 00:00:00,National,reporter,related,Fake,0.0
406,earki.com,"২১:৪৬, জানুয়ারি ২১, ২০১৯ ",Sports,Reporter,Unrelated,Satire,0.0
407,somewhereinblog.net,2015-04-27 09:28:00,Miscellaneous,সামাজিক যোগাযোগ মাধ্যম,related,Fake,0.0
408,channeldhaka.news,2018-08-10T11:35:27+00:00,Lifestyle,Reporter,Unrelated,Satire,0.0
409,channeldhaka.news,2019-02-09T23:06:33+00:00,Miscellaneous,প্রেমিক,Related,Satire,0.0
410,earki.com,"২০:৩৫, জানুয়ারি ০৮, ২০১৯ ",Politics,Reporter,Unrelated,Satire,0.0
411,earki.com,"১৯:২২, নভেম্বর ২২, ২০১৮ ",Lifestyle,Reporter,Related,Satire,0.0
412,bengalbeats.com,2019-05-09T22:03:02+00:00,Miscellaneous,Reporter,Unrelated,Satire,0.0
413,channeldhaka.news,2019-01-20T21:34:14+00:00,International,ব্রিটিশ দৈনিক দ্য গার্ডিয়ান’সহ বিভিন্ন আন্তর্জাতিক সংবাদমাধ্যম ,Unrelated,Satire,0.0
414,channeldhaka.news,2018-08-10T16:29:27+00:00,Lifestyle,ইউনাইটেড নেশনস অফিস অন ড্রাগস অ্যান্ড ক্রাইম (ইউএনওডিসি),Related,Satire,0.0
415,earki.com,"েম্বর ০৬, ২০১৮ ",Miscellaneous,Reporter,Unrelated,Satire,0.0
416,earki.com,"২০:৪৫, জানুয়ারি ৩০, ২০১৯ ",Miscellaneous,Reporter,Unrelated,Satire,0.0
417,channeldhaka.news,2018-08-10T18:00:05+00:00,Lifestyle,যুক্তরাজ্যের স্লিপ রিসার্চ সেন্টার,Related,Satire,0.0
418,motikontho.wordpress.com,2012-09-30T09:10:50+00:00,National,ইসলামী চিন্তাবীদ ও ইসলামী ঐক্যজোটের একাংশের নেতা গৃহবন্দী মুফতি ফজলুল হক আমিনী,Related,Satire,0.0
419,channeldhaka.news,2019-03-04T20:49:50+00:00,Miscellaneous,Reporter,Unrelated,Satire,0.0
420,earki.com,"২০:৪৭, জানুয়ারি ০১, ২০১৯ ",Miscellaneous,Reporter,Related,Satire,0.0
421,bengalbeats.com,2019-06-15T20:05:39+00:00,Lifestyle,Reporter,Unrelated,Satire,0.0
422,motikontho.wordpress.com,2012-12-29T13:35:54+00:00,Miscellaneous,Reporter,Unrelated,Satire,0.0
423,channeldhaka.news,2019-03-20T11:47:23+00:00,Miscellaneous,Reporter,Related,Satire,0.0
424,channeldhaka.news,2019-02-20T21:05:36+00:00,Miscellaneous,Reporter,Unrelated,Satire,0.0
425,earki.com,"সেম্বর ২৬, ২০১৮ ",Politics,Reporter,Unrelated,Satire,0.0
426,earki.com,"০২:১৫, জানুয়ারি ০৩, ২০১৯ ",Miscellaneous,Reporter,Unrelated,Satire,0.0
427,channeldhaka.news,2018-05-22T17:06:06+00:00,Sports,Reporter,Unrelated,Satire,0.0
428,channeldhaka.news,2018-09-24T18:20:34+00:00,Sports,Reporter,Unrelated,Satire,0.0
429,motikontho.wordpress.com,2015-10-30T18:08:20+00:00,Miscellaneous,Reporter,Unrelated,Satire,0.0
430,earki.com,"সেম্বর ২৬, ২০১৮ ",Miscellaneous,Reporter,Unrelated,Satire,0.0
431,earki.com,"েম্বর ২৯, ২০১৮ ",Politics,Journalist,Unrelated,Satire,0.0
432,channeldhaka.news,2017-08-30T13:36:57+00:00,Miscellaneous,Reporter,Unrelated,Satire,0.0
433,bengalbeats.com,2018-09-12T07:27:03+00:00,Lifestyle,Reporter,Unrelated,Satire,0.0
434,bn.mtnews24.com,2017-08-24T16:56:59+00:00,Entertainment,Reporter,Unrelated,Clickbaits,0.0
435,bengaliviralnews.com,2018-01-27T14:54:59+00:00,Miscellaneous,Reporter,Unrelated,Clickbaits,0.0
436,motikontho.wordpress.com,2014-07-27T14:02:54+00:00,International,Reporter,Unrelated,Satire,0.0
437,motikontho.wordpress.com,2013-06-29T13:38:47+00:00,Miscellaneous,Reporter,Unrelated,Satire,0.0
438,channeldhaka.news,2018-08-17T15:57:22+00:00,Entertainment,Reporter,Related,Satire,0.0
439,bengalbeats.com,2019-04-01T10:52:02+00:00,Miscellaneous,Reporter,Unrelated,Satire,0.0
440,earki.com,"১৮:৫০, নভেম্বর ১৪, ২০১৮ ",Politics,Reporter,Related,Satire,0.0
441,channeldhaka.news,2019-01-27T19:30:32+00:00,Entertainment,Reporter,Related,Satire,0.0
442,channeldhaka.news,2019-01-21T17:40:29+00:00,Miscellaneous,Reporter,Unrelated,Satire,0.0
443,channeldhaka.news,2019-01-28T09:27:27+00:00,Miscellaneous,Reporter,Related,Satire,0.0
444,sangbadprotidin24.com,2017-08-24T16:56:59+00:00,Miscellaneous,Reporter,Unrelated,Clickbaits,0.0
445,channeldhaka.news,2018-08-10T09:45:37+00:00,Miscellaneous,Reporter,Unrelated,Satire,0.0
446,channeldhaka.news,2018-09-18T15:07:29+00:00,Miscellaneous,Reporter,Unrelated,Satire,0.0
447,bengalbeats.com,2019-03-18T18:33:39+00:00,Lifestyle,Reporter,Unrelated,Satire,0.0
448,channeldhaka.news,2019-05-24T19:25:51+00:00,Miscellaneous,Reporter,Unrelated,Satire,0.0
449,channeldhaka.news,2019-01-29T23:17:50+00:00,Lifestyle,Reporter,Unrelated,Satire,0.0
450,bengalbeats.com,2019-07-05T14:50:54+00:00,Sports,Reporter,Unrelated,Satire,0.0
451,bengalbeats.com,2019-04-25T12:32:58+00:00,Miscellaneous,Reporter,Unrelated,Satire,0.0
452,bengalbeats.com,2019-07-11T18:54:11+00:00,Miscellaneous,Reporter,Unrelated,Satire,0.0
453,motikontho.wordpress.com,2014-07-30T13:39:37+00:00,Miscellaneous,Reporter,Unrelated,Satire,0.0
454,alokitobangladesh.com,2019-03-25 09:28:31,International,reporter,related,Fake,0.0
455,channeldhaka.news,2018-07-21T17:26:56+00:00,Crime,Reporter,Unrelated,Satire,0.0
456,earki.com,"সেম্বর ২০, ২০১৮ ",Miscellaneous,Reporter,Unrelated,Satire,0.0
457,bengalbeats.com,2019-03-05T14:10:15+00:00,Miscellaneous,Reporter,Unrelated,Satire,0.0
458,bengalbeats.com,2019-03-20T16:19:10+00:00,National,Reporter,Unrelated,Satire,0.0
459,motikontho.wordpress.com,2014-10-25T10:30:33+00:00,Miscellaneous,Reporter,Unrelated,Satire,0.0
460,bengalbeats.com,2019-04-27T14:57:39+00:00,Miscellaneous,Reporter,Unrelated,Satire,0.0
461,The Report24.com,2018-09-01T16:56:59+00:00,Lifestyle,Reporter,Unrelated,Satire,0.0
462,motikontho.wordpress.com,2011-11-30T07:01:40+00:00,Miscellaneous,Reporter,Unrelated,Satire,0.0
463,channeldhaka.news,2018-08-20T03:23:11+00:00,Miscellaneous,Reporter,Unrelated,Satire,0.0
464,jugantor.com,2019-07-15 00:00:00,International,ইউনেস্কো ,related,Fake,0.0
465,earki.com,"সেম্বর ১৪, ২০১৮ ",Politics,Reporter,Related,Satire,0.0
466,earki.com,"০৬:০৪, নভেম্বর ১১, ২০১৮ ",Miscellaneous,Reporter,Unrelated,Satire,0.0
467,earki.com,"সেম্বর ২৬, ২০১৮ ",Miscellaneous,Reporter,Unrelated,Satire,0.0
468,channeldhaka.news,2019-05-16T10:04:27+00:00,Entertainment,Reporter,Unrelated,Satire,0.0
469,motikontho.wordpress.com,2015-02-25T11:43:12+00:00,Miscellaneous,Reporter,Unrelated,Satire,0.0
470,earki.com,"২০:৪৫, জানুয়ারি ২৪, ২০১৯ ",Miscellaneous,Reporter,Unrelated,Satire,0.0
471,earki.com,"১৮:০৯, জানুয়ারি ২২, ২০১৯ ",Miscellaneous,Reporter,Unrelated,Satire,0.0
472,earki.com,"সেম্বর ২৫, ২০১৮ ",Miscellaneous,Reporter,Unrelated,Satire,0.0
473,channeldhaka.news,2019-05-01T10:11:46+00:00,Miscellaneous,Reporter,Unrelated,Satire,0.0
474,bengalbeats.com,2019-03-21T19:03:28+00:00,Crime,Reporter,Unrelated,Satire,0.0
475,bengalbeats.com,2019-04-23T15:34:33+00:00,Miscellaneous,Reporter,Unrelated,Satire,0.0
476,channeldhaka.news,2018-09-13T15:50:34+00:00,Entertainment,Reporter,Unrelated,Satire,0.0
477,earki.com,"২১:২২, জানুয়ারি ০৬, ২০১৯ ",Politics,Reporter,Unrelated,Satire,0.0
478,motikontho.wordpress.com,2015-10-29T20:59:16+00:00,Miscellaneous,Reporter,Unrelated,Satire,0.0
479,channeldhaka.news,2017-11-10T15:36:04+00:00,Miscellaneous,Reporter,Unrelated,Satire,0.0
480,channeldhaka.news,2018-08-14T07:29:25+00:00,International,মালয়েশিয়ার উপ-স্বাস্থ্যমন্ত্রী ,Unrelated,Satire,0.0
481,bengalbeats.com,2019-05-04T19:52:07+00:00,Education,Reporter,Unrelated,Satire,0.0
482,motikontho.wordpress.com,2011-03-31T14:41:59+00:00,Miscellaneous,Reporter,Unrelated,Satire,0.0
483,motikontho.wordpress.com,2014-12-26T22:05:33+00:00,Miscellaneous,Reporter,Unrelated,Satire,0.0
484,channeldhaka.news,2019-04-21T17:18:52+00:00,Miscellaneous,Reporter,Unrelated,Satire,0.0
485,earki.com,"১৬:৩৮, জানুয়ারি ০৫, ২০১৯ ",Miscellaneous,Reporter,Related,Satire,0.0
486,motikontho.wordpress.com,2014-10-28T21:02:52+00:00,Politics,Reporter,Unrelated,Satire,0.0
487,bengalbeats.com,2019-04-21T14:17:32+00:00,Miscellaneous,Reporter,Unrelated,Satire,0.0
488,motikontho.wordpress.com,2012-08-31T07:22:51+00:00,Politics,বেগম জিয়া ,Related,Satire,0.0
489,gonews24.com,1566590405,Entertainment,Reporter,Unrelated,Clickbaits,0.0
490,motikontho.wordpress.com,2012-10-31T17:11:40+00:00,International,Reporter,Related,Satire,0.0
491,earki.com,"১৬:২৪, জানুয়ারি ৩১, ২০১৯ ",Entertainment,Reporter,Unrelated,Satire,0.0
492,earki.com,"১৯:৩৭, জানুয়ারি ৩০, ২০১৯ ",Miscellaneous,Reporter,Unrelated,Satire,0.0
493,channeldhaka.news,2018-11-25T21:20:14+00:00,Technology,Reporter,Related,Satire,0.0
494,motikontho.wordpress.com,2012-10-30T11:33:15+00:00,Miscellaneous,Reporter,Unrelated,Satire,0.0
495,earki.com,2019-03-14T02:33:32+00:00,Politics,হিরো আলম,Unrelated,Satire,0.0
496,earki.com,"১৭:৩৮, জানুয়ারি ২২, ২০১৯ ",Lifestyle,Reporter,Unrelated,Satire,0.0
497,motikontho.wordpress.com,2012-08-31T17:08:57+00:00,Miscellaneous,Reporter,Unrelated,Satire,0.0
498,sarcasmnews.fun,2018-10-06T19:08:53+00:00,Crime,Reporter,Unrelated,Satire,0.0
500,motikontho.wordpress.com,2014-01-31T13:24:28+00:00,Politics,Reporter,Unrelated,Satire,0.0
501,earki.com,"২১:৩৫, জানুয়ারি ২১, ২০১৯ ",Miscellaneous,Reporter,Unrelated,Satire,0.0
502,agooannews.com,2018-04-05T05:15:46+00:00,Miscellaneous,Reporter,Unrelated,Clickbaits,0.0
503,channeldhaka.news,2018-08-21T19:29:01+00:00,Crime,জার্মান আওয়ামী লীগের যুগ্ম সাধারণ সম্পাদক,Related,Satire,0.0
504,channeldhaka.news,2019-06-07T14:53:51+00:00,Miscellaneous,Reporter,Unrelated,Satire,0.0
505,motikontho.wordpress.com,2015-07-29T15:02:46+00:00,Miscellaneous,Reporter,Unrelated,Satire,0.0
506,prothombhor.net,2017-08-24T16:56:59+00:00,Entertainment,Reporter,Unrelated,Clickbaits,0.0
507,motikontho.wordpress.com,2013-05-31T12:23:47+00:00,Miscellaneous,Reporter,Unrelated,Satire,0.0
508,bengalbeats.com,2019-03-11T21:16:19+00:00,International,বিশেষ কিন্তু নাম প্রকাশে অনিচ্ছুক প্রতিনিধি,Unrelated,Satire,0.0
509,motikontho.wordpress.com,2011-10-31T14:52:59+00:00,Miscellaneous,Reporter,Related,Satire,0.0
510,bengalbeats.com,2019-06-07T19:29:24+00:00,Miscellaneous,Reporter,Unrelated,Satire,0.0
511,motikontho.wordpress.com,2014-04-21T13:54:43+00:00,Miscellaneous,Reporter,Unrelated,Satire,0.0
512,earki.com,2019-03-14T02:33:32+00:00,Miscellaneous,Reporter,Unrelated,Satire,0.0
513,bengalbeats.com,2019-03-25T20:32:55+00:00,Miscellaneous,Reporter,Unrelated,Satire,0.0
514,bengalbeats.com,2019-04-12T18:30:44+00:00,Miscellaneous,Reporter,Unrelated,Satire,0.0
515,motikontho.wordpress.com,2012-01-31T17:16:36+00:00,Miscellaneous,Reporter,Unrelated,Satire,0.0
516,bengaliviralnews.com,2019-05-29T10:20:52+00:00,International,Reporter,Unrelated,Clickbaits,0.0
517,channeldhaka.news,2018-11-12T16:24:38+00:00,Politics,Reporter,Unrelated,Satire,0.0
518,bengalbeats.com,2019-02-25T20:47:23+00:00,Miscellaneous,Reporter,Unrelated,Satire,0.0
519,earki.com,"১৬:২৫, জানুয়ারি ০২, ২০১৯ ",Politics,Reporter,Unrelated,Satire,0.0
520,motikontho.wordpress.com,2011-04-27T13:39:27+00:00,Miscellaneous,Reporter,Unrelated,Satire,0.0
521,earki.com,"২০:১৪, জানুয়ারি ১২, ২০১৯ ",Miscellaneous,Reporter,Related,Satire,0.0
522,notunshokal.com,2019-03-9 20:14:10,Entertainment,reporter,related,Fake,0.0
523,ctnews7,2018-09-15T07:53:32+00:00,Miscellaneous,Reporter,Related,Satire,0.0
524,earki.com,"১৯:১০, জানুয়ারি ০৫, ২০১৯ ",Miscellaneous,Reporter,Related,Satire,0.0
525,bengalbeats.com,2019-05-30T15:31:02+00:00,Entertainment,Reporter,Unrelated,Satire,0.0
526,motikontho.wordpress.com,2014-08-27T19:11:33+00:00,Miscellaneous,Reporter,Unrelated,Satire,0.0
527,earki.com,"সেম্বর ১৭, ২০১৮ ",Lifestyle,Reporter,Unrelated,Satire,0.0
528,channeldhaka.news,2019-05-18T14:43:01+00:00,Miscellaneous,Reporter,Unrelated,Satire,0.0
529,earki.com,2019-03-14T02:33:32+00:00,Technology,মার্কিন অধ্যাপক,Unrelated,Satire,0.0
530,earki.com,2019-03-14T02:33:32+00:00,Crime,Reporter,Unrelated,Satire,0.0
531,bengaliviralnews.com,2018-02-13T16:56:40+00:00,Entertainment,Reporter,Unrelated,Clickbaits,0.0
532,motikontho.wordpress.com,2011-03-31T09:30:43+00:00,Sports,Reporter,Unrelated,Satire,0.0
533,bengalbeats.com,2019-04-02T20:57:47+00:00,Crime,Reporter,Unrelated,Satire,0.0
534,channeldhaka.news,2019-05-07T19:41:45+00:00,Miscellaneous,Reporter,Unrelated,Satire,0.0
535,channeldhaka.news,2018-07-17T16:04:47+00:00,Miscellaneous,Reporter,Unrelated,Satire,0.0
536,earki.com,"েম্বর ২৭, ২০১৮ ",Miscellaneous,Reporter,Unrelated,Satire,0.0
537,channeldhaka.news,2019-04-03T22:26:26+00:00,Miscellaneous,Reporter,Unrelated,Satire,0.0
538,earki.com,২ ঘন্টা ২১ মিনিট আগে,Miscellaneous,Reporter,Unrelated,Satire,0.0
539,channeldhaka.news,2019-01-16T17:20:27+00:00,Sports,Reporter,Unrelated,Satire,0.0
540,channeldhaka.news,2018-06-02T18:23:51+00:00,Miscellaneous,Reporter,Unrelated,Satire,0.0
541,earki.com,2019-03-14T02:33:32+00:00,Politics,Reporter,Unrelated,Satire,0.0
542,earki.com,"সেম্বর ১১, ২০১৮ ",Miscellaneous,Reporter,Unrelated,Satire,0.0
543,earki.com,"১৮:৩৬, জানুয়ারি ০২, ২০১৯ ",National,Reporter,Related,Satire,0.0
544,channeldhaka.news,2019-05-22T22:35:11+00:00,Miscellaneous,Reporter,Unrelated,Satire,0.0
545,bengalbeats.com,2019-07-29T18:26:12+00:00,Politics,মশার ওষুধওয়ালা আংকেল,Unrelated,Satire,0.0
546,earki.com,"১৪:৩২, নভেম্বর ১৫, ২০১৮ ",Miscellaneous,Reporter,Unrelated,Satire,0.0
547,bengalbeats.com,2019-03-14T11:54:55+00:00,Miscellaneous,Reporter,Unrelated,Satire,0.0
548,bengalbeats.com,2019-06-24T17:41:45+00:00,Miscellaneous,Reporter,Unrelated,Satire,0.0
549,channeldhaka.news,2018-10-28T09:10:03+00:00,Miscellaneous,Reporter,Unrelated,Satire,0.0
550,motikontho.wordpress.com,2012-04-29T17:55:36+00:00,Miscellaneous,Reporter,Unrelated,Satire,0.0
551,bangladeshonline24.com,2018-09-16T13:02:36+00:00,Technology,Reporter,Unrelated,Clickbaits,0.0
552,bengalbeats.com,2018-10-27T06:41:37+00:00,Miscellaneous,Reporter,Unrelated,Satire,0.0
553,channeldhaka.news,2018-09-10T17:03:10+00:00,Entertainment,Reporter,Unrelated,Satire,0.0
554,earki.com,"সেম্বর ১২, ২০১৮ ",Miscellaneous,Reporter,Related,Satire,0.0
555,channeldhaka.news,2017-09-19T12:11:07+00:00,Technology,Reporter,Related,Satire,0.0
556,earki.com,"১৫:২০, জানুয়ারি ২০, ২০১৯ ",Miscellaneous,Reporter,Unrelated,Satire,0.0
557,earki.com,"সেম্বর ২৫, ২০১৮ ",Miscellaneous,Reporter,Related,Satire,0.0
558,channeldhaka.news,2019-05-20T03:33:53+00:00,Miscellaneous,Reporter,Unrelated,Satire,0.0
559,bengaliviralnews.com,2019-01-14T17:48:58+00:00,International,Reporter,Unrelated,Clickbaits,0.0
560,earki.com,"২০:৪১, জানুয়ারি ১৪, ২০১৯ ",Miscellaneous,Reporter,Unrelated,Satire,0.0
561,earki.com,"সেম্বর ১৩, ২০১৮ ",National,রেলওয়ে কর্মকর্তা,Unrelated,Satire,0.0
562,probashkotha.com,2019-10-12 21:38:42,National,reporter,related,Fake,0.0
563,earki.com,"২১:০৬, ফেব্রুয়ারি ০৭, ২০১৯ ",Education,Reporter,Unrelated,Satire,0.0
564,motikontho.wordpress.com,2015-02-24T12:32:45+00:00,Politics,নাগরিক ঐক্যের প্রতিষ্ঠাতা আমীর,Unrelated,Satire,0.0
565,channeldhaka.news,2019-02-20T19:47:49+00:00,Crime,সিদ্ধিরগঞ্জ থানার উপ-পরিদর্শক এসআই ,Related,Satire,0.0
566,shadhinbangla24.com.bd,2018-06-24 06:19:59,Lifestyle,Reporter,Unrelated,Fake,0.0
567,bd-journal.com,2019-10-12 08:36:45,National,reporter,related,Fake,0.0
568,channeldhaka.news,2018-03-12T09:46:43+00:00,Crime,Reporter,Unrelated,Satire,0.0
569,bengaliviralnews.com,2018-01-12T16:01:12+00:00,Entertainment,Reporter,Unrelated,Clickbaits,0.0
570,bengaliviralnews.com,2019-06-08T14:06:43+00:00,Miscellaneous,Reporter,Unrelated,Clickbaits,0.0
571,bengaliviralnews.com,2019-07-03T18:46:31+00:00,International,Reporter,Unrelated,Clickbaits,0.0
572,motikontho.wordpress.com,2014-08-25T14:16:41+00:00,Politics,Reporter,Unrelated,Satire,0.0
573,earki.com,"সেম্বর ০২, ২০১৮ ",Politics,Reporter,Unrelated,Satire,0.0
574,bengalbeats.com,2018-10-16T15:22:14+00:00,Lifestyle,Reporter,Unrelated,Satire,0.0
575,bengali.oneindia.com,2019-03-9 20:14:10,Entertainment,reporter,related,Fake,0.0
576,earki.com,"সেম্বর ০৯, ২০১৮ ",Lifestyle,Reporter,Unrelated,Satire,0.0
577,earki.com,"সেম্বর ২২, ২০১৮ ",Miscellaneous,Reporter,Unrelated,Satire,0.0
578,channeldhaka.news,2019-02-09T23:06:33+00:00,National,Reporter,Related,Satire,0.0
579,channeldhaka.news,2019-01-17T10:21:20+00:00,Miscellaneous,Reporter,Unrelated,Satire,0.0
580,bengalbeats.com,2019-05-07T19:18:10+00:00,Lifestyle,প্রতিনিধি,Related,Satire,0.0
581,channeldhaka.news,2019-04-29T11:49:46+00:00,Lifestyle,Reporter,Unrelated,Satire,0.0
582,earki.com,"১৮:৩২, জানুয়ারি ০৯, ২০১৯ ",Education,Reporter,Unrelated,Satire,0.0
583,channeldhaka.news,2018-10-05T15:22:31+00:00,International,ডেপুটি চিফ জাস্টিস,Related,Satire,0.0
584,earki.com,"সেম্বর ২৪, ২০১৮ ",Miscellaneous,Reporter,Unrelated,Satire,0.0
585,channeldhaka.news,2018-01-23T15:35:45+00:00,Politics,জাতীয় পার্টির চেয়ারম্যান,Related,Satire,0.0
586,bengalbeats.com,2019-06-10T20:20:22+00:00,Miscellaneous,Reporter,Unrelated,Satire,0.0
587,earki.com,"সেম্বর ১১, ২০১৮ ",Sports,Repporter,Unrelated,Satire,0.0
588,earki.com,"সেম্বর ১১, ২০১৮ ",Miscellaneous,Reporter,Unrelated,Satire,0.0
589,nirapadnews.com,2017-07-02 03:56:00,International,reporter,related,Fake,0.0
590,channeldhaka.news,2018-01-11T14:49:33+00:00,Miscellaneous,Reporter,Unrelated,Satire,0.0
591,motikontho.wordpress.com,2012-01-31T13:57:24+00:00,Politics,Reporter,Unrelated,Satire,0.0
592,bengalbeats.com,2019-02-11T20:19:10+00:00,Miscellaneous,Reporter,Unrelated,Satire,0.0
593,channeldhaka.news,2019-05-20T14:53:40+00:00,Politics,তথ্যমন্ত্রী ,Related,Satire,0.0
594,bengalbeats.com,2019-05-06T20:12:58+00:00,Miscellaneous,Reporter,Unrelated,Satire,0.0
595,bengalbeats.com,2019-04-26T12:46:03+00:00,Miscellaneous,Reporter,Unrelated,Satire,0.0
596,earki.com,"২১:১৭, ফেব্রুয়ারি ০৩, ২০১৯ ",Politics,eআরকি জবস টিমের সদস্যরা ,Unrelated,Satire,0.0
597,bengaliviralnews.com,2019-01-13T12:16:27+00:00,International,Reporter,Unrelated,Clickbaits,0.0
598,bdtype.com,2018-09-03T14:28:48+00:00,Miscellaneous,Reporter,Unrelated,Clickbaits,0.0
599,motikontho.wordpress.com,2015-01-31T14:43:37+00:00,Miscellaneous,Reporter,Unrelated,Satire,0.0
600,earki.com,"২১:২৯, জানুয়ারি ১৪, ২০১৯ ",Entertainment,Reporter,Unrelated,Satire,0.0
601,earki.com,"২০:০৫, জানুয়ারি ১০, ২০১৯ ",Entertainment,Reporter,Unrelated,Satire,0.0
602,earki.com,"্টোবর ২৮, ২০১৮ ",Miscellaneous,Reporter,Unrelated,Satire,0.0
603,channeldhaka.news,2019-03-17T15:34:05+00:00,Miscellaneous,Reporter,Unrelated,Satire,0.0
604,bengaliviralnews.com,2019-03-28T06:38:28+00:00,Miscellaneous,Reporter,Unrelated,Clickbaits,0.0
605,earki.com,"১৫:৩৮, জানুয়ারি ১৪, ২০১৯ ",Lifestyle,Reporter,Related,Satire,0.0
606,channeldhaka.news,2018-07-12T07:40:54+00:00,Sports,Reporter,Unrelated,Satire,0.0
607,channeldhaka.news,2018-09-09T13:37:59+00:00,Entertainment,Reporter,Unrelated,Satire,0.0
608,bengalbeats.com,2019-04-07T22:34:05+00:00,Miscellaneous,Reporter,Unrelated,Satire,0.0
609,earki.com,"২০:০৫, ফেব্রুয়ারি ০৬, ২০১৯ ",Miscellaneous,Reporter,Unrelated,Satire,0.0
610,alokitobangladesh.com,2019-03-27 00:00:00,International,reporter,related,Fake,0.0
611,sylhetprotidin24.com,2017-08-24T16:56:59+00:00,Politics,সামাজিক যোগাযোগ মাধ্যম,Related,Fake,0.0
612,earki.com,"্টোবর ২৫, ২০১৮ ",Miscellaneous,Reporter,Unrelated,Satire,0.0
613,bengaliviralnews.com,2019-05-28T12:10:03+00:00,Entertainment,Reporter,Unrelated,Clickbaits,0.0
614,motikontho.wordpress.com,2013-10-28T04:03:55+00:00,Politics,Reporter,Unrelated,Satire,0.0
615,earki.com,"১৯:৫৭, জানুয়ারি ০৬, ২০১৯ ",Education,Reporter,Unrelated,Satire,0.0
616,channeldhaka.news,2019-04-13T12:05:33+00:00,Lifestyle,Reporter,Unrelated,Satire,0.0
617,channeldhaka.news,2018-11-16T18:28:17+00:00,National,"No Trusted Source Found ,Reporter",Related,Satire,0.0
618,channeldhaka.news,2018-08-11T13:37:16+00:00,Miscellaneous,Reporter,Unrelated,Satire,0.0
619,earki.com,"সেম্বর ১১, ২০১৮ ",Miscellaneous,Reporter,Unrelated,Satire,0.0
620,sarcasmnews.fun,2018-10-06T07:17:44+00:00,Miscellaneous,Reporter,Unrelated,Satire,0.0
621,channeldhaka.news,2019-03-04T15:03:42+00:00,Technology,সোহুর,Unrelated,Satire,0.0
622,earki.com,2019-03-14T02:33:32+00:00,Technology,Reporter,Unrelated,Satire,0.0
623,bengalbeats.com,2019-03-22T15:40:56+00:00,Education,Reporter,Unrelated,Satire,0.0
624,channeldhaka.news,2019-03-17T22:04:59+00:00,Miscellaneous,Reporter,Unrelated,Satire,0.0
625,motikontho.wordpress.com,2012-05-20T06:34:51+00:00,Politics,Reporter,Unrelated,Satire,0.0
626,channeldhaka.news,2018-07-04T18:07:11+00:00,Sports,Reporter,Unrelated,Satire,0.0
627,motikontho.wordpress.com,2013-07-30T13:06:43+00:00,Miscellaneous,Reporter,Unrelated,Satire,0.0
628,bengaliviralnews.com,2018-02-14T06:55:43+00:00,Miscellaneous,Reporter,Unrelated,Clickbaits,0.0
629,bengalbeats.com,2019-08-20T12:30:34+00:00,Miscellaneous,Reporter,Unrelated,Satire,0.0
630,earki.com,"১৮:০৭, জানুয়ারি ২৪, ২০১৯ ",Miscellaneous,Reporter,Unrelated,Satire,0.0
631,motikontho.wordpress.com,2013-09-29T11:50:17+00:00,Miscellaneous,Reporter,Unrelated,Satire,0.0
632,earki.com,"েম্বর ১৫, ২০১৮ ",Politics,Reporter,Unrelated,Satire,0.0
633,channeldhaka.news,2019-05-04T19:59:48+00:00,Crime,Reporter,Related,Satire,0.0
634,deshebideshe.com,2015-03-11 00:00:00,National,বনানী থানার ভারপ্রাপ্ত কর্মকর্তা (ওসি),related,Fake,0.0
635,earki.com,"সেম্বর ২৪, ২০১৮ ",Education,Reporter,Unrelated,Satire,0.0
636,motikontho.wordpress.com,2013-10-17T13:16:15+00:00,Miscellaneous,Reporter,Related,Satire,0.0
637,earki.com,"০০:৫৩, জানুয়ারি ১৯, ২০১৯ ",Lifestyle,Reporter,Unrelated,Satire,0.0
638,channeldhaka.news,2019-06-10T16:57:45+00:00,Miscellaneous,Reporter,Unrelated,Satire,0.0
639,channeldhaka.news,2019-05-07T13:53:12+00:00,Miscellaneous,Reporter,Unrelated,Satire,0.0
640,bengaliviralnews.com,2019-04-16T14:43:51+00:00,Miscellaneous,Reporter,Unrelated,Clickbaits,0.0
641,bengalbeats.com,2019-06-04T16:25:00+00:00,Miscellaneous,Reporter,Unrelated,Satire,0.0
642,earki.com,"১৩:৩৫, জানুয়ারি ২৯, ২০১৯ ",National,Reporter,Related,Satire,0.0
643,earki.com,"২০:৫৯, জানুয়ারি ১৬, ২০১৯ ",Miscellaneous,Reporter,Unrelated,Satire,0.0
644,bengalbeats.com,2019-07-14T18:00:47+00:00,Miscellaneous,Reporter,Unrelated,Satire,0.0
645,channeldhaka.news,2019-02-14T22:51:15+00:00,Miscellaneous,Reporter,Unrelated,Satire,0.0
646,ctnews7,2018-09-04T07:20:36+00:00,Miscellaneous,"Reporter,astrology",Related,Satire,0.0
647,motikontho.wordpress.com,2014-10-29T17:59:49+00:00,Miscellaneous,Reporter,Unrelated,Satire,0.0
648,channeldhaka.news,2019-02-05T18:40:39+00:00,International,Reporter,Unrelated,Satire,0.0
649,earki.com,"েম্বর ২৬, ২০১৮ ",Miscellaneous,Reporter,Unrelated,Satire,0.0
650,motikontho.wordpress.com,2013-05-30T12:30:51+00:00,National,এক সংবাদ সম্মেলনে ফখা ইবনে চখা,Related,Satire,0.0
651,bengalbeats.com,2019-07-03T15:39:47+00:00,Miscellaneous,Reporter,Unrelated,Satire,0.0
652,channeldhaka.news,2017-08-25T17:28:37+00:00,Entertainment,Reporter,Unrelated,Satire,0.0
653,earki.com,"২১:৪৯, জানুয়ারি ২৩, ২০১৯ ",Miscellaneous,Reporter,Related,Satire,0.0
654,motikontho.wordpress.com,2013-04-29T03:47:35+00:00,Politics,Reporter,Unrelated,Satire,0.0
655,channeldhaka.news,2019-04-27T15:57:55+00:00,Miscellaneous,Reporter,Unrelated,Satire,0.0
656,earki.com,"সেম্বর ০৯, ২০১৮ ",Miscellaneous,Reporter,Unrelated,Satire,0.0
657,channeldhaka.news,2019-04-13T11:25:32+00:00,Crime,Reporter,Unrelated,Satire,0.0
658,earki.com,"সেম্বর ১৯, ২০১৮ ",Lifestyle,এক নেতার ফেসবুক স্ট্যাটাস,Related,Satire,0.0
659,bengalbeats.com,2019-06-21T17:22:54+00:00,Miscellaneous,Reporter,Unrelated,Satire,0.0
660,motikontho.wordpress.com,2012-03-31T13:42:35+00:00,Miscellaneous,Reporter,Unrelated,Satire,0.0
661,channeldhaka.news,2018-11-03T05:45:56+00:00,Technology,Reporter,Unrelated,Satire,0.0
662,bengalbeats.com,2019-05-02T15:50:47+00:00,Miscellaneous,Reporter,Unrelated,Satire,0.0
663,earki.com,"সেম্বর ২৭, ২০১৮ ",Miscellaneous,Reporter,Unrelated,Satire,0.0
664,earki.com,2019-03-14T02:33:32+00:00,Technology,Reporter,Unrelated,Satire,0.0
665,channeldhaka.news,2019-04-24T14:52:14+00:00,Miscellaneous,Reporter,Unrelated,Satire,0.0
666,channeldhaka.news,2018-12-10T15:08:01+00:00,Technology,Reporter,Unrelated,Satire,0.0
667,bengaliviralnews.com,2019-07-20T16:21:15+00:00,Technology,Reporter,Unrelated,Clickbaits,0.0
668,bengalbeats.com,2019-01-29T11:47:40+00:00,Miscellaneous,Reporter,Unrelated,Satire,0.0
669,motikontho.wordpress.com,2014-02-23T12:42:15+00:00,Miscellaneous,Reporter,Unrelated,Satire,0.0
670,motikontho.wordpress.com,2011-11-30T12:20:53+00:00,Miscellaneous,Reporter,Unrelated,Satire,0.0
671,motikontho.wordpress.com,2012-02-28T01:09:21+00:00,Miscellaneous,Reporter,Unrelated,Satire,0.0
672,bengalbeats.com,2019-04-11T21:22:51+00:00,National,আগ্রার সিকান্দ্রায় অবস্থানরত একজন লোক,Unrelated,Satire,0.0
673,bengalbeats.com,2019-06-05T17:59:41+00:00,Miscellaneous,Reporter,Unrelated,Satire,0.0
674,channeldhaka.news,2019-05-17T22:40:37+00:00,National,"আবহাওয়া অধিদফতরের আবহাওয়াবিদ,ফায়ার সার্ভিস অ্যান্ড সিভিল ডিফেন্স সদর দফতরের ডিউটি অফিসার",Related,Satire,0.0
675,motikontho.wordpress.com,2011-05-31T13:47:17+00:00,Miscellaneous,Reporter,Unrelated,Satire,0.0
676,channeldhaka.news,2019-04-29T20:14:50+00:00,National,ফেইসবুকে লোকমান হাকিম নামের এক আইডি থেকে পোস্ট,Unrelated,Satire,0.0
677,channeldhaka.news,2019-05-28T17:18:02+00:00,Lifestyle,Reporter,Unrelated,Satire,0.0
678,bengalbeats.com,2018-09-10T12:31:22+00:00,Miscellaneous,Reporter,Unrelated,Satire,0.0
679,channeldhaka.news,2018-07-21T22:46:51+00:00,Lifestyle,Reporter,Related,Satire,0.0
680,channeldhaka.news,2018-09-23T13:41:24+00:00,Crime,Reporter,Unrelated,Satire,0.0
681,channeldhaka.news,2019-03-16T12:45:06+00:00,Lifestyle,Reporter,Related,Satire,0.0
682,earki.com,"২১:৫৫, ফেব্রুয়ারি ০৪, ২০১৯ ",Lifestyle,Reporter,Related,Satire,0.0
683,bengalbeats.com,2019-03-16T16:52:34+00:00,Miscellaneous,Reporter,Unrelated,Satire,0.0
684,motikontho.wordpress.com,2012-05-25T13:18:18+00:00,Miscellaneous,Reporter,Unrelated,Satire,0.0
685,bengaliviralnews.com,2019-02-05T15:06:54+00:00,Miscellaneous,Reporter,Unrelated,Clickbaits,0.0
686,earki.com,"১৮:৪৯, জানুয়ারি ১২, ২০১৯ ",Education,Reporter,Unrelated,Satire,0.0
687,bengalbeats.com,2019-05-15T20:39:34+00:00,Miscellaneous,Reporter,Unrelated,Satire,0.0
688,motikontho.wordpress.com,2013-02-26T18:26:57+00:00,Miscellaneous,Reporter,Unrelated,Satire,0.0
689,channeldhaka.news,2018-08-20T02:29:32+00:00,Lifestyle,Reporter,Unrelated,Satire,0.0
690,channeldhaka.news,2019-03-04T15:03:42+00:00,International,সোহুর,Related,Satire,0.0
691,earki.com,"েম্বর ১৩, ২০১৮ ",Miscellaneous,Reporter,Unrelated,Satire,0.0
692,motikontho.wordpress.com,2013-11-30T11:56:19+00:00,Politics,Reporter,Unrelated,Satire,0.0
693,bengalbeats.com,2019-05-08T19:19:08+00:00,Miscellaneous,Reporter,Unrelated,Satire,0.0
694,bengalbeats.com,2019-07-06T14:37:57+00:00,Miscellaneous,Reporter,Unrelated,Satire,0.0
695,channeldhaka.news,2018-12-21T12:09:09+00:00,Miscellaneous,Reporter,Unrelated,Satire,0.0
696,channeldhaka.news,2019-02-09T18:45:09+00:00,Lifestyle,Reporter,Related,Satire,0.0
697,news.zoombangla.com,2018-10-02T14:57:09+00:00,National,Reporter,Unrelated,Clickbaits,0.0
698,earki.com,"১৯:০৩, জানুয়ারি ০২, ২০১৯ ",Miscellaneous,Reporter,Unrelated,Satire,0.0
699,motikontho.wordpress.com,2012-05-20T11:35:07+00:00,Miscellaneous,Reporter,Unrelated,Satire,0.0
700,earki.com,"০২:২৫, জানুয়ারি ০৩, ২০১৯ ",Lifestyle,Reporter,Unrelated,Satire,0.0
701,channeldhaka.news,2019-04-04T12:29:11+00:00,Miscellaneous,Reporter,Unrelated,Satire,0.0
702,channeldhaka.news,2019-03-08T17:22:28+00:00,International,Reporter,Related,Satire,0.0
703,motikontho.wordpress.com,2011-12-30T12:18:07+00:00,Politics,Reporter,Unrelated,Satire,0.0
704,channeldhaka.news,2019-06-15T10:09:34+00:00,Miscellaneous,Reporter,Unrelated,Satire,0.0
705,earki.com,2019-03-14T02:33:32+00:00,Politics,Reporter,Unrelated,Satire,0.0
706,motikontho.wordpress.com,2011-04-25T05:45:09+00:00,National,Reporter,Unrelated,Satire,0.0
707,earki.com,"্টোবর ৩০, ২০১৮ ",Lifestyle,Reporter,Unrelated,Satire,0.0
708,channeldhaka.news,2019-01-21T18:25:00+00:00,Miscellaneous,Reporter,Unrelated,Satire,0.0
709,motikontho.wordpress.com,2013-03-31T11:09:01+00:00,Miscellaneous,Reporter,Unrelated,Satire,0.0
710,lastnewsbd.com,2018-10-03T05:00:54Z,International,Reporter,Unrelated,Clickbaits,0.0
711,channelionline.com,2018-03-19 13:05:00,Politics,দ্য স্ট্যাটিসটিক্স,related,Fake,0.0
712,motikontho.wordpress.com,2013-07-30T12:46:53+00:00,Miscellaneous,Reporter,Unrelated,Satire,0.0
713,bengalbeats.com,2019-05-13T16:29:31+00:00,Miscellaneous,Reporter,Unrelated,Satire,0.0
714,banglanews24.com,2018-12-27 19:38:28,National,খিলক্ষেত থানার ভারপ্রাপ্ত কর্মকর্তা (ওসি) ,related,Fake,0.0
715,channeldhaka.news,2018-06-05T08:58:14+00:00,Sports,Reporter,Unrelated,Satire,0.0
716,earki.com,"২০:১১, জানুয়ারি ২১, ২০১৯ ",National,Reporter,Unrelated,Satire,0.0
717,bangladeshonline24.com,2018-10-01T19:00:14+00:00,Lifestyle,Reporter,Unrelated,Clickbaits,0.0
718,channeldhaka.news,2017-12-24T17:15:46+00:00,Entertainment,Reporter,Unrelated,Satire,0.0
719,channeldhaka.news,2019-04-20T18:38:14+00:00,Miscellaneous,Reporter,Unrelated,Satire,0.0
720,channeldhaka.news,2018-02-26T09:08:00+00:00,Lifestyle,Reporter,Unrelated,Satire,0.0
721,bengalbeats.com,2019-02-17T19:11:35+00:00,Miscellaneous,Reporter,Unrelated,Satire,0.0
722,earki.com,"১৮:৫৬, জানুয়ারি ৩১, ২০১৯ ",Miscellaneous,বিজ্ঞাপন,Unrelated,Satire,0.0
723,earki.com,"সেম্বর ১২, ২০১৮ ",Lifestyle,Reporter,Related,Satire,0.0
724,channeldhaka.news,2019-02-07T17:01:10+00:00,International,আরব নিউজ,Unrelated,Satire,0.0
725,bengaliviralnews.com,2019-08-01T16:32:04+00:00,Education,Reporter,Unrelated,Clickbaits,0.0
726,bengalbeats.com,2018-09-17T04:56:28+00:00,Miscellaneous,Reporter,Unrelated,Satire,0.0
727,motikontho.wordpress.com,2012-03-28T03:12:38+00:00,Miscellaneous,Reporter,Unrelated,Satire,0.0
728,channeldhaka.news,2017-11-17T11:50:14+00:00,International,ডেইলি মেইল,Related,Satire,0.0
729,bengalbeats.com,2019-05-25T16:12:59+00:00,Miscellaneous,Reporter,Unrelated,Satire,0.0
730,channeldhaka.news,2018-11-10T15:25:42+00:00,National,Reporter,Unrelated,Satire,0.0
731,gonews24.com,1537377018,Sports,Reporter,Related,Clickbaits,0.0
732,channeldhaka.news,2019-03-13T12:25:36+00:00,Miscellaneous,Reporter,Unrelated,Satire,0.0
733,earki.com,"১৬:৩৯, জানুয়ারি ১৪, ২০১৯ ",Miscellaneous,Reporter,Unrelated,Satire,0.0
734,bengalbeats.com,2019-04-15T19:43:31+00:00,Miscellaneous,Reporter,Unrelated,Satire,0.0
735,earki.com,2019-03-14T02:33:32+00:00,Entertainment,Reporter,Unrelated,Satire,0.0
736,bengalbeats.com,2019-05-24T17:21:47+00:00,Miscellaneous,Reporter,Unrelated,Satire,0.0
737,channeldhaka.news,2019-01-16T23:20:27+00:00,Sports,Reporter,Unrelated,Satire,0.0
739,motikontho.wordpress.com,2013-10-27T21:13:03+00:00,Miscellaneous,Reporter,Unrelated,Satire,0.0
740,channeldhaka.news,2019-01-23T01:34:54+00:00,International,ডেইলি মেইল,Unrelated,Satire,0.0
741,motikontho.wordpress.com,2014-02-08T14:20:35+00:00,Miscellaneous,Reporter,Unrelated,Satire,0.0
742,bengalbeats.com,2019-07-10T21:22:24+00:00,Miscellaneous,Reporter,Unrelated,Satire,0.0
743,channeldhaka.news,2018-12-28T00:45:57+00:00,Miscellaneous,Reporter,Unrelated,Satire,0.0
744,channeldhaka.news,2018-06-08T14:48:23+00:00,Lifestyle,Reporter,Unrelated,Satire,0.0
745,earki.com,"সেম্বর ০৪, ২০১৮ ",Education,Reporter,Unrelated,Satire,0.0
746,channeldhaka.news,2018-11-02T15:27:42+00:00,Entertainment,Reporter,Unrelated,Satire,0.0
747,channeldhaka.news,2018-08-14T13:41:54+00:00,National,ইকোনমিস্ট ইনটেলিজেন্স ইউনিট,Related,Satire,0.0
748,bengalbeats.com,2019-05-06T16:11:11+00:00,Miscellaneous,Reporter,Unrelated,Satire,0.0
749,earki.com,"১৬:৩১, জানুয়ারি ১১, ২০১৯ ",International,Reporter,Unrelated,Satire,0.0
750,earki.com,"০৪:২৪, জানুয়ারি ০৬, ২০১৯ ",Miscellaneous,Reporter,Unrelated,Satire,0.0
751,daily-bangladesh.com,2019-11-17,National,এসপি,Unrelated,Clickbaits,0.0
752,motikontho.wordpress.com,2013-12-30T13:21:41+00:00,Miscellaneous,Reporter,Unrelated,Satire,0.0
753,channeldhaka.news,2019-05-08T16:41:50+00:00,Miscellaneous,Reporter,Unrelated,Satire,0.0
754,earki.com,"১৮:৪৫, জানুয়ারি ২৪, ২০১৯ ",Miscellaneous,Reporter,Related,Satire,0.0
755,channeldhaka.news,2018-03-12T15:46:43+00:00,Crime,Reporter,Unrelated,Satire,0.0
756,bengalbeats.com,2019-08-05T17:02:16+00:00,Entertainment,Reporter,Unrelated,Satire,0.0
757,channeldhaka.news,2019-01-29T17:17:50+00:00,National,Reporter,Unrelated,Satire,0.0
758,dailyjanakantha.com,2015-11-3 10:56:00,National,বনানী থানার ভারপ্রাপ্ত কর্মকর্তা (ওসি),related,Fake,0.0
759,channeldhaka.news,2018-02-26T15:08:00+00:00,Miscellaneous,Reporter,Unrelated,Satire,0.0
760,earki.com,"সেম্বর ১৮, ২০১৮ ",Politics,Reporter,Unrelated,Satire,0.0
761,motikontho.wordpress.com,2012-11-27T08:38:55+00:00,Politics,Reporter,Unrelated,Satire,0.0
762,channeldhaka.news,2019-02-11T01:54:21+00:00,Miscellaneous,Reporter,Unrelated,Satire,0.0
763,earki.com,"২০:৫৪, জানুয়ারি ২৭, ২০১৯ ",Education,Reporter,Unrelated,Satire,0.0
764,bengalbeats.com,2019-03-10T11:42:34+00:00,Miscellaneous,Reporter,Unrelated,Satire,0.0
765,mujibsenanews.com,2017-11-22 12:27:00,National,পিপলস অ্যান্ড পলিটিকস,related,Fake,0.0
766,channeldhaka.news,2019-05-09T11:34:26+00:00,Sports,Reporter,Unrelated,Satire,0.0
767,channeldhaka.news,2019-06-10T17:23:29+00:00,Miscellaneous,Reporter,Unrelated,Satire,0.0
768,motikontho.wordpress.com,2015-02-21T13:36:04+00:00,Miscellaneous,Reporter,Unrelated,Satire,0.0
769,bengalbeats.com,2019-03-15T20:36:18+00:00,National,Reporter,Unrelated,Satire,0.0
770,channeldhaka.news,2018-09-22T23:42:57+00:00,International,"স্কাইনিউজ, ম্যাশেবল, এবিসি নিউজ",Related,Satire,0.0
771,bn.ekusherbangladesh.com.bd,2017-08-24 16:56:59+00:00,Miscellaneous,Reporter,Unrelated,Fake,0.0
772,channeldhaka.news,2017-11-21T11:49:33+00:00,Crime,Reporter,Related,Satire,0.0
773,motikontho.wordpress.com,2012-12-31T12:50:14+00:00,Miscellaneous,Reporter,Unrelated,Satire,0.0
774,earki.com,"০৪:২৬, ফেব্রুয়ারি ০৫, ২০১৯ ",Sports,Reporter,Unrelated,Satire,0.0
775,channeldhaka.news,2019-03-02T20:47:40+00:00,Miscellaneous,Reporter,Unrelated,Satire,0.0
776,dhakatimes24.com,2017-07-14 12:44:00,Sports,ইংলিশ ট্যাবলয়েড পত্রিকা ডেইলি মেইল,related,Fake,0.0
777,earki.com,"সেম্বর ০৩, ২০১৮ ",Miscellaneous,বদিপত্নী,Unrelated,Satire,0.0
778,city24news.com,2018-09-18 20:48:17,Sports,reporter,related,Fake,0.0
779,earki.com,"২১:২১, জানুয়ারি ২২, ২০১৯ ",Miscellaneous,Reporter,Unrelated,Satire,0.0
780,motikontho.wordpress.com,2013-01-30T17:04:46+00:00,Miscellaneous,Reporter,Unrelated,Satire,0.0
781,bengalbeats.com,2019-04-17T19:06:54+00:00,Miscellaneous,Reporter,Unrelated,Satire,0.0
782,channeldhaka.news,2019-01-21T12:25:00+00:00,Miscellaneous,Reporter,Unrelated,Satire,0.0
783,sarcasmnews.fun,2018-10-02T19:31:03+00:00,Miscellaneous,Reporter,Unrelated,Satire,0.0
784,motikontho.wordpress.com,2014-05-29T11:41:40+00:00,Miscellaneous,Reporter,Related,Satire,0.0
785,bengaliviralnews.com,2019-08-21 20:12:20,Miscellaneous,reporter,related,Fake,0.0
786,channeldhaka.news,2019-02-09T23:18:16+00:00,International,Reporter,Unrelated,Satire,0.0
787,motikontho.wordpress.com,2013-03-31T11:39:29+00:00,Miscellaneous,Reporter,Unrelated,Satire,0.0
788,earki.com,"েম্বর ২৮, ২০১৮ ",Technology,Reporter,Unrelated,Satire,0.0
789,channeldhaka.news,2019-03-31T18:12:19+00:00,Miscellaneous,Reporter,Unrelated,Satire,0.0
790,channeldhaka.news,2019-02-10T15:39:24+00:00,Entertainment,Reporter,Unrelated,Satire,0.0
791,bengalbeats.com,2019-04-21T20:33:41+00:00,Entertainment,Reporter,Unrelated,Satire,0.0
792,channeldhaka.news,2019-05-16T10:04:27+00:00,Entertainment,Reporter,Related,Satire,0.0
793,motikontho.wordpress.com,2013-05-05T12:38:35+00:00,Miscellaneous,Reporter,Unrelated,Satire,0.0
794,rtvonline.com,2018-03-19 18:31:00,Politics,দ্য স্ট্যাটিসটিক্স,related,Fake,0.0
795,earki.com,"১৬:৩৮, অক্টোবর ২৫, ২০১৮ ",Entertainment,Reporter,Unrelated,Satire,0.0
796,channeldhaka.news,2019-05-31T16:15:22+00:00,Miscellaneous,Reporter,Unrelated,Satire,0.0
797,motikontho.wordpress.com,2015-01-29T05:00:35+00:00,Miscellaneous,Reporter,Unrelated,Satire,0.0
798,channeldhaka.news,2018-09-23T19:41:24+00:00,Miscellaneous,Reporter,Unrelated,Satire,0.0
799,earki.com,"২১:২৩, ফেব্রুয়ারি ০৬, ২০১৯ ",Education,Reporter,Related,Satire,0.0
800,channeldhaka.news,2019-01-10T03:44:12+00:00,International,Reporter,Unrelated,Satire,0.0
801,bengalbeats.com,2019-06-13T18:07:03+00:00,Miscellaneous,Reporter,Unrelated,Satire,0.0
802,earki.com,"২১:০০, জানুয়ারি ০৮, ২০১৯ ",Miscellaneous,Reporter,Related,Satire,0.0
803,bengalbeats.com,2019-04-28T13:59:34+00:00,Miscellaneous,Reporter,Unrelated,Satire,0.0
804,channeldhaka.news,2018-08-31T06:00:56+00:00,International,Reporter,Unrelated,Satire,0.0
805,motikontho.wordpress.com,2012-06-29T20:59:42+00:00,Politics,Reporter,Unrelated,Satire,0.0
806,earki.com,"েম্বর ২৭, ২০১৮ ",Sports,Reporter,Unrelated,Satire,0.0
807,bengalbeats.com,2019-05-20T19:17:33+00:00,Miscellaneous,Reporter,Unrelated,Satire,0.0
808,channeldhaka.news,2017-10-30T10:37:26+00:00,Entertainment,Reporter,Unrelated,Satire,0.0
809,channeldhaka.news,2019-02-07T10:41:21+00:00,Miscellaneous,Reporter,Unrelated,Satire,0.0
810,channeldhaka.news,2019-05-03T09:57:12+00:00,Lifestyle,Reporter,Unrelated,Satire,0.0
811,motikontho.wordpress.com,2012-09-28T04:57:35+00:00,International,Reporter,Unrelated,Satire,0.0
812,motikontho.wordpress.com,2014-01-28T14:39:53+00:00,Miscellaneous,Reporter,Unrelated,Satire,0.0
813,channeldhaka.news,2018-01-17T08:50:04+00:00,Lifestyle,Reporter,Unrelated,Satire,0.0
814,earki.com,"১৭:৫১, জানুয়ারি ২৪, ২০১৯ ",Politics,Reporter,Related,Satire,0.0
815,channeldhaka.news,2019-03-17T22:04:59+00:00,Miscellaneous,Reporter,Unrelated,Satire,0.0
816,earki.com,"সেম্বর ১৯, ২০১৮ ",Politics,Reporter,Unrelated,Satire,0.0
817,earki.com,"সেম্বর ২৭, ২০১৮ ",Miscellaneous,Reporter,Unrelated,Satire,0.0
818,channeldhaka.news,2019-02-01T22:17:01+00:00,Entertainment,Reporter,Unrelated,Satire,0.0
819,earki.com,"েম্বর ১৩, ২০১৮ ",Miscellaneous,Reporter,Unrelated,Satire,0.0
820,motikontho.wordpress.com,2013-11-27T17:43:45+00:00,National,"No Trusted Source Found ,Reporter",Related,Satire,0.0
821,motikontho.wordpress.com,2012-09-26T18:16:16+00:00,Entertainment,Reporter,Unrelated,Satire,0.0
822,bengalbeats.com,2019-05-08T15:18:51+00:00,Miscellaneous,Reporter,Unrelated,Satire,0.0
823,earki.com,"্টোবর ২৫, ২০১৮ ",Miscellaneous,Reporter,Unrelated,Satire,0.0
824,bengaliviralnews.com,2019-03-24T10:08:07+00:00,Miscellaneous,Reporter,Unrelated,Clickbaits,0.0
825,channeldhaka.news,2019-02-19T15:18:33+00:00,International,Reporter,Unrelated,Satire,0.0
826,motikontho.wordpress.com,2011-05-31T08:07:28+00:00,National,স্বরাষ্ট্রমন্ত্রী সাহারা খাতুন,Unrelated,Satire,0.0
827,channeldhaka.news,2019-05-06T09:46:40+00:00,National,"No Trusted Source Found ,Reporter",Unrelated,Satire,0.0
828,channeldhaka.news,2018-07-12T23:20:32+00:00,Entertainment,Reporter,Related,Satire,0.0
829,motikontho.wordpress.com,2012-11-23T23:33:09+00:00,Miscellaneous,Reporter,Unrelated,Satire,0.0
830,earki.com,"১৯:৩৯, জানুয়ারি ২০, ২০১৯ ",Miscellaneous,Reporter,Unrelated,Satire,0.0
831,bengaliviralnews.com,2019-07-31T16:27:35+00:00,Entertainment,Reporter,Unrelated,Clickbaits,0.0
832,earki.com,"১৭:৪৮, জানুয়ারি ২৪, ২০১৯ ",Miscellaneous,Reporter,Unrelated,Satire,0.0
833,channeldhaka.news,2019-05-23T14:32:26+00:00,Miscellaneous,Reporter,Unrelated,Satire,0.0
834,bengalbeats.com,2019-04-22T17:17:25+00:00,Entertainment,Reporter,Unrelated,Satire,0.0
835,somewhereinblog.net,2017-05-31 03:27:00,National,media,related,Fake,0.0
836,channeldhaka.news,2019-05-04T12:06:06+00:00,Miscellaneous,Reporter,Unrelated,Satire,0.0
837,bengaliviralnews.com,2018-01-26T08:00:13+00:00,Miscellaneous,Reporter,Unrelated,Clickbaits,0.0
838,dkpapers.com,2018-12-25T13:56:22+00:00,Miscellaneous,Reporter,Unrelated,Clickbaits,0.0
839,motikontho.wordpress.com,2015-06-16T09:47:48+00:00,Entertainment,Reporter,Unrelated,Satire,0.0
840,channeldhaka.news,2018-10-06T12:31:21+00:00,Miscellaneous,Reporter,Unrelated,Satire,0.0
841,bengalbeats.com,2019-05-31T21:32:46+00:00,Entertainment,Reporter,Unrelated,Satire,0.0
842,motikontho.wordpress.com,2014-11-25T15:00:30+00:00,Miscellaneous,Reporter,Unrelated,Satire,0.0
843,earki.com,"সেম্বর ২৭, ২০১৮ ",Miscellaneous,Reporter,Unrelated,Satire,0.0
844,bengalbeats.com,2019-03-13T18:24:26+00:00,Miscellaneous,Reporter,Unrelated,Satire,0.0
845,bengalbeats.com,2019-04-29T18:40:34+00:00,Miscellaneous,Reporter,Unrelated,Satire,0.0
846,bengalbeats.com,2019-06-17T17:21:35+00:00,Miscellaneous,Reporter,Unrelated,Satire,0.0
847,bengalbeats.com,2019-04-18T22:31:19+00:00,Miscellaneous,Reporter,Unrelated,Satire,0.0
848,motikontho.wordpress.com,2012-10-31T16:58:43+00:00,Miscellaneous,Reporter,Unrelated,Satire,0.0
849,channeldhaka.news,2019-05-03T10:13:45+00:00,Miscellaneous,Reporter,Unrelated,Satire,0.0
850,bengalbeats.com,2019-07-22T18:46:45+00:00,Miscellaneous,Reporter,Unrelated,Satire,0.0
851,channeldhaka.news,2019-05-22T19:32:02+00:00,Miscellaneous,Reporter,Unrelated,Satire,0.0
852,earki.com,"সেম্বর ০২, ২০১৮ ",Miscellaneous,Reporter,Unrelated,Satire,0.0
853,earki.com,"১৮:৫৮, জানুয়ারি ১১, ২০১৯ ",Sports,Reporter,Related,Satire,0.0
854,channeldhaka.news,2018-11-10T09:25:42+00:00,National,Reporter,Unrelated,Satire,0.0
855,channeldhaka.news,2019-02-20T19:47:49+00:00,Crime,সিদ্ধিরগঞ্জ থানার উপ-পরিদর্শক,Related,Satire,0.0
856,bengalbeats.com,2019-06-05T20:34:41+00:00,Entertainment,Reporter,Unrelated,Satire,0.0
857,earki.com,"েম্বর ১৩, ২০১৮ ",Miscellaneous,Reporter,Unrelated,Satire,0.0
858,motikontho.wordpress.com,2011-03-31T07:15:03+00:00,Sports,Reporter,Unrelated,Satire,0.0
859,channeldhaka.news,2018-09-05T11:17:10+00:00,National,ওবায়দুল কাদের,Related,Satire,0.0
860,channeldhaka.news,2019-05-02T09:57:44+00:00,Sports,Reporter,Unrelated,Satire,0.0
861,motikontho.wordpress.com,2012-06-19T13:52:31+00:00,Miscellaneous,Reporter,Unrelated,Satire,0.0
862,channeldhaka.news,2018-10-18T07:30:40+00:00,National,"No Trusted Source Found ,Reporter",Unrelated,Satire,0.0
863,channeldhaka.news,2019-05-04T12:06:06+00:00,Lifestyle,Reporter,Unrelated,Satire,0.0
864,channeldhaka.news,2018-10-06T19:11:36+00:00,National,পররাষ্ট্র মন্ত্রণালয়,Related,Satire,0.0
865,bengalbeats.com,2019-05-27T18:12:01+00:00,Miscellaneous,Reporter,Unrelated,Satire,0.0
866,channeldhaka.news,2019-06-03T06:01:30+00:00,Sports,Reporter,Unrelated,Satire,0.0
867,bengaliviralnews.com,2019-06-7 20:12:23,International,reporter,related,Fake,0.0
868,gonews24.com,1537293248,Entertainment,Reporter,Unrelated,Clickbaits,0.0
869,awarenessbulletin.blogspot.com,2019-02-1 00:00:00,National,reporter,related,Fake,0.0
870,earki.com,"সেম্বর ১০, ২০১৮ ",Miscellaneous,Reporter,Unrelated,Satire,0.0
871,channeldhaka.news,2019-05-03T10:13:45+00:00,Miscellaneous,Reporter,Unrelated,Satire,0.0
872,bengalbeats.com,2019-04-10T22:56:25+00:00,Miscellaneous,Reporter,Unrelated,Satire,0.0
873,channeldhaka.news,2018-10-16T14:21:54+00:00,Miscellaneous,Reporter,Unrelated,Satire,0.0
874,earki.com,"২১:৪০, জানুয়ারি ২১, ২০১৯ ",Lifestyle,Journalist,Unrelated,Satire,0.0
875,bengalbeats.com,2019-04-30T22:27:16+00:00,Miscellaneous,Reporter,Unrelated,Satire,0.0
876,earki.com,"সেম্বর ০৮, ২০১৮ ",Politics,Reporter,Unrelated,Satire,0.0
877,earki.com,"১৬:৩৯, জানুয়ারি ০৭, ২০১৯ ",Politics,Reporter,Related,Satire,0.0
878,earki.com,"২০:৪২, জানুয়ারি ২৯, ২০১৯ ",Miscellaneous,Reporter,Unrelated,Satire,0.0
879,bengaliviralnews.com,2019-06-13T12:23:50+00:00,Miscellaneous,Reporter,Unrelated,Clickbaits,0.0
880,channeldhaka.news,2018-09-17T11:40:00+00:00,Technology,Reporter,Unrelated,Satire,0.0
881,channeldhaka.news,2019-01-29T23:17:50+00:00,Miscellaneous,Reporter,Unrelated,Satire,0.0
882,motikontho.wordpress.com,2011-04-27T00:59:22+00:00,Politics,ইসলামী ঐক্যজোটের চেয়ারম্যান,Related,Satire,0.0
883,channeldhaka.news,2018-08-20T02:20:54+00:00,Education,Reporter,Unrelated,Satire,0.0
884,motikontho.wordpress.com,2013-02-27T01:38:37+00:00,Politics,Reporter,Unrelated,Satire,0.0
885,channeldhaka.news,2019-02-09T23:11:15+00:00,Miscellaneous,Reporter,Unrelated,Satire,0.0
886,channeldhaka.news,2019-01-29T23:17:50+00:00,Miscellaneous,Reporter,Unrelated,Satire,0.0
887,earki.com,"্টোবর ২৫, ২০১৮ ",Education,Reporter,Unrelated,Satire,0.0
888,channeldhaka.news,2018-08-15T17:21:12+00:00,Miscellaneous,Reporter,Unrelated,Satire,0.0
889,channeldhaka.news,2019-02-09T23:06:33+00:00,National,"No Trusted Source Found ,Reporter",Related,Satire,0.0
890,channeldhaka.news,2019-02-18T12:36:11+00:00,Technology,Reporter,Unrelated,Satire,0.0
891,channeldhaka.news,2019-02-09T23:18:16+00:00,Miscellaneous,Reporter,Unrelated,Satire,0.0
892,motikontho.wordpress.com,2012-02-25T08:14:17+00:00,International,নোবেল বিজয়ী অর্থনীতিবীদ,Unrelated,Satire,0.0
893,motikontho.wordpress.com,2015-02-25T09:45:02+00:00,Politics,Reporter,Unrelated,Satire,0.0
894,bengaliviralnews.com,2018-01-16T06:37:22+00:00,International,Reporter,Unrelated,Clickbaits,0.0
895,sylhettoday24.news,2018-02-20 05:13:00,International,জি নিউজ,related,Fake,0.0
896,earki.com,2019-03-14T02:33:32+00:00,Miscellaneous,Reporter,Unrelated,Satire,0.0
897,motikontho.wordpress.com,2014-04-15T15:32:53+00:00,Miscellaneous,Reporter,Unrelated,Satire,0.0
898,channeldhaka.news,2019-05-03T16:00:13+00:00,National,"No Trusted Source Found ,Reporter",Unrelated,Satire,0.0
899,earki.com,"১৯:১৫, জানুয়ারি ১৮, ২০১৯ ",Miscellaneous,Reporter,Related,Satire,0.0
900,channeldhaka.news,2019-02-09T15:10:06+00:00,Lifestyle,Reporter,Unrelated,Satire,0.0
901,channeldhaka.news,2019-01-21T23:40:29+00:00,Miscellaneous,Reporter,Related,Satire,0.0
902,channeldhaka.news,2018-07-18T22:51:47+00:00,Education,Reporter,Unrelated,Satire,0.0
903,channeldhaka.news,2017-08-22T20:10:48+00:00,International,Reporter,Unrelated,Satire,0.0
904,bengalbeats.com,2018-10-15T12:42:41+00:00,Education,Reporter,Related,Satire,0.0
905,earki.com,"সেম্বর ২০, ২০১৮ ",Lifestyle,Reporter,Related,Satire,0.0
906,bengalbeats.com,2019-03-06T19:35:58+00:00,Miscellaneous,Reporter,Unrelated,Satire,0.0
907,earki.com,"১৯:৪৪, জানুয়ারি ১১, ২০১৯ ",Miscellaneous,Reporter,Unrelated,Satire,0.0
908,channeldhaka.news,2019-02-13T13:17:46+00:00,Lifestyle,Reporter,Unrelated,Satire,0.0
909,motikontho.wordpress.com,2011-04-27T13:17:06+00:00,Miscellaneous,Reporter,Unrelated,Satire,0.0
910,bengalbeats.com,2019-04-30T14:24:56+00:00,Miscellaneous,Reporter,Unrelated,Satire,0.0
911,channeldhaka.news,2018-07-18T16:51:47+00:00,Education,Reporter,Unrelated,Satire,0.0
912,bengaliviralnews.com,2018-01-13T17:36:31+00:00,International,Reporter,Unrelated,Clickbaits,0.0
913,bengalbeats.com,2019-06-19T13:32:28+00:00,Lifestyle,বগুড়ার জসিম মৃধা নামক এক ব্যক্তি,Unrelated,Satire,0.0
914,channeldhaka.news,2019-05-25T18:24:38+00:00,Miscellaneous,Reporter,Unrelated,Satire,0.0
915,channeldhaka.news,2019-02-16T12:59:23+00:00,Miscellaneous,Reporter,Unrelated,Satire,0.0
916,earki.com,"১৯:৩০, জানুয়ারি ০৬, ২০১৯ ",Miscellaneous,Reporter,Unrelated,Satire,0.0
917,channeldhaka.news,2019-04-30T06:34:21+00:00,Miscellaneous,Reporter,Unrelated,Satire,0.0
918,earki.com,"১৫:৩৮, জানুয়ারি ৩১, ২০১৯ ",Miscellaneous,Reporter,Unrelated,Satire,0.0
919,shadhinbangla24,2018-06-24T06:19:59Z,Lifestyle,Reporter,Unrelated,Satire,0.0
920,earki.com,"েম্বর ২৯, ২০১৮ ",Politics,Reporter,Unrelated,Satire,0.0
921,earki.com,"সেম্বর ২৯, ২০১৮ ",Entertainment,Reporter,Unrelated,Satire,0.0
922,channeldhaka.news,2018-06-09T19:27:15+00:00,Miscellaneous,Reporter,Unrelated,Satire,0.0
923,earki.com,"েম্বর ২৫, ২০১৮ ",Miscellaneous,Reporter,Unrelated,Satire,0.0
924,channeldhaka.news,2018-12-22T12:13:54+00:00,Crime,Reporter,Unrelated,Satire,0.0
925,channeldhaka.news,2019-02-05T23:12:56+00:00,Miscellaneous,Reporter,Unrelated,Satire,0.0
926,earki.com,"সেম্বর ২৭, ২০১৮ ",National,Reporter,Unrelated,Satire,0.0
927,sarcasmnews.fun,2018-10-09T11:18:45+00:00,Lifestyle,Reporter,Unrelated,Satire,0.0
928,channeldhaka.news,2019-02-20T19:47:49+00:00,Crime,"No Trusted Source Found ,Reporter",Related,Satire,0.0
929,channeldhaka.news,2019-01-10T03:39:06+00:00,National,Reporter,Unrelated,Satire,0.0
930,bengalbeats.com,2018-12-22T13:04:52+00:00,Miscellaneous,Reporter,Unrelated,Satire,0.0
931,channeldhaka.news,2019-01-29T12:48:23+00:00,Miscellaneous,Reporter,Unrelated,Satire,0.0
932,channeldhaka.news,2018-10-10T15:28:56+00:00,Sports,Reporter,Unrelated,Satire,0.0
933,bengaliviralnews.com,2018-08-01T04:35:32+00:00,Miscellaneous,Reporter,Unrelated,Clickbaits,0.0
934,channeldhaka.news,2018-07-10T11:32:08+00:00,Miscellaneous,Reporter,Unrelated,Satire,0.0
935,channeldhaka.news,2018-01-11T20:49:33+00:00,Miscellaneous,Reporter,Unrelated,Satire,0.0
936,bengalbeats.com,2019-08-08T15:00:31+00:00,Miscellaneous,Reporter,Unrelated,Satire,0.0
937,channeldhaka.news,2019-04-24T23:02:34+00:00,Sports,Reporter,Related,Satire,0.0
938,motikontho.wordpress.com,2015-01-27T17:15:08+00:00,Miscellaneous,Reporter,Unrelated,Satire,0.0
939,channeldhaka.news,2018-06-10T01:27:15+00:00,Lifestyle,Reporter,Unrelated,Satire,0.0
940,bengalbeats.com,2019-04-02T20:30:12+00:00,Miscellaneous,Reporter,Unrelated,Satire,0.0
941,channeldhaka.news,2018-09-14T19:27:13+00:00,Miscellaneous,Reporter,Unrelated,Satire,0.0
942,motikontho.wordpress.com,2014-11-30T14:27:15+00:00,Miscellaneous,Reporter,Unrelated,Satire,0.0
943,motikontho.wordpress.com,2012-01-30T03:29:40+00:00,Miscellaneous,Reporter,Unrelated,Satire,0.0
944,channeldhaka.news,2019-06-18T10:52:30+00:00,Miscellaneous,Reporter,Unrelated,Satire,0.0
945,gonews24.com,1566588292,Entertainment,জিনিউজ,Unrelated,Clickbaits,0.0
946,channeldhaka.news,2019-02-25T22:50:51+00:00,International,Reporter,Related,Satire,0.0
947,bengalbeats.com,2019-04-08T22:53:17+00:00,Miscellaneous,Reporter,Unrelated,Satire,0.0
948,motikontho.wordpress.com,2012-03-07T10:16:48+00:00,Miscellaneous,Reporter,Unrelated,Satire,0.0
949,earki.com,"েম্বর ২৭, ২০১৮ ",Politics,Reporter,Unrelated,Satire,0.0
950,bengalbeats.com,2019-01-29T16:17:30+00:00,National,Reporter,Unrelated,Satire,0.0
951,channeldhaka.news,2019-03-02T20:47:40+00:00,Miscellaneous,Reporter,Unrelated,Satire,0.0
952,banglatribune.com,2018-03-19 09:58:00,Politics,দ্য স্ট্যাটিসটিক্স,related,Fake,0.0
953,bengalbeats.com,2019-04-16T20:05:35+00:00,Miscellaneous,Reporter,Unrelated,Satire,0.0
954,earki.com,"১৭:৫৫, জানুয়ারি ২৩, ২০১৯ ",Entertainment,Reporter,Related,Satire,0.0
955,banglanews24.com,2017-08-24T16:56:59+00:00,Sports,Reporter,Unrelated,Clickbaits,0.0
956,channeldhaka.news,2019-01-10T03:20:35+00:00,Lifestyle,Reporter,Unrelated,Satire,0.0
957,bd-pratidin.com,2018-01-14 13:18:00,Lifestyle,reporter,related,Fake,0.0
958,bd24report.com,2019-08-21 20:12:20,Politics,reporter,related,Fake,0.0
959,channeldhaka.news,2017-12-18T12:31:58+00:00,Miscellaneous,Reporter,Unrelated,Satire,0.0
960,motikontho.wordpress.com,2014-03-28T09:00:59+00:00,Miscellaneous,Reporter,Unrelated,Satire,0.0
961,earki.com,"সেম্বর ২৫, ২০১৮ ",Miscellaneous,Reporter,Related,Satire,0.0
962,channeldhaka.news,2019-02-20T21:46:02+00:00,Miscellaneous,Reporter,Unrelated,Satire,0.0
963,earki.com,"২১:৩১, ফেব্রুয়ারি ০৬, ২০১৯ ",Miscellaneous,Reporter,Unrelated,Satire,0.0
964,motikontho.wordpress.com,2011-05-29T15:01:18+00:00,Politics,Reporter,Unrelated,Satire,0.0
965,motikontho.wordpress.com,2015-11-22T17:25:17+00:00,Miscellaneous,Reporter,Unrelated,Satire,0.0
966,Prothombarta.news,2018-08-13T06:50:55+00:00,International,US space scientist Ethan Siegel,Related,Satire,0.0
967,channeldhaka.news,2019-02-09T23:11:15+00:00,International,ডন,Unrelated,Satire,0.0
968,earki.com,"েম্বর ১১, ২০১৮ ",Miscellaneous,Reporter,Unrelated,Satire,0.0
969,motikontho.wordpress.com,2012-12-30T16:15:22+00:00,Miscellaneous,Reporter,Unrelated,Satire,0.0
970,motikontho.wordpress.com,2013-09-21T21:58:28+00:00,National,দি ডেলি টেলি গ্রাফ,Unrelated,Satire,0.0
971,channeldhaka.news,2018-09-17T17:40:00+00:00,Technology,Reporter,Unrelated,Satire,0.0
972,channeldhaka.news,2018-04-04T13:32:41+00:00,Crime,Reporter,Unrelated,Satire,0.0
973,earki.com,"েম্বর ২৫, ২০১৮ ",National,Journalist,Related,Satire,0.0
974,channeldhaka.news,2019-03-18T19:21:32+00:00,Politics,Reporter,Related,Satire,0.0
975,motikontho.wordpress.com,2011-06-22T06:14:00+00:00,Miscellaneous,Reporter,Unrelated,Satire,0.0
976,bengalbeats.com,2019-04-23T20:05:32+00:00,Miscellaneous,Reporter,Unrelated,Satire,0.0
977,motikontho.wordpress.com,2012-02-26T01:13:36+00:00,Politics,Reporter,Related,Satire,0.0
978,earki.com,"১৫:৩৩, ফেব্রুয়ারি ০৪, ২০১৯ ",Miscellaneous,Reporter,Unrelated,Satire,0.0
979,earki.com,"সেম্বর ১৮, ২০১৮ ",Miscellaneous,Reporter,Unrelated,Satire,0.0
980,motikontho.wordpress.com,2014-12-21T20:35:34+00:00,Miscellaneous,Reporter,Unrelated,Satire,0.0
981,earki.com,"২০:৩৬, জানুয়ারি ১৮, ২০১৯ ",Miscellaneous,Reporter,Unrelated,Satire,0.0
982,channeldhaka.news,2018-07-18T11:16:39+00:00,Education,Reporter,Unrelated,Satire,0.0
983,channeldhaka.news,2017-08-23T16:22:04+00:00,International,Reporter,Related,Satire,0.0
984,channeldhaka.news,2019-02-10T01:23:57+00:00,International,বিবিসির ভিয়েতনাম সার্ভিসের সাংবাদিক ,Related,Satire,0.0
985,earki.com,"২০:৩৭, জানুয়ারি ২৯, ২০১৯ ",Miscellaneous,Reporter,Unrelated,Satire,0.0
986,lastnewsbd.com,2018-10-04T09:14:32Z,Miscellaneous,Reporter,Unrelated,Clickbaits,0.0
987,motikontho.wordpress.com,2013-11-30T15:30:19+00:00,Miscellaneous,Reporter,Unrelated,Satire,0.0
988,motikontho.wordpress.com,2015-11-19T17:30:36+00:00,Miscellaneous,Reporter,Unrelated,Satire,0.0
989,motikontho.wordpress.com,2014-01-29T15:14:35+00:00,Miscellaneous,Reporter,Unrelated,Satire,0.0
990,bn.bdcrictime.com,2017-07-12 02:47:00,Sports,দৈনিক ডেইলি স্টার,related,Fake,0.0
991,channeldhaka.news,2019-05-12T15:08:39+00:00,Sports,Reporter,Unrelated,Satire,0.0
992,motikontho.wordpress.com,2012-03-29T13:14:36+00:00,Miscellaneous,Reporter,Unrelated,Satire,0.0
993,motikontho.wordpress.com,2012-08-27T04:14:15+00:00,Miscellaneous,Reporter,Unrelated,Satire,0.0
994,earki.com,"েম্বর ২৫, ২০১৮ ",Miscellaneous,Reporter,Unrelated,Satire,0.0
995,earki.com,"েম্বর ২৯, ২০১৮ ",Miscellaneous,Reporter,Unrelated,Satire,0.0
996,bengalbeats.com,2019-04-02T20:26:45+00:00,Lifestyle,Reporter,Unrelated,Satire,0.0
997,earki.com,"্টোবর ২৫, ২০১৮ ",Miscellaneous,Reporter,Related,Satire,0.0
998,bengalbeats.com,2019-03-11T15:28:37+00:00,Lifestyle,Reporter,Unrelated,Satire,0.0
999,channeldhaka.news,2018-08-08T10:30:56+00:00,Lifestyle,সেন্ট্রাল কুইনসল্যান্ড ইউনিভারসিটি,Unrelated,Satire,0.0
1000,bengalbeats.com,2019-06-06T17:57:11+00:00,Lifestyle,Reporter,Unrelated,Satire,0.0
1001,bengalbeats.com,2019-05-27T20:31:00+00:00,Miscellaneous,Reporter,Unrelated,Satire,0.0
1002,earki.com,"সেম্বর ২০, ২০১৮ ",Politics,Reporter,Unrelated,Satire,0.0
1003,earki.com,"সেম্বর ১৩, ২০১৮ ",Politics,Reporter,Unrelated,Satire,0.0
1004,channeldhaka.news,2017-08-24T23:06:15+00:00,Entertainment,Reporter,Unrelated,Satire,0.0
1005,channeldhaka.news,2018-07-03T12:00:36+00:00,Lifestyle,Reporter,Related,Satire,0.0
1006,bengalbeats.com,2019-06-19T17:01:22+00:00,Sports,Reporter,Unrelated,Satire,0.0
1007,channeldhaka.news,2018-10-10T11:55:37+00:00,Entertainment,Reporter,Unrelated,Satire,0.0
1008,earki.com,"২২:১৭, জানুয়ারি ০৭, ২০১৯ ",Miscellaneous,Reporter,Unrelated,Satire,0.0
1009,earki.com,2019-03-14T02:33:32+00:00,Education,Reporter,Unrelated,Satire,0.0
1010,prothombhor.net,2019-07-30 20:50:05,Sports,reporter,related,Fake,0.0
1011,channeldhaka.news,2019-04-05T04:21:11+00:00,Lifestyle,Reporter,Related,Satire,0.0
1012,channeldhaka.news,2019-05-04T19:59:48+00:00,Miscellaneous,Reporter,Unrelated,Satire,0.0
1013,motikontho.wordpress.com,2013-01-30T14:00:03+00:00,Miscellaneous,Reporter,Unrelated,Satire,0.0
1014,channeldhaka.news,2019-02-05T23:12:56+00:00,Miscellaneous,Reporter,Unrelated,Satire,0.0
1015,motikontho.wordpress.com,2014-09-17T15:21:04+00:00,Miscellaneous,Reporter,Unrelated,Satire,0.0
1016,banglainsider.com,2019-10-12 20:15:10,National,reporter,related,Fake,0.0
1017,channeldhaka.news,2019-02-09T18:45:09+00:00,Lifestyle,Reporter,Related,Satire,0.0
1018,bengalbeats.com,2019-03-22T14:03:07+00:00,Miscellaneous,Reporter,Unrelated,Satire,0.0
1019,channeldhaka.news,2018-08-19T20:20:54+00:00,Education,Reporter,Unrelated,Satire,0.0
1020,sarcasmnews.fun,2018-10-05T09:30:32+00:00,Lifestyle,Reporter,Unrelated,Satire,0.0
1021,channeldhaka.news,2019-02-27T16:59:50+00:00,International,Reporter,Related,Satire,0.0
1022,channeldhaka.news,2019-02-11T20:26:48+00:00,Technology,Reporter,Unrelated,Satire,0.0
1023,motikontho.wordpress.com,2014-08-31T11:30:11+00:00,Miscellaneous,Reporter,Unrelated,Satire,0.0
1024,motikontho.wordpress.com,2012-10-28T21:36:22+00:00,Miscellaneous,Reporter,Unrelated,Satire,0.0
1025,channeldhaka.news,2018-11-15T14:12:02+00:00,Politics,Reporter,Unrelated,Satire,0.0
1026,bengaliviralnews.com,2019-03-23T13:58:11+00:00,Miscellaneous,Reporter,Unrelated,Clickbaits,0.0
1027,channeldhaka.news,2018-07-05T06:57:18+00:00,Crime,রাজবাড়ীর পুলিশ সুপার ,Related,Satire,0.0
1029,bengalbeats.com,2019-07-18T17:53:04+00:00,Miscellaneous,Reporter,Unrelated,Satire,0.0
1030,bengalbeats.com,2019-04-08T21:18:04+00:00,Miscellaneous,Reporter,Unrelated,Satire,0.0
1031,channeldhaka.news,2018-10-05T13:24:36+00:00,Miscellaneous,Reporter,Unrelated,Satire,0.0
1032,channeldhaka.news,2019-02-07T17:19:34+00:00,Miscellaneous,Reporter,Unrelated,Satire,0.0
1033,bengalbeats.com,2018-06-30T07:18:58+00:00,Lifestyle,Reporter,Unrelated,Satire,0.0
1034,earki.com,"সেম্বর ২৬, ২০১৮ ",Politics,Reporter,Unrelated,Satire,0.0
1035,earki.com,"১৯:২৩, জানুয়ারি ১৪, ২০১৯ ",Miscellaneous,Reporter,Unrelated,Satire,0.0
1036,timesbangla.in,2018-03-24 20:14:10,International,তুর্কি সংবাদ মাধ্যম সিয়াসাত,related,Fake,0.0
1037,bengalbeats.com,2019-03-31T10:30:41+00:00,Lifestyle,Reporter,Unrelated,Satire,0.0
1038,channeldhaka.news,2018-11-26T18:49:09+00:00,Education,Reporter,Unrelated,Satire,0.0
1039,bengalbeats.com,2019-06-16T14:58:09+00:00,Miscellaneous,Reporter,Unrelated,Satire,0.0
1040,bengalbeats.com,2019-03-27T23:01:27+00:00,Miscellaneous,Reporter,Unrelated,Satire,0.0
1041,channeldhaka.news,2018-12-23T01:38:31+00:00,Entertainment,Reporter,Unrelated,Satire,0.0
1042,bengalbeats.com,2019-06-01T20:00:49+00:00,National,কর্তৃপক্ষের একজন,Unrelated,Satire,0.0
1043,bengalbeats.com,2019-02-12T21:00:00+00:00,Miscellaneous,Reporter,Unrelated,Satire,0.0
1044,bengaliviralnews.com,2019-03-23T08:35:31+00:00,Miscellaneous,Reporter,Unrelated,Clickbaits,0.0
1045,channeldhaka.news,2018-09-14T06:05:06+00:00,International,দ্য সান,Unrelated,Satire,0.0
1046,earki.com,"১৭:০১, জানুয়ারি ২৬, ২০১৯ ",Entertainment,Reporter,Unrelated,Satire,0.0
1047,channeldhaka.news,2019-04-19T17:53:24+00:00,Miscellaneous,Reporter,Unrelated,Satire,0.0
1048,channeldhaka.news,2018-06-30T17:09:21+00:00,Miscellaneous,Reporter,Unrelated,Satire,0.0
1049,earki.com,"১৯:৪৯, অক্টোবর ১৭, ২০১৮ ",Miscellaneous,Reporter,Unrelated,Satire,0.0
1050,channeldhaka.news,2018-06-04T00:05:25+00:00,Lifestyle,Reporter,Unrelated,Satire,0.0
1051,earki.com,"২০:৩৪, জানুয়ারি ২২, ২০১৯ ",Miscellaneous,Reporter,Unrelated,Satire,0.0
1052,channeldhaka.news,2019-02-16T12:59:23+00:00,Miscellaneous,Reporter,Unrelated,Satire,0.0
1053,motikontho.wordpress.com,2012-07-05T15:20:28+00:00,Miscellaneous,Reporter,Unrelated,Satire,0.0
1054,earki.com,"েম্বর ২০, ২০১৮ ",Miscellaneous,Reporter,Unrelated,Satire,0.0
1055,earki.com,"সেম্বর ১৮, ২০১৮ ",Politics,Reporter,Related,Satire,0.0
1056,bengaliviralnews.com,2018-01-21T08:12:41+00:00,Miscellaneous,Reporter,Unrelated,Clickbaits,0.0
1057,channeldhaka.news,2019-02-20T21:46:02+00:00,Miscellaneous,Reporter,Unrelated,Satire,0.0
1058,motikontho.wordpress.com,2011-07-29T04:47:04+00:00,Miscellaneous,Reporter,Unrelated,Satire,0.0
1059,bengaliviralnews.com,2019-06-11T08:57:29+00:00,International,Reporter,Unrelated,Clickbaits,0.0
1060,channeldhaka.news,2018-09-22T10:42:55+00:00,Education,ছাত্রলীগের কেন্দ্রীয় নির্বাহী সংসদের সাবেক সহ-সভাপতি ,Unrelated,Satire,0.0
1061,channeldhaka.news,2019-01-20T21:06:31+00:00,International,Reporter,Unrelated,Satire,0.0
1062,bengalbeats.com,2019-08-08T18:31:07+00:00,Miscellaneous,Reporter,Unrelated,Satire,0.0
1063,earki.com,"১৮:২৭, জানুয়ারি ২২, ২০১৯ ",International,Reporter,Unrelated,Satire,0.0
1064,channeldhaka.news,2018-10-08T07:27:01+00:00,Miscellaneous,Reporter,Unrelated,Satire,0.0
1065,bengalbeats.com,2019-04-24T17:44:07+00:00,Miscellaneous,Reporter,Unrelated,Satire,0.0
1066,channeldhaka.news,2019-02-06T21:03:32+00:00,Entertainment,Reporter,Unrelated,Satire,0.0
1067,channeldhaka.news,2019-05-04T19:39:43+00:00,Miscellaneous,Reporter,Unrelated,Satire,0.0
1068,somoyerkonthosor.com,2018-09-30T16:47:44+00:00,Miscellaneous,Reporter,Unrelated,Clickbaits,0.0
1069,motikontho.wordpress.com,2014-09-20T14:42:06+00:00,Miscellaneous,Reporter,Unrelated,Satire,0.0
1070,channeldhaka.news,2018-07-12T17:20:32+00:00,Entertainment,জয়া আহসান,Related,Satire,0.0
1071,earki.com,"েম্বর ২৭, ২০১৮ ",Politics,জাতীয় পার্টির একজন কর্মী ,Unrelated,Satire,0.0
1072,motikontho.wordpress.com,2014-06-25T15:16:27+00:00,Sports,Reporter,Unrelated,Satire,0.0
1073,bengalbeats.com,2018-10-28T11:48:57+00:00,National,Reporter,Unrelated,Satire,0.0
1074,channeldhaka.news,2018-10-08T13:27:01+00:00,Entertainment,Reporter,Unrelated,Satire,0.0
1075,motikontho.wordpress.com,2013-04-25T23:52:19+00:00,Politics,Reporter,Unrelated,Satire,0.0
1076,bengaliviralnews.com,2019-03-18T16:45:09+00:00,Lifestyle,Reporter,Unrelated,Clickbaits,0.0
1077,motikontho.wordpress.com,2013-06-28T13:20:29+00:00,Miscellaneous,Reporter,Unrelated,Satire,0.0
1078,channeldhaka.news,2018-10-27T12:00:52+00:00,International,Reporter,Related,Satire,0.0
1079,bangladeshbani24.com,2017-08-24 16:56:59+00:00,Lifestyle,Reporter,Unrelated,Fake,0.0
1080,bengaliviralnews.com,2018-05-29T07:56:25+00:00,Miscellaneous,Reporter,Unrelated,Clickbaits,0.0
1081,sarcasmnews.fun,2018-10-07T17:08:56+00:00,Lifestyle,Reporter,Unrelated,Satire,0.0
1082,bengalbeats.com,2019-04-11T13:50:36+00:00,Entertainment,Reporter,Unrelated,Satire,0.0
1083,motikontho.wordpress.com,2011-12-27T13:13:05+00:00,Miscellaneous,Reporter,Unrelated,Satire,0.0
1084,motikontho.wordpress.com,2012-12-31T15:04:58+00:00,Miscellaneous,Reporter,Unrelated,Satire,0.0
1085,bengalbeats.com,2019-03-14T15:27:37+00:00,Miscellaneous,Reporter,Unrelated,Satire,0.0
1086,channeldhaka.news,2018-09-13T10:08:14+00:00,Entertainment,Reporter,Related,Satire,0.0
1087,channeldhaka.news,2019-05-23T13:57:47+00:00,Miscellaneous,Reporter,Unrelated,Satire,0.0
1088,channeldhaka.news,2019-04-12T17:35:05+00:00,Miscellaneous,Reporter,Unrelated,Satire,0.0
1089,bengaliviralnews.com,2019-05-27T08:07:44+00:00,Miscellaneous,Reporter,Unrelated,Clickbaits,0.0
1090,motikontho.wordpress.com,2014-11-01T11:41:18+00:00,Miscellaneous,Reporter,Unrelated,Satire,0.0
1091,earki.com,"২০:৫১, জানুয়ারি ২৫, ২০১৯ ",Miscellaneous,Reporter,Unrelated,Satire,0.0
1092,gonews24.com,2019-03-31T21:34:43+00:00,International,নিউ ইয়র্ক টাইমস,Unrelated,Clickbaits,0.0
1093,motikontho.wordpress.com,2013-04-29T03:10:34+00:00,Miscellaneous,Reporter,Unrelated,Satire,0.0
1094,channeldhaka.news,2019-05-22T19:32:02+00:00,Miscellaneous,Reporter,Unrelated,Satire,0.0
1095,earki.com,"১৯:৪৮, জানুয়ারি ২৭, ২০১৯ ",Miscellaneous,Reporter,Related,Satire,0.0
1096,bangla.24livenewspaper.com,2018-03-20 15:41:36,National,স্বরাষ্ট্রমন্ত্রী,related,Fake,0.0
1097,earki.com,2019-03-14T02:33:32+00:00,Lifestyle,Reporter,Unrelated,Satire,0.0
1098,earki.com,"সেম্বর ০৮, ২০১৮ ",Miscellaneous,Reporter,Unrelated,Satire,0.0
1099,earki.com,"১৮:৪৭, জানুয়ারি ২০, ২০১৯ ",Miscellaneous,Reporter,Unrelated,Satire,0.0
1100,bd24live.com,2019-10-12 22:58:22,National,reporter,related,Fake,0.0
1101,motikontho.wordpress.com,2013-08-30T18:29:35+00:00,Miscellaneous,Reporter,Unrelated,Satire,0.0
1102,earki.com,"১৯:১২, জানুয়ারি ১৬, ২০১৯ ",Miscellaneous,Reporter,Unrelated,Satire,0.0
1103,channeldhaka.news,2018-09-13T06:04:58+00:00,National,তথ্য প্রতিমন্ত্রীর জনসংযোগ কর্মকর্তা,Related,Satire,0.0
1104,motikontho.wordpress.com,2013-01-31T06:40:30+00:00,Miscellaneous,Reporter,Unrelated,Satire,0.0
1105,channeldhaka.news,2019-04-18T21:28:31+00:00,Miscellaneous,Reporter,Unrelated,Satire,0.0
1106,dailyinqilab.com,2016-11-2 12:00:00,International,reporter,related,Fake,0.0
1107,channeldhaka.news,2018-06-08T20:48:23+00:00,Lifestyle,Reporter,Unrelated,Satire,0.0
1108,channeldhaka.news,2018-08-31T12:00:56+00:00,International,Reporter,Unrelated,Satire,0.0
1109,bengalbeats.com,2018-07-10T04:59:33+00:00,Lifestyle,Reporter,Related,Satire,0.0
1110,motikontho.wordpress.com,2014-12-18T13:34:40+00:00,Miscellaneous,Reporter,Unrelated,Satire,0.0
1111,channeldhaka.news,2019-02-27T16:59:50+00:00,International,Indiatimes,Related,Satire,0.0
1112,channeldhaka.news,2018-07-25T21:51:22+00:00,Miscellaneous,Reporter,Unrelated,Satire,0.0
1113,earki.com,"সেম্বর ২৯, ২০১৮ ",Entertainment,Journalist,Unrelated,Satire,0.0
1114,news.zoombangla.com,2018-10-02T19:09:18+00:00,Crime,"ধামরাই থানা পুলিশের ভারপ্রাপ্ত কর্মকর্তা (ওসি), উপজেলা নির্বাহী কর্মকর্তা ",Unrelated,Clickbaits,0.0
1115,bengalbeats.com,2019-03-10T21:11:08+00:00,Miscellaneous,Reporter,Unrelated,Satire,0.0
1116,motikontho.wordpress.com,2014-11-28T13:03:55+00:00,Miscellaneous,Reporter,Unrelated,Satire,0.0
1117,channeldhaka.news,2019-02-10T01:23:57+00:00,International,Reporter,Unrelated,Satire,0.0
1118,channeldhaka.news,2018-07-05T12:03:53+00:00,Sports,Reporter,Unrelated,Satire,0.0
1119,channeldhaka.news,2018-11-02T08:51:44+00:00,Entertainment,Reporter,Related,Satire,0.0
1120,channeldhaka.news,2019-02-10T15:39:24+00:00,Politics,Reporter,Unrelated,Satire,0.0
1121,sarcasmnews.fun,2018-10-24T10:36:45+00:00,Miscellaneous,Reporter,Unrelated,Satire,0.0
1122,channeldhaka.news,2018-09-15T18:03:44+00:00,Miscellaneous,Reporter,Unrelated,Satire,0.0
1123,channeldhaka.news,2019-05-07T13:53:12+00:00,Miscellaneous,Reporter,Unrelated,Satire,0.0
1124,earki.com,"্টোবর ২৬, ২০১৮ ",Miscellaneous,Reporter,Unrelated,Satire,0.0
1125,earki.com,"সেম্বর ১৮, ২০১৮ ",Miscellaneous,Reporter,Unrelated,Satire,0.0
1126,channeldhaka.news,2019-04-21T17:18:52+00:00,Miscellaneous,Reporter,Unrelated,Satire,0.0
1127,channeldhaka.news,2019-05-03T09:57:12+00:00,National,Reporter,Unrelated,Satire,0.0
1128,earki.com,"১৫:৩২, জানুয়ারি ২৬, ২০১৯ ",Education,Reporter,Unrelated,Satire,0.0
1129,earki.com,2019-03-14T02:33:32+00:00,Entertainment,Reporter,Unrelated,Satire,0.0
1130,bengaliviralnews.com,2019-03-16T05:20:44+00:00,Technology,Reporter,Related,Clickbaits,0.0
1131,bengalbeats.com,2019-04-13T18:32:14+00:00,National,Reporter,Related,Satire,0.0
1132,bengalbeats.com,2019-05-11T17:30:53+00:00,Miscellaneous,Reporter,Unrelated,Satire,0.0
1133,gonews24.com,2017-1-13 01:29:00,Lifestyle,Reporter,Unrelated,Fake,0.0
1135,earki.com,"সেম্বর ০১, ২০১৮ ",Politics,Reporter,Unrelated,Satire,0.0
1136,motikontho.wordpress.com,2013-05-30T12:52:03+00:00,Miscellaneous,Reporter,Unrelated,Satire,0.0
1137,channeldhaka.news,2019-04-29T15:22:05+00:00,Miscellaneous,Reporter,Unrelated,Satire,0.0
1138,channeldhaka.news,2017-11-17T17:02:38+00:00,Miscellaneous,Reporter,Unrelated,Satire,0.0
1139,jagonews24.com,2019-10-12 20:14:10,National,reporter,related,Fake,0.0
1140,channeldhaka.news,2017-08-23T06:30:45+00:00,Entertainment,Reporter,Related,Satire,0.0
1141,earki.com,"সেম্বর ২০, ২০১৮ ",Miscellaneous,Reporter,Unrelated,Satire,0.0
1142,earki.com,"২০:১২, জানুয়ারি ২১, ২০১৯ ",Lifestyle,Reporter,Related,Satire,0.0
1143,priyo.com,2018-08-20 23:32:00,Lifestyle,reporter,related,Fake,0.0
1144,earki.com,"সেম্বর ২০, ২০১৮ ",Miscellaneous,Reporter,Unrelated,Satire,0.0
1145,earki.com,"১৪:১৫, ফেব্রুয়ারি ০৩, ২০১৯ ",Sports,Reporter,Related,Satire,0.0
1146,motikontho.wordpress.com,2015-01-29T15:47:02+00:00,Miscellaneous,Reporter,Unrelated,Satire,0.0
1147,bengalbeats.com,2019-02-09T21:16:41+00:00,Miscellaneous,Reporter,Unrelated,Satire,0.0
1148,channeldhaka.news,2019-01-12T13:17:53+00:00,Lifestyle,গবেষক,Related,Satire,0.0
1149,channeldhaka.news,2018-01-26T10:57:54+00:00,Lifestyle,Reporter,Unrelated,Satire,0.0
1150,earki.com,"১৬:২৪, জানুয়ারি ২২, ২০১৯ ",Miscellaneous,Reporter,Related,Satire,0.0
1151,channeldhaka.news,2019-05-24T18:24:42+00:00,Crime,Reporter,Unrelated,Satire,0.0
1152,channeldhaka.news,2019-05-23T14:32:26+00:00,Miscellaneous,Reporter,Related,Satire,0.0
1153,bengaliviralnews.com,2018-01-05T15:52:49+00:00,Miscellaneous,Reporter,Unrelated,Clickbaits,0.0
1154,bengalbeats.com,2019-03-06T17:20:45+00:00,Miscellaneous,Reporter,Unrelated,Satire,0.0
1155,bengalbeats.com,2019-01-16T19:53:13+00:00,Miscellaneous,Reporter,Unrelated,Satire,0.0
1156,motikontho.wordpress.com,2014-12-22T20:35:19+00:00,Miscellaneous,Reporter,Unrelated,Satire,0.0
1157,motikontho.wordpress.com,2011-08-25T14:58:47+00:00,Miscellaneous,Reporter,Unrelated,Satire,0.0
1158,earki.com,"১৬:২৫, অক্টোবর ২৫, ২০১৮ ",Education,Reporter,Related,Satire,0.0
1159,bengalbeats.com,2019-07-04T14:14:03+00:00,Sports,Reporter,Unrelated,Satire,0.0
1161,earki.com,"১৮:২৮, জানুয়ারি ৩০, ২০১৯ ",Miscellaneous,Reporter,Unrelated,Satire,0.0
1162,earki.com,"২০:১৫, জানুয়ারি ৩০, ২০১৯ ",National,Reporter,Related,Satire,0.0
1163,channeldhaka.news,2018-07-28T22:12:20+00:00,Lifestyle,Reporter,Related,Satire,0.0
1164,channeldhaka.news,2018-08-07T10:12:26+00:00,Politics,Reporter,Unrelated,Satire,0.0
1165,channeldhaka.news,2018-07-27T19:42:02+00:00,Miscellaneous,Reporter,Related,Satire,0.0
1166,bengalbeats.com,2019-07-15T17:03:58+00:00,Miscellaneous,Reporter,Unrelated,Satire,0.0
1167,channeldhaka.news,2018-08-10T15:45:37+00:00,Miscellaneous,Reporter,Unrelated,Satire,0.0
1168,bengalbeats.com,2019-07-20T14:15:26+00:00,National,Reporter,Unrelated,Satire,0.0
1169,channeldhaka.news,2019-02-07T17:19:34+00:00,Crime,Reporter,Unrelated,Satire,0.0
1170,earki.com,"২১:১৭, জানুয়ারি ২১, ২০১৯ ",National,Journalist,Related,Satire,0.0
1171,channeldhaka.news,2019-02-20T21:05:36+00:00,Miscellaneous,Reporter,Unrelated,Satire,0.0
1172,channeldhaka.news,2019-01-06T12:34:41+00:00,Technology,Reporter,Unrelated,Satire,0.0
1173,earki.com,"সেম্বর ০৬, ২০১৮ ",Politics,Reporter,Related,Satire,0.0
1174,earki.com,"েম্বর ১৪, ২০১৮ ",Miscellaneous,Reporter,Unrelated,Satire,0.0
1175,earki.com,2019-03-14T02:33:32+00:00,Miscellaneous,Reporter,Unrelated,Satire,0.0
1176,earki.com,"্টোবর ২৫, ২০১৮ ",Miscellaneous,Reporter,Unrelated,Satire,0.0
1177,motikontho.wordpress.com,2014-10-29T12:17:40+00:00,National,"No Trusted Source Found ,Reporter",Unrelated,Satire,0.0
1178,motikontho.wordpress.com,2013-03-30T04:23:40+00:00,Politics,Reporter,Related,Satire,0.0
1179,channeldhaka.news,2018-09-13T09:37:29+00:00,Lifestyle,India Times,Related,Satire,0.0
1180,motikontho.wordpress.com,2015-12-08T20:30:21+00:00,Miscellaneous,Reporter,Unrelated,Satire,0.0
1181,channeldhaka.news,2018-11-15T14:15:16+00:00,National,"No Trusted Source Found ,Reporter",Unrelated,Satire,0.0
1182,protissobi.com,2018-03-21 08:23:42,National,স্বরাষ্ট্রমন্ত্রী,related,Fake,0.0
1183,bengalbeats.com,2019-05-20T18:20:12+00:00,Miscellaneous,Reporter,Unrelated,Satire,0.0
1184,earki.com,"১৬:০৮, জানুয়ারি ০১, ২০১৯ ",Entertainment,Reporter,Unrelated,Satire,0.0
1185,channeldhaka.news,2019-03-16T12:45:06+00:00,Lifestyle,Reporter,Unrelated,Satire,0.0
1186,channeldhaka.news,2018-10-24T13:54:59+00:00,International,Reporter,Unrelated,Satire,0.0
1187,dailynayadiganta.com,2018-09-12 20:12:24,National,reporter,related,Fake,0.0
1188,channeldhaka.news,2019-02-06T21:02:18+00:00,Entertainment,Reporter,Unrelated,Satire,0.0
1189,channeldhaka.news,2018-04-04T19:32:41+00:00,Crime,Reporter,Unrelated,Satire,0.0
1190,channeldhaka.news,2017-09-22T15:15:23+00:00,International,"অক্সফোর্ড ট্রপিক্যাল মেডিসিন রিসার্চ ইউনিটের একটি দল,দাতব্য চিকিৎসা গবেষণা প্রতিষ্ঠান ওয়েলকাম ট্রাস্ট",Related,Satire,0.0
1191,channeldhaka.news,2017-09-30T14:26:02+00:00,Entertainment,Reporter,Unrelated,Satire,0.0
1192,sarcasmnews.fun,2018-10-02T19:10:02+00:00,Miscellaneous,Reporter,Unrelated,Satire,0.0
1193,channeldhaka.news,2018-07-17T15:04:14+00:00,Entertainment,Reporter,Unrelated,Satire,0.0
1194,bn.banglafact.com,2017-07-01 17:58:00,International,reporter,related,Fake,0.0
1195,channeldhaka.news,2019-02-11T20:26:48+00:00,Lifestyle,Reporter,Unrelated,Satire,0.0
1196,earki.com,"১৭:০১, জানুয়ারি ০৩, ২০১৯ ",Education,Reporter,Related,Satire,0.0
1197,channeldhaka.news,2018-01-26T16:57:54+00:00,Lifestyle,Reporter,Unrelated,Satire,0.0
1198,channeldhaka.news,2018-06-03T18:05:25+00:00,Lifestyle,Reporter,Unrelated,Satire,0.0
1199,motikontho.wordpress.com,2013-03-28T22:25:53+00:00,Miscellaneous,Reporter,Unrelated,Satire,0.0
1200,earki.com,"১৯:৪৭, ফেব্রুয়ারি ০৭, ২০১৯ ",Entertainment,Reporter,Unrelated,Satire,0.0
1201,earki.com,"েম্বর ১৩, ২০১৮ ",Politics,Reporter,Unrelated,Satire,0.0
1202,earki.com,"২১:২৯, জানুয়ারি ১৮, ২০১৯ ",Politics,Reporter,Unrelated,Satire,0.0
1203,channeldhaka.news,2017-09-12T15:21:50+00:00,Entertainment,Reporter,Unrelated,Satire,0.0
1204,channeldhaka.news,2018-11-19T16:35:19+00:00,National,"No Trusted Source Found ,Reporter",Unrelated,Satire,0.0
1205,channeldhaka.news,2018-07-02T12:08:26+00:00,Sports,Reporter,Unrelated,Satire,0.0
1206,channeldhaka.news,2018-09-09T19:37:59+00:00,Entertainment,Reporter,Unrelated,Satire,0.0
1207,earki.com,৫ ঘন্টা ১২ মিনিট আগে,Miscellaneous,Reporter,Unrelated,Satire,0.0
1208,earki.com,"সেম্বর ২০, ২০১৮ ",Miscellaneous,Reporter,Unrelated,Satire,0.0
1209,channeldhaka.news,2018-05-23T07:44:47+00:00,Miscellaneous,Reporter,Unrelated,Satire,0.0
1210,bengalbeats.com,2019-05-18T19:07:55+00:00,Miscellaneous,Reporter,Unrelated,Satire,0.0
1211,channeldhaka.news,2019-03-04T20:49:50+00:00,Miscellaneous,Reporter,Unrelated,Satire,0.0
1212,channeldhaka.news,2017-08-22T19:18:22+00:00,Entertainment,Reporter,Unrelated,Satire,0.0
1213,snpsports24.com,2017-07-12 12:54:00,Sports,বিসিবি,related,Fake,0.0
1214,channeldhaka.news,2018-11-14T17:50:32+00:00,Politics,Reporter,Unrelated,Satire,0.0
1215,channeldhaka.news,2019-06-01T19:20:35+00:00,Sports,টুইটার,Related,Satire,0.0
1216,earki.com,"সেম্বর ২৪, ২০১৮ ",National,রোববার (২৩ ডিসেম্বর) জারি করা এক প্রজ্ঞাপন,Unrelated,Satire,0.0
1217,motikontho.wordpress.com,2012-12-31T02:58:55+00:00,Miscellaneous,Reporter,Unrelated,Satire,0.0
1218,channeldhaka.news,2019-03-02T01:59:31+00:00,Miscellaneous,Reporter,Unrelated,Satire,0.0
1219,earki.com,"১৬:৫২, জানুয়ারি ২০, ২০১৯ ",Miscellaneous,Reporter,Unrelated,Satire,0.0
1220,motikontho.wordpress.com,2015-11-18T19:04:42+00:00,Miscellaneous,Reporter,Unrelated,Satire,0.0
1221,channeldhaka.news,2019-04-29T23:52:58+00:00,Miscellaneous,Reporter,Unrelated,Satire,0.0
1222,motikontho.wordpress.com,2013-10-31T18:24:52+00:00,Miscellaneous,Reporter,Unrelated,Satire,0.0
1223,bengalbeats.com,2019-04-25T20:04:22+00:00,National,Reporter জনাব নাজমুল হক,Unrelated,Satire,0.0
1224,channeldhaka.news,2018-07-28T15:41:44+00:00,Miscellaneous,Reporter,Unrelated,Satire,0.0
1226,bengalbeats.com,2019-04-08T22:37:31+00:00,Entertainment,Reporter,Unrelated,Satire,0.0
1227,motikontho.wordpress.com,2011-12-29T07:39:36+00:00,Politics,Reporter,Unrelated,Satire,0.0
1228,earki.com,2019-03-14T02:33:32+00:00,Miscellaneous,Reporter,Unrelated,Satire,0.0
1229,earki.com,"সেম্বর ০৩, ২০১৮ ",Miscellaneous,Reporter,Unrelated,Satire,0.0
1230,channeldhaka.news,2018-11-12T09:20:55+00:00,Miscellaneous,Reporter,Unrelated,Satire,0.0
1231,earki.com,"েম্বর ২৫, ২০১৮ ",Politics,Reporter,Related,Satire,0.0
1232,motikontho.wordpress.com,2012-11-21T16:53:43+00:00,Miscellaneous,Reporter,Unrelated,Satire,0.0
1233,dailysatkhira.com,2017-07-03 07:11:00,International,reporter,related,Fake,0.0
1234,motikontho.wordpress.com,2014-03-27T18:13:39+00:00,Politics,Reporter,Unrelated,Satire,0.0
1235,earki.com,৪ ঘন্টা ৪০ মিনিট আগে,Politics,Reporter,Unrelated,Satire,0.0
1236,channeldhaka.news,2018-02-14T04:23:28+00:00,Miscellaneous,Reporter,Unrelated,Satire,0.0
1237,bengalbeats.com,2019-06-13T15:26:00+00:00,Sports,Reporter,Unrelated,Satire,0.0
1238,bengaliviralnews.com,2019-08-21 20:12:20,Miscellaneous,reporter,related,Fake,0.0
1239,earki.com,"২২:১৮, জানুয়ারি ২৫, ২০১৯ ",Miscellaneous,Reporter,Unrelated,Satire,0.0
1240,motikontho.wordpress.com,2013-06-30T15:38:27+00:00,Miscellaneous,Reporter,Unrelated,Satire,0.0
1241,channeldhaka.news,2019-02-16T20:51:06+00:00,International,Reporter,Unrelated,Satire,0.0
1242,channeldhaka.news,2018-09-14T19:08:41+00:00,National,Reporter,Unrelated,Satire,0.0
1243,earki.com,"সেম্বর ১৯, ২০১৮ ",Miscellaneous,Reporter,Unrelated,Satire,0.0
1244,earki.com,"সেম্বর ১২, ২০১৮ ",Miscellaneous,Reporter,Related,Satire,0.0
1245,channeldhaka.news,2019-05-28T12:58:26+00:00,Crime,"No Trusted Source Found ,Reporter",Related,Satire,0.0
1246,channeldhaka.news,2019-02-24T14:46:52+00:00,Miscellaneous,Reporter,Unrelated,Satire,0.0
1247,bengalbeats.com,2019-08-10T10:24:41+00:00,National,Reporter,Related,Satire,0.0
1248,dailysangram.com,2018-03-20 07:25:00,Politics,দ্য স্ট্যাটিসটিক্স,related,Fake,0.0
1249,earki.com,"১৪:৫২, জানুয়ারি ২৯, ২০১৯ ",Miscellaneous,Reporter,Unrelated,Satire,0.0
1250,earki.com,"২০:০৬, জানুয়ারি ২৮, ২০১৯ ",Miscellaneous,Reporter,Unrelated,Satire,0.0
1251,earki.com,"২০:৫০, জানুয়ারি ২৭, ২০১৯ ",Miscellaneous,Reporter,Unrelated,Satire,0.0
1252,prothombarta.news,2018-08-13T06:50:55+00:00,Miscellaneous,মার্কিন মহাকাশ বিজ্ঞানী ,Unrelated,Clickbaits,0.0
1253,bengaliviralnews.com,2018-02-08T18:01:06+00:00,Miscellaneous,Reporter,Unrelated,Clickbaits,0.0
1254,earki.com,"সেম্বর ২৫, ২০১৮ ",Miscellaneous,Reporter,Unrelated,Satire,0.0
1255,motikontho.wordpress.com,2013-12-30T14:49:24+00:00,Miscellaneous,Reporter,Unrelated,Satire,0.0
1256,channeldhaka.news,2017-09-04T14:06:22+00:00,Crime,Reporter,Unrelated,Satire,0.0
1257,channeldhaka.news,2019-04-24T14:52:14+00:00,Miscellaneous,Reporter,Unrelated,Satire,0.0
1258,motikontho.wordpress.com,2013-11-29T21:33:42+00:00,Miscellaneous,Reporter,Unrelated,Satire,0.0
1259,bengalbeats.com,2019-06-18T20:01:51+00:00,Sports,Reporter,Unrelated,Satire,0.0
1260,earki.com,"সেম্বর ১৮, ২০১৮ ",Politics,Reporter,Unrelated,Satire,0.0
1261,bengalbeats.com,2019-05-14T20:07:34+00:00,Lifestyle,Reporter,Unrelated,Satire,0.0
1262,bengalbeats.com,2019-08-08T18:23:16+00:00,Miscellaneous,Reporter,Unrelated,Satire,0.0
1263,bangla.dhakatribune.com,2019-10-12 20:14:10,National,reporter,related,Fake,0.0
1264,channeldhaka.news,2017-12-17T11:36:11+00:00,Lifestyle,Reporter,Unrelated,Satire,0.0
1265,channeldhaka.news,2019-05-07T19:41:45+00:00,Crime,Reporter,Unrelated,Satire,0.0
1266,channeldhaka.news,2019-04-01T14:16:23+00:00,Lifestyle,Reporter,Unrelated,Satire,0.0
1267,channeldhaka.news,2019-03-13T19:41:44+00:00,Miscellaneous,Reporter,Unrelated,Satire,0.0
1268,motikontho.wordpress.com,2013-11-30T16:54:19+00:00,Miscellaneous,Reporter,Unrelated,Satire,0.0
1269,bengalbeats.com,2019-03-04T18:03:45+00:00,Miscellaneous,Reporter,Unrelated,Satire,0.0
1270,motikontho.wordpress.com,2012-02-28T13:23:12+00:00,Miscellaneous,Reporter,Unrelated,Satire,0.0
1271,channeldhaka.news,2017-08-29T17:55:14+00:00,Entertainment,অভিনেতা ও পরিচালক,Unrelated,Satire,0.0
1272,motikontho.wordpress.com,2014-02-24T18:48:42+00:00,Miscellaneous,Reporter,Unrelated,Satire,0.0
1273,bengalbeats.com,2018-09-30T11:41:41+00:00,Lifestyle,Reporter,Unrelated,Satire,0.0
1274,bengalbeats.com,2019-05-18T13:51:11+00:00,Miscellaneous,Reporter,Unrelated,Satire,0.0
1275,channeldhaka.news,2018-09-18T19:15:38+00:00,Entertainment,Reporter,Unrelated,Satire,0.0
1276,bengaliviralnews.com,2019-06-08T15:12:05+00:00,Sports,Reporter,Unrelated,Clickbaits,0.0
1277,channeldhaka.news,2019-04-28T15:55:06+00:00,Lifestyle,Reporter,Unrelated,Satire,0.0
1278,earki.com,"সেম্বর ০১, ২০১৮ ",Miscellaneous,Reporter,Unrelated,Satire,0.0
1279,earki.com,"েম্বর ১৩, ২০১৮ ",Miscellaneous,Reporter,Unrelated,Satire,0.0
1280,channeldhaka.news,2018-11-02T09:27:42+00:00,Entertainment,Reporter,Related,Satire,0.0
1281,bengalbeats.com,2019-06-09T15:47:06+00:00,Entertainment,Reporter,Related,Satire,0.0
1282,bengalbeats.com,2019-04-23T22:11:20+00:00,Miscellaneous,Reporter,Unrelated,Satire,0.0
1283,earki.com,"সেম্বর ২২, ২০১৮ ",National,Reporter,Unrelated,Satire,0.0
1284,channeldhaka.news,2019-04-03T22:26:26+00:00,Crime,Reporter,Unrelated,Satire,0.0
1285,bengalbeats.com,2019-03-24T18:40:45+00:00,National,নিজস্ব প্রতিবেদক,Unrelated,Satire,0.0
1286,channeldhaka.news,2018-12-04T03:46:49+00:00,International,Reporter,Related,Satire,0.0
1287,notunshokal.com,2019-01-20 20:12:24,International,reporter,related,Fake,0.0
1288,bengalbeats.com,2019-02-25T18:39:28+00:00,Crime,Reporter,Unrelated,Satire,0.0
1289,motikontho.wordpress.com,2011-05-29T17:29:36+00:00,Politics,Reporter,Unrelated,Satire,0.0
1290,earki.com,"সেম্বর ১০, ২০১৮ ",Miscellaneous,Reporter,Unrelated,Satire,0.0
1291,earki.com,"সেম্বর ১২, ২০১৮ ",Miscellaneous,Reporter,Unrelated,Satire,0.0
1292,motikontho.wordpress.com,2012-05-26T11:51:03+00:00,Politics,Reporter,Unrelated,Satire,0.0
1293,bdhotnews.com,2017-06-12 02:06:00,Sports,reporter,related,Fake,0.0
1294,bengalbeats.com,2019-06-20T13:00:00+00:00,Miscellaneous,Reporter,Unrelated,Satire,0.0
1295,channeldhaka.news,2019-01-30T15:32:18+00:00,Miscellaneous,Reporter,Unrelated,Satire,0.0
1296,earki.com,"সেম্বর ২৫, ২০১৮ ",Politics,Reporter,Unrelated,Satire,0.0
1297,earki.com,"১৮:৩২, জানুয়ারি ২৪, ২০১৯ ",Entertainment,Reporter,Unrelated,Satire,0.0
1298,motikontho.wordpress.com,2014-06-24T18:29:25+00:00,Miscellaneous,Reporter,Unrelated,Satire,0.0
1299,earki.com,"েম্বর ২৫, ২০১৮ ",Miscellaneous,Reporter,Unrelated,Satire,0.0
1300,earki.com,"্টোবর ২৭, ২০১৮ ",Sports,Reporter,Related,Satire,0.0
1301,bengalbeats.com,2019-02-17T13:47:16+00:00,Miscellaneous,Reporter,Unrelated,Satire,0.0
1302,earki.com,"২০:২৩, জানুয়ারি ০৩, ২০১৯ ",Miscellaneous,Reporter,Related,Satire,0.0
1303,bengalbeats.com,2019-03-31T21:34:42+00:00,Miscellaneous,Reporter,Unrelated,Satire,0.0
1304,bengaliviralnews.com,2018-01-16T15:36:12+00:00,Miscellaneous,Reporter,Unrelated,Clickbaits,0.0
1305,channeldhaka.news,2018-12-03T18:09:08+00:00,Crime,ফেনী ফায়ার স্টেশনের ইনচার্জ ,Unrelated,Satire,0.0
1306,earki.com,"১৭:৩৬, জানুয়ারি ০৭, ২০১৯ ",Miscellaneous,Reporter,Related,Satire,0.0
1307,channeldhaka.news,2019-03-09T23:00:05+00:00,International,মুম্বাই বিমানবন্দর সূত্র ,Unrelated,Satire,0.0
